  home_odds_col	 draw_odds_col	 away_odds_col	result_col
  1.29 	 5.63 	 10.00 	1
  1.30 	 6.02 	 9.82 	1
  1.35 	 5.30 	 8.79 	0
  1.53   4.31    6.21  	0
  1.61  	4.03  	 5.62  	1
  1.94   	3.45  	 4.17 	0
  1.96   3.56  	 4.08  	2
  1.99 	 3.36  	 4.22 	1
  2.17 	 3.32  	 3.67 	0
  2.21  	 3.55 	 3.28  	0
  2.23  	 3.46  	 3.24  	0
  2.25  	 3.72   	 2.98  	2
  2.50  	 3.35  	 2.86 	2
  2.59 	 2.95 	 3.06 	0
  2.71 	 3.34 	 2.72 	1
  2.74 	 3.18 	 2.81  	2
  2.81  	 3.48  	 2.47  	1
  3.34 	 3.24 	 2.34 	2
  3.60  	 2.79 	 2.46 	0
  4.34 	 3.36 	 1.96 	2
  4.73  	 4.45  	 1.64  	2
  5.82  	 4.65  	 1.52  	2
  7.08 	 5.24 	 1.40 	2
  8.99  	 6.84  	 1.27  	2
 1.01 	 16.32 	 38.00 	1
 1.01 	 17.07 	 43.69 	1
 1.01 	 18.43 	 31.29 	1
 1.02 	 13.95 	 39.76 	1
 1.02 	 15.09 	 45.59 	1
 1.02 	 15.13 	 33.61 	1
 1.02 	 16.02 	 36.83 	1
 1.02 	 16.39 	 41.99 	1
 1.02 	 16.53 	 32.90 	1
 1.02 	 16.56 	 29.98 	0
 1.02  	 21.96  	 42.29  	1
 1.03	 19.90 	 37.56  	1
 1.03 	 12.70 	 35.06 	1
 1.03 	 12.99 	 36.11 	0
 1.03 	 13.02 	 35.03 	1
 1.03 	 13.79 	 43.55 	1
 1.03 	 14.64 	 46.31 	1
 1.03 	 16.16 	 37.98 	1
 1.03 	 16.54 	 39.77 	1
 1.03 	 18.58 	 41.85 	1
 1.03 	 20.20 	 47.19 	1
 1.03  	 14.80 	 27.50 	1
 1.04 	 11.50 	 23.98 	1
 1.04 	 11.76 	 27.33 	1
 1.04 	 11.89 	 35.27 	1
 1.04 	 12.22 	 28.81 	1
 1.04 	 12.39 	 32.97 	0
 1.04 	 12.89 	 31.52 	1
 1.04 	 13.09 	 29.17 	1
 1.04 	 13.72 	 32.93 	1
 1.04 	 14.60 	 26.77 	1
 1.04 	 14.70 	 27.16 	1
 1.04 	 15.20 	 33.51 	1
 1.04 	 16.12 	 39.64 	1
 1.04 	 16.23 	 36.27  	1
 1.05	 13.53 	 35.60 	1
 1.05 	 10.39 	 26.20 	1
 1.05 	 10.51 	 25.99 	1
 1.05 	 10.92 	 26.36 	1
 1.05 	 11.65 	 27.80 	1
 1.05 	 11.83 	 33.66 	1
 1.05 	 12.10 	 31.16 	1
 1.05 	 12.47 	 27.30 	1
 1.05 	 12.49 	 23.93 	1
 1.05 	 12.74 	 29.27 	1
 1.05 	 13.02 	 30.94 	1
 1.05 	 13.34 	 31.50 	1
 1.05 	 13.36 	36.55 	1
 1.05 	 14.13 	 37.79 	1
 1.05 	 14.57 	 31.28 	1
 1.05 	 15.99 	 39.20 	1
 1.05 	 17.54	 36.16 	1
 1.05  	 12.81 	 31.27 	1
 1.05  	 13.86  	 33.80  	1
 1.06 	 10.12 	 23.57 	1
 1.06 	 10.82 	 29.87 	1
 1.06 	 11.66 	 29.43 	1
 1.06 	 12.35 	 27.14 	1
 1.06 	 12.44 	 26.11 	1
 1.06 	 12.52 	 29.85 	1
 1.06 	 12.97 	 30.44	1
 1.06 	 13.35 	 32.81 	1
 1.06 	 13.42 	 25.96 	1
 1.06 	 13.60 	 34.33 	0
 1.06 	 14.66 	 29.61 	1
 1.06 	 14.71 	 29.30 	1
 1.06 	 14.74 	 36.08 	1
 1.06 	 15.70 	 30.69 	1
 1.06  	 10.94 	 20.80 	1
 1.06  	 14.87 	 29.70 	1
 1.06  	 15.11 	 33.93  	1
 1.07 	 10.38 	 20.23 	1
 1.07 	 10.38 	 21.55 	1
 1.07 	 11.10 	 19.27 	1
 1.07 	 11.11 	 29.82 	1
 1.07 	 11.27 	 26.87 	1
 1.07 	 11.73 	 30.56 	1
 1.07 	 11.73 	 30.56 	1
 1.07 	 12.46 	 32.34 	1
 1.07 	 12.49 	 28.27  	1
 1.07 	 12.64 	 29.31 	1
 1.07 	 13.31 	 27.80	1
 1.07 	 13.49 	 26.34 	1
 1.07 	 13.80 	 24.74 	1
 1.07 	 14.15  	 29.32  	1
 1.07 	 14.32 	 23.84 	1
 1.07 	 9.45 	 25.03 	0
 1.07 	 9.53 	 24.85 	1
 1.07 	 9.73 	 25.23  	2
 1.07 	 9.79 	 22.26 	1
 1.07  	 15.06 	 27.56  	1
 1.08 	 10.03 	 26.43 	1
 1.08 	 10.22 	 23.25 	1
 1.08 	 10.26 	 22.25 	1
 1.08 	 10.47 	 23.47 	2
 1.08 	 10.76 	 22.21 	1
 1.08 	 11.09	 28.55 	1
 1.08 	 11.32 	 24.26 	1
 1.08 	 11.32 	 22.90 	1
 1.08 	 11.37 	 22.06 	1
 1.08 	 11.73 	 26.64 	1
 1.08 	 11.74 	 24.69 	0
 1.08 	 11.91 	 24.19 	1
 1.08 	 11.96 	 23.34 	1
 1.08 	 12.22 	 27.78   	1
 1.08 	 12.56 	28.62 	1
 1.08 	 12.66 	 25.67 	1
 1.08 	 12.88 	 25.16 	1
 1.08 	 9.23 	 22.63 	1
 1.08 	 9.47 	 21.82 	1
 1.08 	 9.62 	 20.77 	1
 1.08 	 9.65 	 28.81 	1
 1.08 	 9.70 	 21.11 	1
 1.08 	 9.88 	 16.76 	1
 1.08  	 11.40  	 31.88  	1
 1.08  	 11.71  	 24.32  	0
 1.08  	 12.62  	 24.62  	1
 1.08  	 13.12 	 27.79  	1
 1.09 	 10.02  	 21.07 	0
 1.09 	 10.11 	 23.42 	1
 1.09 	 10.56 	 27.63 	1
 1.09 	 10.61 	 24.89 	1
 1.09 	 10.78 	 25.57 	1
 1.09 	 10.94 	 24.92 	1
 1.09 	 11.05 	 24.09 	1
 1.09 	 11.08 	 23.36 	1
 1.09 	 11.21 	 24.03 	0
 1.09 	 11.25 	 23.37 	1
 1.09 	 11.65 	 25.01 	1
 1.09 	 11.84 	 21.63 	1
 1.09 	 11.91 	 21.26 	1
 1.09 	 11.94 	 24.93 	1
 1.09 	 11.96 	 19.37 	1
 1.09 	 12.29 	 25.50 	1
 1.09 	 12.42 	 28.67  	0
 1.09 	 13.04	 24.65 	2
 1.09 	 8.91 	 19.09 	1
 1.09 	 8.97 	 20.74 	1
 1.09 	 9.62 	 21.78 	1
 1.09 	 9.77 	 22.65 	1
 1.09 	 9.82 	 25.21 	1
 1.09  	 11.07  	  25.01  	1
 1.09  	 9.51 	 19.98 	1
 1.09   	 10.77  	 24.53  	1
 1.10 	 10.16 	 24.95 	1
 1.10 	 10.62 	 21.85 	1
 1.10 	 10.93 	 20.61 	0
 1.10 	 11.02 	 22.72 	1
 1.10 	 11.02 	 20.67  	1
 1.10 	 11.03 	25.62  	1
 1.10 	 11.13 	 23.51 	1
 1.10 	 11.17 	 18.72 	1
 1.10 	 11.28 	 23.05 	1
 1.10 	 11.49 	 25.24 	1
 1.10 	 12.11	 21.27 	1
 1.10 	 12.66 	 21.27  	1
 1.10 	 7.77 	 21.48 	1
 1.10 	 8.36 	 21.92 	0
 1.10 	 8.50 	 20.32 	1
 1.10 	 8.52 	 18.95 	1
 1.10 	 8.57 	 17.58 	1
 1.10 	 8.66 	 17.24 	1
 1.10 	 8.68 	 21.92 	1
 1.10 	 9.00 	 20.11 	1
 1.10 	 9.02 	 16.76 	1
 1.10 	 9.06 	 21.33 	1
 1.10 	 9.35  	 16.23 	1
 1.10 	 9.67 	 21.72 	1
 1.10 	 9.73 	 30.32 	1
 1.10  	 10.11  	 23.60  	2
 1.10  	 11.05  	 20.90  	1
 1.10  	 11.05  	 24.04 	2
 1.10  	 12.32  	 22.79  	1
 1.10  	 9.99  	 22.90  	0
 1.11	 10.07 	 24.47 	1
 1.11	 10.10 	 24.99 	1
 1.11	 10.26 	 23.41 	0
 1.11	 11.10 	 19.41  	1
 1.11	 9.76 	 23.36	1
 1.11	 9.99 	 22.93	0
 1.11 	 10.04 	 20.39 	1
 1.11 	 10.07 	 21.13 	0
 1.11 	 10.24 	 22.99 	1
 1.11 	 10.34  	 21.77 	1
 1.11 	 10.41 	 19.67  	1
 1.11 	 10.50 	 24.30 	1
 1.11 	 10.78 	 17.92 	1
 1.11 	 11.00 	 19.41 	1
 1.11 	 8.49 	 15.62 	1
 1.11 	 9.22 	 22.23 	1
 1.11 	 9.34 	 21.11 	1
 1.11 	 9.50 	 21.93 	1
 1.11 	 9.62 	 24.76 	0
 1.11 	 9.66 	 19.91 	1
 1.11 	 9.79 	 23.89 	1
 1.11 	 9.86 	 21.71 	1
 1.11 	 9.93 	 22.27 	1
 1.11 	 9.95 	 19.80 	1
 1.11  	  9.71  	 22.83  	1
 1.11  	 9.55 	 23.34 	1
 1.11   	 10.31  	 21.52  	0
 1.12 	 10.06 	 21.01 	1
 1.12 	 10.07 	 23.30 	1
 1.12 	 10.10 	 18.83 	1
 1.12 	 10.15 	 21.03 	1
 1.12 	 10.21 	 21.09 	1
 1.12 	 10.26 	 16.89 	1
 1.12 	 10.40 	 19.63 	1
 1.12 	 10.68 	 22.01 	1
 1.12 	 10.76 	 19.25 	0
 1.12 	 10.78 	 20.48 	1
 1.12 	 10.83 	 20.30 	1
 1.12 	 7.86 	 15.77 	1
 1.12 	 7.97 	 18.95 	1
 1.12 	 8.00 	 15.26 	1
 1.12 	 8.04 	 18.93 	1
 1.12 	 8.04 	 14.45 	2
 1.12 	 8.06 	 16.91 	1
 1.12 	 8.06 	 15.86 	1
 1.12 	 8.16 	 19.48 	1
 1.12 	 8.21 	 18.72 	1
 1.12 	 8.23 	 17.76 	1
 1.12 	 8.24 	 14.58 	1
 1.12 	 8.34 	 20.54 	1
 1.12 	 8.40 	 21.72 	1
 1.12 	 8.68 	 17.99 	1
 1.12 	 8.82 	 18.18 	1
 1.12 	 9.03 	 19.17 	1
 1.12 	 9.06 	 18.51 	1
 1.12 	 9.08 	 22.19 	1
 1.12 	 9.18 	 19.57 	1
 1.12 	 9.19 	 21.99 	1
 1.12 	 9.20 	 22.00 	1
 1.12 	 9.27 	 24.27 	0
 1.12 	 9.32 	 21.47  	1
 1.12 	 9.39  	 22.00 	1
 1.12 	 9.45 	 19.23 	1
 1.12 	 9.45 	 23.30 	1
 1.12 	 9.60 	 23.24 	1
 1.12 	 9.61 	 20.52 	1
 1.12 	 9.68 	 22.81 	1
 1.12 	 9.78 	 18.50 	1
 1.12 	 9.80 	 20.35 	1
 1.12 	 9.83 	 20.21 	1
 1.12  	 10.23 	 18.61  	1
 1.12  	 9.40  	 21.01  	1
 1.13 	 10.15  	 19.87  	1
 1.13 	 10.27 	 17.37 	1
 1.13 	 10.32 	 18.41	1
 1.13 	 10.57 	 18.55	1
 1.13 	 7.08 	 18.06 	2
 1.13 	 7.27 	 21.00 	1
 1.13 	 7.36  	 15.57 	1
 1.13 	 7.39 	 16.92 	1
 1.13 	 7.40 	 20.18 	1
 1.13 	 7.48 	 13.81 	1
 1.13 	 7.75 	 18.41 	1
 1.13 	 7.76 	 15.06 	1
 1.13 	 8.05  	 18.61 	1
 1.13 	 8.26 	 17.33 	1
 1.13 	 8.30 	 21.35 	1
 1.13 	 8.42 	 17.22 	1
 1.13 	 8.53 	 20.79 	1
 1.13 	 8.61 	 18.15 	1
 1.13 	 8.62 	 19.97 	1
 1.13 	 8.63 	 20.64 	1
 1.13 	 8.65 	 21.29 	1
 1.13 	 8.77 	 19.12 	1
 1.13 	 8.79  	 19.75 	1
 1.13 	 8.85 	 19.76 	1
 1.13 	 8.89 	 23.25 	1
 1.13 	 8.89 	 19.72 	1
 1.13 	 8.91 	 17.47  	1
 1.13 	 8.91  	17.47 	1
 1.13 	 8.97 	 18.50 	0
 1.13 	 8.97  	 19.80 	1
 1.13 	 8.98 	 19.19 	1
 1.13 	 9.00 	 16.63 	2
 1.13 	 9.05 	 20.03 	1
 1.13 	 9.07 	 20.88 	1
 1.13 	 9.11 	 21.50 	1
 1.13 	 9.12 	 20.14 	1
 1.13 	 9.21 	 20.23 	1
 1.13 	 9.25 	 23.46	1
 1.13 	 9.25 	 19.11 	1
 1.13 	 9.28 	 18.00 	1
 1.13 	 9.30 	 18.76 	1
 1.13 	 9.45 	 20.92 	1
 1.13 	 9.45 	 19.44 	1
 1.13 	 9.48 	 17.82 	1
 1.13 	 9.49 	 22.02 	1
 1.13 	 9.49 	 17.66 	1
 1.13 	 9.49 	 20.29 	1
 1.13 	 9.56 	 17.04 	1
 1.13 	 9.58 	 20.38	1
 1.13 	 9.62 	 20.11 	1
 1.13 	 9.65  	 17.44	1
 1.13 	 9.71 	 19.37	2
 1.13 	 9.76 	 21.15 	1
 1.13 	 9.76 	 19.31 	1
 1.13 	 9.89 	 19.75 	1
 1.13  	 10.45 	 19.45 	1
 1.13  	 7.85 	 16.78 	1
 1.13  	 8.75 	 19.64 	1
 1.13  	 9.25  	 17.03  	1
 1.13  	 9.36  	 19.00  	1
 1.13  	 9.65  	 22.00 	1
 1.14 	 7.26 	 15.18 	1
 1.14 	 7.31 	 15.56 	1
 1.14 	 7.54 	 14.94 	1
 1.14 	 7.55 	 19.97 	1
 1.14 	 7.72 	 13.96 	1
 1.14 	 7.80 	 16.66 	1
 1.14 	 7.87 	 17.77 	1
 1.14 	 8.11 	 17.04 	1
 1.14 	 8.11 	 13.04 	1
 1.14 	 8.14 	 18.52 	1
 1.14 	 8.23 	 19.56 	1
 1.14 	 8.32 	 17.67 	1
 1.14 	 8.33 	 19.57 	1
 1.14 	 8.36 	 19.31 	1
 1.14 	 8.38 	 15.49 	1
 1.14 	 8.43 	 17.83 	1
 1.14 	 8.45 	 15.78 	1
 1.14 	 8.57 	 17.12 	1
 1.14 	 8.59 	 19.85 	1
 1.14 	 8.70 	 16.98 	1
 1.14 	 8.74 	 19.26 	1
 1.14 	 8.75 	 17.07 	2
 1.14 	 8.83 	 15.37 	0
 1.14 	 8.87 	 18.85 	1
 1.14 	 8.93 	 16.91 	1
 1.14 	 8.97 	 19.21 	1
 1.14 	 8.97 	 16.76 	1
 1.14 	 9.00 	 17.85 	1
 1.14 	 9.01 	 17.71 	1
 1.14 	 9.09 	 20.52 	1
 1.14 	 9.13 	 19.23 	1
 1.14 	 9.13 	 16.34 	1
 1.14 	 9.18 	 18.23 	1
 1.14 	 9.23 	 17.62 	1
 1.14 	 9.33 	 18.12 	2
 1.14 	 9.33 	 16.34 	0
 1.14 	 9.41 	 19.11 	1
 1.14 	 9.42 	 19.11	1
 1.14 	 9.43  	 16.22  	1
 1.14 	 9.50 	 19.59 	1
 1.14 	 9.51 	 15.09  	1
 1.14 	 9.54 	 15.73 	1
 1.14 	 9.57 	 19.24 	1
 1.14 	 9.68 	 15.16 	1
 1.14 	 9.77 	 17.34 	1
 1.14 	 9.80 	 18.31 	1
 1.14  	 8.14 	 17.23 	1
 1.14  	 8.71 	 19.41 	2
 1.14  	 9.35  	 17.57  	0
 1.14  	 9.74 	 18.63 	1
 1.14  	 9.77 	 17.11 	1
 1.15 	 7.06 	 13.88 	2
 1.15 	 7.10 	 16.72 	1
 1.15 	 7.11 	 15.36 	1
 1.15 	 7.12 	 15.36 	1
 1.15 	 7.13 	 14.20 	2
 1.15 	 7.18 	 13.79 	1
 1.15 	 7.22 	 14.59 	1
 1.15 	 7.28 	 12.35 	1
 1.15 	 7.31 	 13.66 	1
 1.15 	 7.32 	 17.58 	0
 1.15 	 7.42 	 14.70 	0
 1.15 	 7.47  	 11.68 	1
 1.15 	 7.66 	 18.80 	1
 1.15 	 7.72 	 15.50 	1
 1.15 	 7.76 	 18.57 	1
 1.15 	 7.78 	 17.80 	1
 1.15 	 7.87 	 17.43 	1
 1.15 	 7.97 	 15.84 	1
 1.15 	 8.00 	 18.12 	1
 1.15 	 8.00 	 17.89 	1
 1.15 	 8.00 	 11.95 	1
 1.15 	 8.05 	 19.55 	1
 1.15 	 8.06 	 20.76 	1
 1.15 	 8.10 	 14.76 	1
 1.15 	 8.12 	 19.06 	1
 1.15 	 8.15 	 17.53 	1
 1.15 	 8.24 	 16.46 	1
 1.15 	 8.24 	 18.40 	1
 1.15 	 8.27 	 18.15 	1
 1.15 	 8.27 	 17.68 	1
 1.15 	 8.35 	 19.59 	1
 1.15 	 8.36 	 15.82 	1
 1.15 	 8.38 	 20.12 	1
 1.15 	 8.55 	 16.00 	1
 1.15 	 8.67 	 18.43 	1
 1.15 	 8.67 	 16.81 	1
 1.15 	 8.68 	 17.30 	1
 1.15 	 8.71 	 15.09 	1
 1.15 	 8.72 	 16.03 	2
 1.15 	 8.78 	 17.26 	1
 1.15 	 8.78 	 15.99 	1
 1.15 	 8.87 	 15.10 	1
 1.15 	 8.89 	 16.43 	1
 1.15 	 8.92 	 17.13 	0
 1.15 	 9.00 	 14.82 	1
 1.15 	 9.19  	 17.26 	1
 1.15 	 9.19  	 18.07 	1
 1.15  	 7.09  	 18.20 	1
 1.15  	 8.02  	 19.46  	1
 1.15  	 8.30  	 15.74  	2
 1.15  	 8.45 	 15.82 	1
 1.16 	 4.03 	 4.89 	0
 1.16 	 6.49 	 15.82 	0
 1.16 	 6.58 	 13.40 	0
 1.16 	 6.69 	 17.95 	1
 1.16 	 6.80 	 14.14 	1
 1.16 	 6.88  	 15.26 	1
 1.16 	 7.06 	 17.33 	1
 1.16 	 7.10 	 19.98 	1
 1.16 	 7.13 	 19.50 	1
 1.16 	 7.14 	 17.09 	1
 1.16 	 7.18 	 12.36 	1
 1.16 	 7.20 	 14.85 	1
 1.16 	 7.41 	 18.58 	1
 1.16 	 7.43 	 17.47 	1
 1.16 	 7.52 	 17.35 	0
 1.16 	 7.53 	 15.93 	1
 1.16 	 7.57 	 13.48 	0
 1.16 	 7.61 	 13.82 	1
 1.16 	 7.69 	 13.30 	1
 1.16 	 7.73 	 13.80 	1
 1.16 	 7.77 	 17.58 	1
 1.16 	 7.78 	 17.06	1
 1.16 	 7.79 	 15.96 	1
 1.16 	 7.87 	 17.80 	1
 1.16 	 7.87 	 15.88 	0
 1.16 	 7.88 	 18.90 	1
 1.16 	 7.91 	 16.68 	0
 1.16 	 7.94 	 17.32 	0
 1.16 	 7.95 	 16.41 	1
 1.16 	 7.99 	 13.91 	1
 1.16 	 8.01 	 16.21 	1
 1.16 	 8.03 	 17.01 	1
 1.16 	 8.05 	 18.50 	1
 1.16 	 8.09 	 17.26 	1
 1.16 	 8.10 	 18.04 	2
 1.16 	 8.11 	 15.86 	1
 1.16 	 8.12 	 16.44 	1
 1.16 	 8.15 	 19.06 	1
 1.16 	 8.17 	 14.81 	1
 1.16 	 8.23 	 16.83 	1
 1.16 	 8.34 	 17.39 	1
 1.16 	 8.36 	 14.57 	1
 1.16 	 8.43 	 17.64 	1
 1.16 	 8.44 	 16.30 	1
 1.16 	 8.47 	 16.02 	1
 1.16 	 8.48 	 15.59  	1
 1.16 	 8.49 	 15.38 	1
 1.16 	 8.53 	 15.62 	1
 1.16 	 8.55 	 14.69 	1
 1.16 	 8.59 	 15.11 	1
 1.16 	 8.61 	 14.17 	0
 1.16 	 8.66  	 16.78 	0
 1.16 	 8.69 	 17.23 	1
 1.16 	 8.72 	 17.21 	1
 1.16 	 8.77 	 15.11	1
 1.16 	 8.78 	 14.66 	1
 1.16 	 9.03 	 16.64 	1
 1.16 	 9.28 	 16.02 	1
 1.16 	 9.29  	 15.71  	1
 1.16  	 7.70     	  15.92  	1
 1.16  	 8.43  	 15.49  	0
 1.16  	 8.79  	 16.43  	1
 1.16   	 8.30  	 16.25  	0
 1.17 	  8.01  	 14.53	1
 1.17 	 6.63 	 13.27 	1
 1.17 	 6.80 	 16.45 	1
 1.17 	 6.84 	 14.46 	1
 1.17 	 6.94 	 12.31 	1
 1.17 	 6.98 	 13.35 	1
 1.17 	 7.00 	 14.44 	1
 1.17 	 7.01 	 16.53 	1
 1.17 	 7.03 	 11.49 	1
 1.17 	 7.03  	 13.70 	1
 1.17 	 7.07 	 13.65 	1
 1.17 	 7.17 	 15.73 	1
 1.17 	 7.20 	 15.80 	1
 1.17 	 7.21 	 18.28 	1
 1.17 	 7.25 	 18.45 	1
 1.17 	 7.27 	 13.67 	2
 1.17 	 7.27 	 15.85 	1
 1.17 	 7.35  	 15.02 	1
 1.17 	 7.36 	 16.58 	2
 1.17 	 7.44 	 15.20 	1
 1.17 	 7.50 	 16.71 	1
 1.17 	 7.51 	 16.37 	0
 1.17 	 7.51 	 13.65 	1
 1.17 	 7.55 	 16.56 	1
 1.17 	 7.59 	 13.60 	1
 1.17 	 7.61 	 14.89 	2
 1.17 	 7.67 	 15.60 	1
 1.17 	 7.69 	 16.29 	1
 1.17 	 7.69 	 16.29 	1
 1.17 	 7.71 	 17.24 	1
 1.17 	 7.74 	 18.73 	0
 1.17 	 7.74 	 14.15 	1
 1.17 	 7.75 	 12.51 	0
 1.17 	 7.82 	 17.75 	1
 1.17 	 7.82 	 16.26 	1
 1.17 	 7.84 	 14.04 	1
 1.17 	 7.87  	 18.2 	1
 1.17 	 7.91 	 15.64 	1
 1.17 	 7.92 	 16.63 	0
 1.17 	 8.03 	 14.28 	1
 1.17 	 8.06 	 15.28 	1
 1.17 	 8.08 	 13.92 	1
 1.17 	 8.11 	 15.57 	1
 1.17 	 8.14 	 16.76 	1
 1.17 	 8.15 	 14.44	1
 1.17 	 8.19 	 15.18 	1
 1.17 	 8.22 	 13.87  	1
 1.17 	 8.23 	 16.14 	1
 1.17 	 8.24 	 15.11 	1
 1.17 	 8.26 	 15.60 	1
 1.17 	 8.26 	 13.16 	1
 1.17 	 8.27 	 15.60 	1
 1.17 	 8.35 	 15.90  	0
 1.17 	 8.66 	 14.32  	1
 1.17  	 7.90  	 17.30  	0
 1.17  	 7.98  	 15.18  	1
 1.17  	 8.36  	 15.36   	1
 1.17  	 8.67  	 14.35  	1
 1.17  	 8.69  	 14.23  	1
 1.18 	 6.44 	 13.55 	1
 1.18 	 6.50 	 14.13 	1
 1.18 	 6.51 	 14.25 	1
 1.18 	 6.62 	 13.19 	1
 1.18 	 6.80 	 17.61 	2
 1.18 	 6.82 	 13.93 	0
 1.18 	 6.83 	 14.95 	1
 1.18 	 6.84 	 15.09 	1
 1.18 	 6.88 	 14.47 	1
 1.18 	 6.97 	 16.59 	2
 1.18 	 6.97 	 16.59  	2
 1.18 	 7.01 	 12.08 	1
 1.18 	 7.06 	 15.36 	1
 1.18 	 7.11 	 14.10 	0
 1.18 	 7.19 	 14.18 	1
 1.18 	 7.20 	 15.56	1
 1.18 	 7.23 	 15.50 	1
 1.18 	 7.23 	 13.75 	1
 1.18 	 7.28 	 14.00 	1
 1.18 	 7.30 	 15.97 	0
 1.18 	 7.31 	 15.52 	1
 1.18 	 7.31 	 11.79 	1
 1.18 	 7.32 	 14.42 	1
 1.18 	 7.34 	 13.85 	1
 1.18 	 7.39 	 13.06	0
 1.18 	 7.42 	 15.85 	1
 1.18 	 7.42 	 15.55 	1
 1.18 	 7.46 	 13.82 	0
 1.18 	 7.47 	 14.47 	1
 1.18 	 7.53 	 13.94 	1
 1.18 	 7.59 	 14.36 	1
 1.18 	 7.62 	 14.41 	2
 1.18 	 7.71 	 15.85 	1
 1.18 	 7.72 	 14.52 	1
 1.18 	 7.72 	 14.23	1
 1.18 	 7.72  	 15.05  	1
 1.18 	 7.73 	 14.87 	1
 1.18 	 7.74 	 15.43 	2
 1.18 	 7.75 	 15.04 	1
 1.18 	 7.75 	 13.90 	1
 1.18 	 7.79 	 16.45 	0
 1.18 	 7.79 	 15.66 	0
 1.18 	 7.81 	 14.81 	2
 1.18 	 7.81 	 13.28 	1
 1.18 	 7.86 	 13.26 	2
 1.18 	 7.87 	 13.94 	2
 1.18 	 7.94  	 16.35 	1
 1.18 	 7.95 	 15.50  	0
 1.18 	 7.99 	 14.27 	0
 1.18 	 8.00 	 15.80 	1
 1.18 	 8.03 	 14.06 	0
 1.18 	 8.05 	 13.11 	1
 1.18 	 8.12 	 15.46 	1
 1.18 	 8.19 	 14.55 	1
 1.18  	 6.97  	 16.66 	1
 1.18  	 7.70  	 15.72  	1
 1.18  	 7.97 	 15.16 	1
 1.18  	 8.84  	 12.82  	0
 1.18   	 8.14   	 13.50   	1
 1.19 	 6.34 	 13.88 	1
 1.19 	 6.35 	 13.84 	0
 1.19 	 6.38 	 12.20 	1
 1.19 	 6.58 	 14.60 	0
 1.19 	 6.62 	 10.90 	1
 1.19 	 6.64 	 11.80 	1
 1.19 	 6.77 	 14.97 	1
 1.19 	 6.78 	 16.64 	1
 1.19 	 6.83 	 16.47 	1
 1.19 	 6.83 	 12.93 	1
 1.19 	 6.90 	 14.56 	1
 1.19 	 6.92 	 16.67 	1
 1.19 	 6.93 	 16.71 	1
 1.19 	 6.96 	 13.26 	1
 1.19 	 6.98 	 15.16 	1
 1.19 	 7.01 	 13.87 	1
 1.19 	 7.03 	 15.68  	1
 1.19 	 7.03 	 15.33 	0
 1.19 	 7.05 	 15.23 	1
 1.19 	 7.06  	 17.13 	1
 1.19 	 7.08 	 10.98 	1
 1.19 	 7.12 	 16.13 	1
 1.19 	 7.16 	 14.39 	1
 1.19 	 7.18 	 14.41 	1
 1.19 	 7.18 	 14.41 	1
 1.19 	 7.20  	 14.64 	1
 1.19 	 7.21 	 15.60 	1
 1.19 	 7.21 	 14.96 	1
 1.19 	 7.24 	 14.44 	1
 1.19 	 7.25 	 13.31 	1
 1.19 	 7.27 	 14.28 	1
 1.19 	 7.29 	 13.68 	1
 1.19 	 7.30 	 12.87 	1
 1.19 	 7.33 	 12.43 	1
 1.19 	 7.35 	 13.92 	1
 1.19 	 7.35 	 13.29 	0
 1.19 	 7.38 	 15.73 	1
 1.19 	 7.40 	 14.44 	1
 1.19 	 7.41 	 14.75 	1
 1.19 	 7.41 	 14.75 	1
 1.19 	 7.42 	 12.50 	1
 1.19 	 7.51 	 12.45 	1
 1.19 	 7.53 	 12.79 	1
 1.19 	 7.56 	 14.76 	1
 1.19 	 7.58  	 13.24 	1
 1.19 	 7.59 	 16.11 	2
 1.19 	 7.60 	 15.60 	1
 1.19 	 7.61 	 14.14 	1
 1.19 	 7.67 	 13.35 	2
 1.19 	 7.67 	 11.89 	1
 1.19 	 7.68 	 13.52 	0
 1.19 	 7.70 	 13.39	1
 1.19 	 7.74 	 13.93 	1
 1.19 	 7.84 	 14.11 	1
 1.19 	 7.85 	 15.34 	1
 1.19 	 7.85 	 15.64 	1
 1.19 	 7.89 	 15.00	1
 1.19 	 7.90 	 14.29 	1
 1.19 	 8.03 	 13.89 	1
 1.19 	 8.07 	 13.08 	1
 1.19 	 8.10 	 13.34 	0
 1.19 	 8.14 	 14.19 	1
 1.19  	 6.51 	 14.72 	1
 1.19  	 6.76 	 19.86 	1
 1.19  	 8.07 	 13.35 	2
 1.19  	 8.11	 13.66 	1
 1.2 	 6.88 	 11.93 	0
 1.20 	 5.91 	 12.10 	1
 1.20 	 6.12 	 10.98 	1
 1.20 	 6.14 	 14.66 	1
 1.20 	 6.14 	 12.97 	2
 1.20 	 6.21 	 13.98 	1
 1.20 	 6.28 	 10.89 	1
 1.20 	 6.29 	 11.45 	1
 1.20 	 6.33 	 12.72 	1
 1.20 	 6.39 	 10.79 	1
 1.20 	 6.41 	 13.48 	1
 1.20 	 6.41 	 14.24 	1
 1.20 	 6.46 	 16.76 	1
 1.20 	 6.49 	 12.21 	2
 1.20 	 6.54 	 12.16 	1
 1.20 	 6.58 	 15.39 	2
 1.20 	 6.63 	 11.08 	1
 1.20 	 6.64 	 14.89 	2
 1.20 	 6.82 	 16.86 	1
 1.20 	 6.87 	 14.09 	1
 1.20 	 6.89 	 12.18 	1
 1.20 	 6.89 	 13.79 	1
 1.20 	 6.90 	 12.66 	1
 1.20 	 6.93 	 11.39 	1
 1.20 	 6.99 	 13.96 	1
 1.20 	 7.00	 16.84 	1
 1.20 	 7.00 	 13.56 	1
 1.20 	 7.03 	 15.79 	1
 1.20 	 7.03  	 13.37 	1
 1.20 	 7.04 	 13.50 	1
 1.20 	 7.06 	 14.73 	1
 1.20 	 7.08 	 13.12 	1
 1.20 	 7.09 	 14.66	0
 1.20 	 7.09 	 13.98 	1
 1.20 	 7.11 	 12.11 	0
 1.20 	 7.12 	 12.94 	1
 1.20 	 7.12 	 14.24	0
 1.20 	 7.12 	 13.72  	1
 1.20 	 7.15 	 14.17 	1
 1.20 	 7.19 	 14.70 	1
 1.20 	 7.21  	 12.35 	1
 1.20 	 7.24 	 14.84 	0
 1.20 	 7.24 	 12.33 	1
 1.20 	 7.25 	 14.35 	0
 1.20 	 7.26 	 13.56 	1
 1.20 	 7.27 	 13.74 	1
 1.20 	 7.27 	 11.95  	0
 1.20 	 7.30 	 12.91 	1
 1.20 	 7.33 	 12.63 	1
 1.20 	 7.37 	 11.81 	1
 1.20 	 7.40 	 13.81 	2
 1.20 	 7.42 	 12.27 	1
 1.20 	 7.43 	 13.44 	1
 1.20 	 7.46 	 11.82 	1
 1.20 	 7.48 	 11.83 	0
 1.20 	 7.49 	 14.34 	0
 1.20 	 7.50 	 12.68 	1
 1.20 	 7.52  	 13.71	1
 1.20 	 7.56 	 13.53 	1
 1.20 	 7.61 	 11.29 	1
 1.20 	 7.63  	 13.30 	1
 1.20 	 7.71 	 12.75 	1
 1.20 	 7.75 	 12.36  	1
 1.20 	 7.79 	 13.43  	1
 1.20 	 8.04	 12.87 	1
 1.20  	 6.91  	 14.81  	1
 1.20  	 7.05  	 14.65  	1
 1.20  	 7.29  	 13.61  	0
 1.20  	 7.35  	 13.16  	1
 1.20  	 8.06 	 12.57 	0
 1.20  	 8.07   	 12.93 	1
 1.20    	 7.48  	 13.77  	1
 1.21 	 4.64 	 12.24 	0
 1.21 	 5.77 	 14.22 	1
 1.21 	 5.78 	 12.07 	1
 1.21 	 5.91 	 14.77 	1
 1.21 	 5.96 	 14.31 	0
 1.21 	 6.27 	 12.80 	1
 1.21 	 6.29 	 12.34 	1
 1.21 	 6.34 	 9.81 	1
 1.21 	 6.38 	 14.54 	1
 1.21 	 6.44 	 13.53 	1
 1.21 	 6.45 	 16.28 	1
 1.21 	 6.45 	 14.87 	1
 1.21 	 6.46 	 14.73 	1
 1.21 	 6.47 	 14.18 	1
 1.21 	 6.58 	 10.31 	1
 1.21 	 6.62 	 13.56 	1
 1.21 	 6.62 	 14.48 	0
 1.21 	 6.63 	 13.63 	1
 1.21 	 6.63 	 13.63 	1
 1.21 	 6.65 	 14.26	0
 1.21 	 6.67 	 12.47 	1
 1.21 	 6.67 	 14.63 	1
 1.21 	 6.70 	 15.54 	1
 1.21 	 6.75 	 13.56 	1
 1.21 	 6.76 	 14.30 	1
 1.21 	 6.76 	 14.30 	1
 1.21 	 6.77 	 13.71 	1
 1.21 	 6.79 	 13.78 	1
 1.21 	 6.79 	 12.89 	1
 1.21 	 6.89 	 14.86 	1
 1.21 	 6.90 	 14.76 	1
 1.21 	 6.90 	 11.93 	1
 1.21 	 6.94 	 14.02 	1
 1.21 	 6.95  	 12.54 	1
 1.21 	 6.97 	 11.86 	1
 1.21 	 6.98 	 9.52 	1
 1.21 	 6.99 	 12.31 	0
 1.21 	 7.03 	 13.49 	1
 1.21 	 7.05 	 14.45 	0
 1.21 	 7.09 	 12.29 	1
 1.21 	 7.10 	 10.97 	1
 1.21 	 7.10 	 11.84 	1
 1.21 	 7.11 	 13.61 	1
 1.21 	 7.15  	 11.58 	1
 1.21 	 7.24 	 12.92 	1
 1.21 	 7.30 	 12.22 	0
 1.21 	 7.33 	 13.52 	1
 1.21 	 7.33 	 12.95 	0
 1.21 	 7.42 	 11.10 	0
 1.21 	 7.63 	 12.71 	1
 1.21 	 7.75 	 12.41 	1
 1.21 	 7.79 	 12.55 	1
 1.21  	 6.83  	 13.53  	1
 1.21  	 6.92 	 15.03 	1
 1.21  	 6.92  	 13.26  	1
 1.21  	 7.07 	 15.30 	1
 1.21  	 7.33  	 13.08  	1
 1.21  	 7.37  	 13.65  	1
 1.21  	 7.55 	 11.98  	0
 1.22 	 5.69 	 13.58 	1
 1.22 	 5.80 	 13.49 	1
 1.22 	 5.90 	 13.23 	1
 1.22 	 5.94 	 11.28 	1
 1.22 	 5.96 	 10.42 	2
 1.22 	 5.98 	 13.34 	1
 1.22 	 6.08 	 10.40 	1
 1.22 	 6.19 	 9.16 	1
 1.22 	 6.19 	 9.84 	1
 1.22 	 6.19 	 9.84 	1
 1.22 	 6.27 	 9.66 	1
 1.22 	 6.27 	 9.66 	1
 1.22 	 6.31 	 15.38 	1
 1.22 	 6.37 	 14.52 	1
 1.22 	 6.42 	 12.38 	1
 1.22 	 6.45 	 12.54 	2
 1.22 	 6.45 	 11.60 	1
 1.22 	 6.46 	 16.01 	1
 1.22 	 6.46 	 15.92  	1
 1.22 	 6.46 	 14.46 	1
 1.22 	 6.49 	 13.49 	1
 1.22 	 6.54 	 11.69 	1
 1.22 	 6.54  	 12.94  	1
 1.22 	 6.55 	 12.98 	1
 1.22 	 6.56 	 13.73 	1
 1.22 	 6.56 	 13.57 	1
 1.22 	 6.58 	 12.76 	0
 1.22 	 6.58 	 12.76 	0
 1.22 	 6.58 	 13.25 	1
 1.22 	 6.62 	 15.19 	1
 1.22 	 6.62  	 14.19  	1
 1.22 	 6.63 	 13.24 	0
 1.22 	 6.63 	 13.24 	0
 1.22 	 6.65 	 12.39 	0
 1.22 	 6.66 	 13.46 	1
 1.22 	 6.66 	 13.36 	2
 1.22 	 6.67 	 10.45 	1
 1.22 	 6.70 	 13.10 	1
 1.22 	 6.78 	 12.09  	1
 1.22 	 6.80 	 14.09 	1
 1.22 	 6.80 	 12.77 	1
 1.22 	 6.82 	 13.25 	0
 1.22 	 6.83 	 14.45 	1
 1.22 	 6.84 	 11.72 	1
 1.22 	 6.85 	 13.86 	1
 1.22 	 6.85 	 11.24 	1
 1.22 	 6.86 	 12.79 	1
 1.22 	 6.89 	 13.91 	0
 1.22 	 6.89 	 13.84 	1
 1.22 	 6.90 	 11.76 	2
 1.22 	 6.92 	 12.60  	1
 1.22 	 6.94 	 12.63 	1
 1.22 	 6.95 	 13.96  	2
 1.22 	 6.96 	 12.70 	1
 1.22 	 6.97 	 11.17 	1
 1.22 	 6.98  	 13.15 	1
 1.22 	 7.01 	 13.59 	1
 1.22 	 7.02 	 10.92 	1
 1.22 	 7.06 	 11.51 	1
 1.22 	 7.09 	 13.67 	1
 1.22 	 7.11	 13.59 	1
 1.22 	 7.16 	 12.81 	1
 1.22 	 7.16 	 11.90 	1
 1.22 	 7.18 	 12.12 	1
 1.22 	 7.20 	 13.78 	1
 1.22 	 7.25 	 13.28 	1
 1.22 	 7.30 	 11.03 	0
 1.22 	 7.34 	 11.54 	1
 1.22 	 7.34  	 12.44  	1
 1.22 	 7.34  	 10.43 	1
 1.22 	 7.42 	 11.88 	1
 1.22 	 7.60 	 12.39  	1
 1.22  	 6.32 	 13.76 	1
 1.22  	 7.64 	 11.94 	0
 1.23 	 5.64 	 12.48 	1
 1.23 	 5.68 	 11.44 	1
 1.23 	 5.86 	 8.74 	1
 1.23 	 5.89 	 11.35 	1
 1.23 	 5.96 	 13.10 	1
 1.23 	 6.00 	 11.22 	1
 1.23 	 6.03  	 12.88 	1
 1.23 	 6.04 	 10.88 	0
 1.23 	 6.07 	 12.14 	1
 1.23 	 6.13 	 10.58 	1
 1.23 	 6.19 	 11.31 	1
 1.23 	 6.20 	 12.42 	0
 1.23 	 6.21 	 12.21 	1
 1.23 	 6.24 	 14.93 	1
 1.23 	 6.24 	 14.12 	1
 1.23 	 6.25  	 14.07 	1
 1.23 	 6.34 	 12.16 	0
 1.23 	 6.38 	 11.30 	1
 1.23 	 6.38 	 9.87 	1
 1.23 	 6.41 	 12.37 	1
 1.23 	 6.42 	 12.97 	1
 1.23 	 6.46 	 12.29  1
 1.23 	 6.46 	 14.35 	2
 1.23 	 6.47 	 12.23 	1
 1.23 	 6.47 	 12.40 	1
 1.23 	 6.47  	 12.06 	1
 1.23 	 6.48 	 11.67 	0
 1.23 	 6.48 	 10.26 	1
 1.23 	 6.48 	 11.98 	1
 1.23 	 6.49  	 11.58  1
 1.23 	 6.51 	 12.78 	1
 1.23 	 6.51 	 12.11 	1
 1.23 	 6.51 	 11.56 	1

 2.50 	 3.36 	 2.88 	1
 2.50 	 3.36 	 2.62 	2
 2.50 	 3.36 	 2.61 	2
 2.50 	 3.36 	 2.82 	1
 2.50 	 3.36 	 2.76 	2
 2.50 	 3.37 	 2.58 	2
 2.50 	 3.37  	 2.95 	0
 2.50 	 3.39 	 2.80  	0
 2.50 	 3.39 	 2.60 	0
 2.50 	 3.39 	 2.76 	1
 2.50 	 3.40 	 2.89 	0
 2.50 	 3.40 	 2.91 	2
 2.50 	 3.40 	 2.92 	1
 2.50 	 3.42 	 2.93 	2
 2.50 	 3.42 	 2.81 	1
 2.50 	 3.42 	 2.78 	2
 2.50 	 3.42 	 2.77 	2
 2.50 	 3.42 	 2.77 	2
 2.50 	 3.42 	 2.77 	1
 2.50 	 3.45 	 2.65 	1
 2.50 	 3.47 	 2.75 	2
 2.50 	 3.48 	 2.76 	2
 2.50 	 3.48  	 2.64 	0
 2.50 	 3.49 	 2.72 	1
 2.50 	 3.49 	 2.58 	2
 2.50 	 3.50 	 2.54 	1
 2.50 	 3.50 	 2.65 	2
 2.50 	 3.53 	 2.61 	1
 2.50 	 3.54 	 2.58 	2
 2.50 	 3.55 	 2.80 	1
 2.50 	 3.55 	 2.60 	0
 2.50 	 3.63 	 2.47 	2
 2.50 	 3.66 	 2.64 	1
 2.50 	 3.67 	 2.68 	1
 2.50 	 3.69 	 2.65 	1
 2.50 	 3.69 	 2.50 	0
 2.50 	 3.72 	 2.64 	1
 2.50 	 3.77 	 2.64 	1
 2.50 	 4.15 	 2.53 	1
 2.50  	 3.11 	 3.12 	2
 2.50  	 3.12 	 2.97 	2
 2.50  	 3.33 	 2.95  	1
 2.50   	 3.80 	 2.72 	2
 2.51 	 2.84 	 3.25 	2
 2.51 	 2.85  	 3.53  	0
 2.51 	 2.94 	 3.29  	1
 2.51 	 3.00 	 3.02 	1
 2.51 	 3.00 	 3.19 	0
 2.51 	 3.02 	 3.25 	2
 2.51 	 3.03 	 3.19 	0
 2.51 	 3.03 	 3.04 	1
 2.51 	 3.04 	 3.17 	2
 2.51 	 3.04 	 3.17 	2
 2.51 	 3.06 	 2.91 	2
 2.51 	 3.07 	 3.13 	1
 2.51 	 3.11 	 2.99 	1
 2.51 	 3.12 	 2.93 	1
 2.51 	 3.14  	 3.14  	0
 2.51 	 3.15 	 2.90 	2
 2.51 	 3.16 	 3.16 	1
 2.51 	 3.16 	 2.93 	2
 2.51 	 3.17 	 3.05 	1
 2.51 	 3.17 	 3.01 	2
 2.51 	 3.18 	 3.96 	1
 2.51 	 3.19 	 3.02 	0
 2.51 	 3.20 	 2.95 	1
 2.51 	 3.21 	 2.89 	1
 2.51 	 3.21 	 2.72 	1
 2.51 	 3.21  	 3.03 	0
 2.51 	 3.22 	 2.97 	0
 2.51 	 3.23 	 2.92 	2
 2.51 	 3.24 	 3.02 	2
 2.51 	 3.24 	 3.00 	1
 2.51 	 3.25 	 2.79  	1
 2.51 	 3.26 	 3.02 	0
 2.51 	 3.26 	 2.81 	2
 2.51 	 3.28 	 2.73 	2
 2.51 	 3.28 	 2.98 	2
 2.51 	 3.28 	 2.91 	0
 2.51 	 3.28 	 2.83 	1
 2.51 	 3.28 	 2.82 	1
 2.51 	 3.29 	 2.79 	1
 2.51 	 3.30 	 2.76 	2
 2.51 	 3.31 	 2.91 	1
 2.51 	 3.31 	 2.86 	2
 2.51 	 3.32 	 2.95 	1
 2.51 	 3.33 	 2.92 	2
 2.51 	 3.33 	 2.79 	0
 2.51 	 3.33 	 2.79 	0
 2.51 	 3.33  	 2.98 	2
 2.51 	 3.34 	 2.77 	2
 2.51 	 3.34 	 2.77 	2
 2.51 	 3.35 	 2.76 	1
 2.51 	 3.35 	 2.62  	1
 2.51 	 3.35 	 2.80 	1
 2.51 	 3.35 	 2.81 	2
 2.51 	 3.36 	 2.88 	1
 2.51 	 3.36 	 2.88 	1
 2.51 	 3.36 	 2.70 	2
 2.51 	 3.36 	 2.78 	1
 2.51 	 3.37 	 2.65 	1
 2.51 	 3.38 	 2.80 	0
 2.51 	 3.38 	 2.76 	0
 2.51 	 3.39 	 2.91 	2
 2.51 	 3.39 	 2.88 	0
 2.51 	 3.40  	 2.92  	1
 2.51 	 3.41 	 2.80 	2
 2.51 	 3.42 	 2.64 	2
 2.51 	 3.43 	 2.59 	0
 2.51 	 3.43 	 2.80 	0
 2.51 	 3.43 	 2.71 	0
 2.51 	 3.46 	 2.61 	0
 2.51 	 3.48 	 2.84 	2
 2.51 	 3.48 	 2.69 	2
 2.51 	 3.48 	 2.72 	0
 2.51 	 3.49 	 2.75 	1
 2.51 	 3.49 	 2.75 	1
 2.51 	 3.52 	 2.64 	0
 2.51 	 3.56 	 2.72 	2
 2.51 	 3.58 	 2.42 	2
 2.51 	 3.59 	 2.69 	2
 2.51 	 3.60 	 2.71 	0
 2.51 	 3.63 	 2.50  	2
 2.51 	 3.65 	 2.69 	1
 2.51 	 3.65 	 2.55 	2
 2.51 	 3.65 	 2.52 	0
 2.51 	 3.71 	 2.60 	2
 2.51 	 3.74 	 2.57 	2
 2.51 	 3.89 	 2.59 	2
 2.51  	 2.72  	 3.47 	0
 2.51  	 2.91 	 3.21 	1
 2.51  	 3.18 	 2.91 	0
 2.51  	 3.24  	 3.08 	1
 2.51  	 3.25  	 3.03  	0
 2.51  	 3.77  	 2.70  	0
 2.51  	 3.88   	 2.64  	0
 2.51   	 3.30 	 2.98  	0
 2.52 	 2.74 	 3.37 	2
 2.52 	 2.83 	 3.20 	1
 2.52 	 2.85 	 3.28 	0
 2.52 	 2.92 	 3.19 	0
 2.52 	 2.92 	 3.18 	0
 2.52 	 2.97 	 3.07 	2
 2.52 	 2.98 	 3.25 	0
 2.52 	 3.00 	 3.26 	0
 2.52 	 3.00 	 3.07 	1
 2.52 	 3.02 	 3.01 	2
 2.52 	 3.04 	 2.95 	0
 2.52 	 3.05 	 3.24 	2
 2.52 	 3.05 	 3.10	1
 2.52 	 3.06 	 2.95  	0
 2.52 	 3.08 	 3.05 	0
 2.52 	 3.11 	 3.08 	1
 2.52 	 3.11 	 3.10 	1
 2.52 	 3.11 	 2.97 	0
 2.52 	 3.13 	 3.04 	2
 2.52 	 3.13 	 2.86 	0
 2.52 	 3.14 	 3.03  	0
 2.52 	 3.14 	 3.05 	0
 2.52 	 3.14 	 2.95 	1
 2.52 	 3.14 	 2.86 	2
 2.52 	 3.15 	 2.85 	1
 2.52 	 3.16 	 2.91 	0
 2.52 	 3.16 	 2.95 	2
 2.52 	 3.17 	 2.99 	2
 2.52 	 3.18 	 3.08 	2
 2.52 	 3.18 	 3.03  	1
 2.52 	 3.18  	 2.95 	1
 2.52 	 3.20 	 2.96 	0
 2.52 	 3.21 	 2.94 	2
 2.52 	 3.21 	 2.96 	2
 2.52 	 3.22 	 2.93 	2
 2.52 	 3.22 	 2.80 	2
 2.52 	 3.22 	 2.85 	1
 2.52 	 3.23 	 3.01 	2
 2.52 	 3.23 	 2.85 	1
 2.52 	 3.24 	 2.97 	0
 2.52 	 3.24 	 2.89  	0
 2.52 	 3.25 	 3.02 	0
 2.52 	 3.25 	 2.93 	2
 2.52 	 3.25 	 2.93 	1
 2.52 	 3.27 	 3.93 	1
 2.52 	 3.27 	 2.97 	2
 2.52 	 3.27 	 2.86 	0
 2.52 	 3.28 	 2.83  	2
 2.52 	 3.32 	 2.84 	1
 2.52 	 3.32 	 2.81 	2
 2.52 	 3.33 	 2.85 	1
 2.52 	 3.33 	 2.81 	2
 2.52 	 3.34 	 2.71 	1
 2.52 	 3.34 	 2.81 	2
 2.52 	 3.35 	 2.95 	2
 2.52 	 3.36 	 2.89 	1
 2.52 	 3.37 	 2.89 	1
 2.52 	 3.38 	 2.78  	2
 2.52 	 3.38 	 2.71 	1
 2.52 	 3.39 	 2.66 	1
 2.52 	 3.39 	 2.56 	0
 2.52 	 3.39  	 2.74 	2
 2.52 	 3.40  	 2.87 	0
 2.52 	 3.43 	 2.87 	0
 2.52 	 3.43 	 2.86 	2
 2.52 	 3.43 	 2.87 	0
 2.52 	 3.43 	 2.80 	2
 2.52 	 3.43 	 2.75 	2
 2.52 	 3.43  	 2.70  	2
 2.52 	 3.46 	 2.72 	2
 2.52 	 3.47 	 2.52 	1
 2.52 	 3.47 	 2.70 	1
 2.52 	 3.49 	 2.73 	1
 2.52 	 3.51 	 2.84 	2
 2.52 	 3.51 	 2.55 	0
 2.52 	 3.52 	 2.71 	0
 2.52 	 3.52 	 2.75 	2
 2.52 	 3.53 	 2.79 	1
 2.52 	 3.55 	 2.74 	1
 2.52 	 3.55 	 2.72 	1
 2.52 	 3.58 	 2.65 	2
 2.52 	 3.60 	 2.72 	0
 2.52 	 3.60 	 2.52 	2
 2.52 	 3.63 	 2.62 	2
 2.52 	 3.65 	 2.41 	2
 2.52 	 3.69 	 2.43 	0
 2.52 	 3.71 	 2.64 	2
 2.52 	 3.81 	 2.65 	2
 2.52  	 3.03  	 3.10 	1
 2.52  	 3.27 	 2.97 	0
 2.52  	 3.48  	 2.76  	2
 2.52  	 3.72  	  2.61  	2
 2.52  	 3.79  	 2.60 	1
 2.53 	 2.87 	 3.23 	2
 2.53 	 2.89  	 3.32  	0
 2.53 	 2.93 	 3.22 	2
 2.53 	 2.93 	 3.16  	0
 2.53 	 2.96 	 3.11 	1
 2.53 	 2.97 	 3.20 	2
 2.53 	 2.99 	 3.05 	0
 2.53 	 3.01 	 3.04 	1
 2.53 	 3.03 	 3.05 	2
 2.53 	 3.04 	 3.20 	0
 2.53 	 3.07 	 2.96 	2
 2.53 	 3.09 	 3.13 	0
 2.53 	 3.10 	 3.11 	0
 2.53 	 3.11 	 3.04 	2
 2.53 	 3.11 	 3.03 	0
 2.53 	 3.11 	 2.97 	1
 2.53 	 3.12 	 3.05 	1
 2.53 	 3.12 	 3.02 	1
 2.53 	 3.14 	 3.11 	0
 2.53 	 3.14 	 2.99 	1
 2.53 	 3.14 	 2.99 	1
 2.53 	 3.14 	 2.87 	1
 2.53 	 3.16 	 2.88 	1
 2.53 	 3.17 	 2.99 	2
 2.53 	 3.17 	 3.00 	1
 2.53 	 3.18 	 2.89 	1
 2.53 	 3.18 	 3.04 	0
 2.53 	 3.18 	 2.98 	2
 2.53 	 3.18 	 2.87 	2
 2.53 	 3.19 	 2.95 	2
 2.53 	 3.20 	 2.98 	2
 2.53 	 3.20 	 3.06 	0
 2.53 	 3.20 	 2.97 	2
 2.53 	 3.20 	 2.86 	0
 2.53 	 3.20  	 3.03  	1
 2.53 	 3.20  	 2.97 	2
 2.53 	 3.20  	 2.95 	1
 2.53 	 3.22 	 2.66 	0
 2.53 	 3.24 	 3.01	2
 2.53 	 3.24 	 2.92 	2
 2.53 	 3.24 	 2.86 	1
 2.53 	 3.24 	 2.78 	0
 2.53 	 3.25 	 3.01  	2
 2.53 	 3.25 	 2.98 	1
 2.53 	 3.25 	 2.88 	0
 2.53 	 3.25 	 2.85 	1
 2.53 	 3.26 	 2.72 	2
 2.53 	 3.29 	 2.98 	1
 2.53 	 3.29 	 2.76 	0
 2.53 	 3.30 	 2.90 	2
 2.53 	 3.30 	 2.91 	0
 2.53 	 3.31 	 2.78 	0
 2.53 	 3.32 	 2.89 	2
 2.53 	 3.32 	 2.92 	2
 2.53 	 3.32 	 2.70 	0
 2.53 	 3.36 	 2.82 	1
 2.53 	 3.37 	 2.89 	0
 2.53 	 3.37 	 2.83 	1
 2.53 	 3.37 	 2.82 	1
 2.53 	 3.38  	 2.89 	2
 2.53 	 3.39 	 2.66 	0
 2.53 	 3.39 	 2.71 	2
 2.53 	 3.39  	 2.90 	1
 2.53 	 3.42 	 2.81 	0
 2.53 	 3.42 	 2.66 	2
 2.53 	 3.43 	 2.74 	2
 2.53 	 3.44 	 2.54 	2
 2.53 	 3.44 	 2.68 	1
 2.53 	 3.45 	 2.82 	1
 2.53 	 3.46 	 2.83 	0
 2.53 	 3.46 	 2.59 	0
 2.53 	 3.46 	 2.51 	2
 2.53 	 3.47 	 2.55 	2
 2.53 	 3.47 	 2.54 	0
 2.53 	 3.48 	 2.76 	1
 2.53 	 3.48 	 2.75  	2
 2.53 	 3.49 	 2.49 	1
 2.53 	 3.49 	 2.70 	2
 2.53 	 3.50 	 2.73 	1
 2.53 	 3.51 	 2.60 	2
 2.53 	 3.53 	 2.76 	2
 2.53 	 3.54 	 2.72 	1
 2.53 	 3.55 	 2.55 	2
 2.53 	 3.57 	 2.73 	0
 2.53 	 3.63 	 2.58 	0
 2.53 	 3.69  	 2.61 	1
 2.53 	 4.15 	 1.53 	0
 2.53  	 3.24   	 2.90   	0
 2.53  	 3.31 	 2.74  	2
 2.53  	 3.40   	 2.79  	1
 2.53  	 3.43  	 2.78  	2
 2.53  	 3.47  	 2.83  	1
 2.53  	 3.60  	 2.68  	1
 2.53  	 3.80 	 2.53 	2
 2.53  	 3.91 	 2.62 	1
 2.54 	 2.76 	 3.57 	1
 2.54 	 2.77 	 3.34 	2
 2.54 	 2.79 	 3.48 	2
 2.54 	 2.84 	 3.23 	1
 2.54 	 2.88 	 3.18 	1
 2.54 	 2.89 	 3.10 	1
 2.54 	 2.92 	 3.33  	1
 2.54 	 2.94 	 3.12 	2
 2.54 	 2.94 	 3.17 	1
 2.54 	 2.94 	 3.20 	1
 2.54 	 2.95 	 2.86 	0
 2.54 	 2.97 	 2.79 	0
 2.54 	 2.99 	 3.24 	2
 2.54 	 3.00 	 3.02 	1
 2.54 	 3.01 	 3.03 	2
 2.54 	 3.02 	 2.86 	0
 2.54 	 3.03 	 3.16 	0
 2.54 	 3.03  	 3.25 	2
 2.54 	 3.04	 2.98 	2
 2.54 	 3.06 	 3.11 	0
 2.54 	 3.06 	 3.05 	1
 2.54 	 3.06 	 3.06 	0
 2.54 	 3.07 	 3.02 	1
 2.54 	 3.08 	 2.95 	1
 2.54 	 3.09 	 3.09 	1
 2.54 	 3.09 	 2.90 	2
 2.54 	 3.10 	 2.98 	0
 2.54 	 3.11 	 3.06 	2
 2.54 	 3.11 	 3.03 	0
 2.54 	 3.12 	 3.09 	0
 2.54 	 3.12 	 2.97 	0
 2.54 	 3.12 	 2.98 	0
 2.54 	 3.13 	 2.92 	2
 2.54 	 3.14 	 3.01 	1
 2.54 	 3.16 	 3.09 	0
 2.54 	 3.16 	 2.99 	0
 2.54 	 3.16 	 2.88 	1
 2.54 	 3.17 	 3.06 	2
 2.54 	 3.17 	 2.93 	1
 2.54 	 3.18 	 2.92 	0
 2.54 	 3.18 	 2.96 	0
 2.54 	 3.19 	 2.91 	2
 2.54 	 3.19 	 2.83 	2
 2.54 	 3.19 	 2.84 	2
 2.54 	 3.19 	 2.95 	2
 2.54 	 3.20 	 2.84 	1
 2.54 	 3.20 	 2.86 	1
 2.54 	 3.21 	 2.97 	0
 2.54 	 3.21 	 2.96 	1
 2.54 	 3.21 	 2.78 	1
 2.54 	 3.21 	 2.84 	1
 2.54 	 3.21 	 2.86 	2
 2.54 	 3.21 	 2.81 	2
 2.54 	 3.21  	 2.93 	0
 2.54 	 3.22 	 2.94 	0
 2.54 	 3.22 	 2.84 	2
 2.54 	 3.22 	 2.92 	0
 2.54 	 3.23 	 2.95 	0
 2.54 	 3.24 	 2.89 	2
 2.54 	 3.24 	 2.89 	2
 2.54 	 3.24 	 2.84  	2
 2.54 	 3.25 	 3.00 	0
 2.54 	 3.25 	 2.80 	0
 2.54 	 3.25 	 2.86 	1
 2.54 	 3.25 	 2.73 	0
 2.54 	 3.26  	 2.87 	0
 2.54 	 3.27 	 2.77 	0
 2.54 	 3.28 	 2.86 	2
 2.54 	 3.29 	 2.95 	1
 2.54 	 3.29 	 2.83 	2
 2.54 	 3.30 	 2.93 	1
 2.54 	 3.30 	 2.76 	0
 2.54 	 3.31 	 2.81 	0
 2.54 	 3.32 	 2.91 	0
 2.54 	 3.32 	 2.78 	0
 2.54 	 3.35 	 2.81 	0
 2.54 	 3.36 	 2.83 	0
 2.54 	 3.37 	 2.93 	1
 2.54 	 3.37 	 2.91 	0
 2.54 	 3.37 	 2.83 	2
 2.54 	 3.38 	 2.78 	2
 2.54 	 3.38 	 2.67 	1
 2.54 	 3.38 	 2.75 	0
 2.54 	 3.38 	 2.71 	0
 2.54 	 3.42 	 2.53 	0
 2.54 	 3.43 	 2.77 	1
 2.54 	 3.44 	 2.78 	1
 2.54 	 3.44 	 2.56 	1
 2.54 	 3.50  	 2.76 	2
 2.54 	 3.53 	 2.71 	0
 2.54 	 3.61 	 2.71 	1
 2.54 	 3.67 	 2.57 	1
 2.54 	 3.67 	 2.67 	1
 2.54 	 3.69 	 2.68 	2
 2.54 	 3.87 	 2.47 	0
 2.54  	 2.98 	 3.06 	2
 2.54  	 3.05 	 3.20  	0
 2.54  	 3.29  	 2.86  	0
 2.54  	 3.32 	 2.84 	1
 2.54  	 3.39  	 2.81 	0
 2.54  	 3.41 	 2.89  	1
 2.54  	 3.62  	 2.71  	2
 2.54  	 3.70  	 2.68  	1
 2.54  	 3.81  	 2.66  	1
 2.55 	 2.72 	 3.40 	0
 2.55 	 2.76 	 3.29 	0
 2.55 	 2.89 	 3.14 	1
 2.55 	 2.90 	 3.09 	1
 2.55 	 2.91 	 3.33 	2
 2.55 	 2.91 	 3.08 	2
 2.55 	 2.93 	 3.06 	2
 2.55 	 2.94 	 3.05 	0
 2.55 	 2.94 	 3.08 	2
 2.55 	 3.00 	 3.04 	2
 2.55 	 3.03 	 3.03 	1
 2.55 	 3.03 	 3.08 	0
 2.55 	 3.07 	 2.89 	2
 2.55 	 3.07 	 3.07 	0
 2.55 	 3.09 	 2.97 	2
 2.55 	 3.09 	 2.92 	0
 2.55 	 3.09 	 2.95  	1
 2.55 	 3.13 	 2.99 	2
 2.55 	 3.13 	 2.82 	1
 2.55 	 3.14 	 2.73 	2
 2.55 	 3.15 	 2.88 	0
 2.55 	 3.16 	 3.02 	1
 2.55 	 3.17 	 2.68 	2
 2.55 	 3.18 	 2.89 	0
 2.55 	 3.19 	 2.97 	2
 2.55 	 3.19  	 2.94 	2
 2.55 	 3.20 	 2.90 	1
 2.55 	 3.20 	 2.90  	0
 2.55 	 3.20 	 2.86 	2
 2.55 	 3.21 	 2.85 	0
 2.55 	 3.22 	 2.91 	0
 2.55 	 3.23 	 2.95 	2
 2.55 	 3.24 	 2.88  	2
 2.55 	 3.26 	 2.88 	2
 2.55 	 3.26  	 2.90 	0
 2.55 	 3.27 	 2.84 	0
 2.55 	 3.28 	 2.85  	0
 2.55 	 3.28 	 2.87 	0
 2.55 	 3.28 	 2.82 	0
 2.55 	 3.28  	 2.91  	0
 2.55 	 3.29 	 2.76 	2
 2.55 	 3.29 	 2.89 	2
 2.55 	 3.29 	 2.88 	2
 2.55 	 3.30 	 2.68 	0
 2.55 	 3.31 	 2.81 	0
 2.55 	 3.31 	 2.77 	2
 2.55 	 3.32 	 2.90 	2
 2.55 	 3.32 	 2.84 	2
 2.55 	 3.33 	 2.78  	1
 2.55 	 3.33 	 2.78 	2
 2.55 	 3.34 	 2.84 	2
 2.55 	 3.34 	 2.84 	2
 2.55 	 3.34 	 2.78 	1
 2.55 	 3.35 	 2.87 	0
 2.55 	 3.35 	 2.82 	1
 2.55 	 3.35 	 2.67 	2
 2.55 	 3.36 	 2.64 	2
 2.55 	 3.36 	 2.66 	1
 2.55 	 3.37 	 2.79  	1
 2.55 	 3.38 	 2.54  	1
 2.55 	 3.39 	 2.78 	1
 2.55 	 3.40 	 2.69 	2
 2.55 	 3.40  	 2.85  	1
 2.55 	 3.41 	 2.77 	0
 2.55 	 3.41 	 2.65 	1
 2.55 	 3.42 	 2.77 	1
 2.55 	 3.42 	 2.70 	2
 2.55 	 3.44 	 2.57 	1
 2.55 	 3.45 	 2.74 	0
 2.55 	 3.46 	 2.80 	2
 2.55 	 3.47 	 2.77 	0
 2.55 	 3.47 	 2.63 	0
 2.55 	 3.47 	 2.59  	2
 2.55 	 3.48 	 2.71 	2
 2.55 	 3.49 	 2.70 	2
 2.55 	 3.50 	 2.76 	1
 2.55 	 3.50 	 2.62 	0
 2.55 	 3.51  	 2.71  	0
 2.55 	 3.53 	 2.75 	2
 2.55 	 3.53 	 2.62 	2
 2.55 	 3.55 	 2.66  	0
 2.55 	 3.56 	 2.68  	0
 2.55 	 3.56 	 2.45 	1
 2.55 	 3.57 	 2.70 	1
 2.55 	 3.57 	 2.72 	1
 2.55 	 3.57 	 2.69 	2
 2.55 	 3.57 	 2.67 	0
 2.55 	 3.60 	 2.64 	2
 2.55 	 3.63 	 2.59 	0
 2.55 	 3.63 	 2.63 	1
 2.55 	 3.70 	 2.62 	1
 2.55 	 3.72 	 2.56 	1
 2.55 	 3.78 	 2.35 	0
 2.55 	 3.79 	 2.57  	1
 2.55 	 3.96 	 2.48 	0
 2.55 	 3.97 	 2.65 	0
 2.55  	 3.22 	 2.86 	1
 2.55  	 3.25 	 2.86  	2
 2.55  	 3.38  	 2.79 	2
 2.56 	 2.84 	 3.42  	0
 2.56 	 2.91 	 3.04 	0
 2.56 	 2.92 	 3.35 	0
 2.56 	 2.96 	 3.18 	1
 2.56 	 2.97 	 3.04 	1
 2.56 	 2.99 	 3.08 	0
 2.56 	 3.00 	 2.94 	2
 2.56 	 3.01 	 3.16 	0
 2.56 	 3.04 	 3.11 	2
 2.56 	 3.05 	 2.98 	1
 2.56 	 3.06 	 3.06 	2
 2.56 	 3.06 	 3.08 	1
 2.56 	 3.07 	 2.93 	2
 2.56 	 3.09  	 3.05 	2
 2.56 	 3.11 	 2.96 	1
 2.56 	 3.11 	 3.04  	0
 2.56 	 3.11 	 2.77 	0
 2.56 	 3.12 	 2.80 	0
 2.56 	 3.13 	 3.03 	0
 2.56 	 3.14 	 2.94 	2
 2.56 	 3.14 	 2.82 	2
 2.56 	 3.16 	 2.76 	1
 2.56 	 3.16 	 2.88 	1
 2.56 	 3.17 	 2.93 	2
 2.56 	 3.18 	 2.88 	1
 2.56 	 3.18 	 2.91 	1
 2.56 	 3.18 	 2.85 	0
 2.56 	 3.19 	 3.00	2
 2.56 	 3.19 	 2.86 	1
 2.56 	 3.20 	 2.88 	0
 2.56 	 3.20 	 2.92 	1
 2.56 	 3.21 	 2.97 	0
 2.56 	 3.21 	 2.94  	1
 2.56 	 3.21 	 2.94  	1
 2.56 	 3.21 	 2.74 	2
 2.56 	 3.22 	 2.64 	2
 2.56 	 3.22 	 2.82 	1
 2.56 	 3.22 	 2.78 	2
 2.56 	 3.22  	 3.01 	2
 2.56 	 3.23 	 2.86 	2
 2.56 	 3.23 	 2.94 	2
 2.56 	 3.23 	 2.85 	2
 2.56 	 3.25 	 2.91 	0
 2.56 	 3.25 	 2.78 	1
 2.56 	 3.26 	 2.93 	1
 2.56 	 3.26 	 2.81 	1
 2.56 	 3.26 	 2.84 	2
 2.56 	 3.27 	 2.80 	1
 2.56 	 3.28 	 2.83  	1
 2.56 	 3.29 	 2.86 	0
 2.56 	 3.29 	 2.80 	1
 2.56 	 3.29 	 2.70 	1
 2.56 	 3.29  	 2.93 	0
 2.56 	 3.30 	 2.82 	2
 2.56 	 3.31 	 2.87 	0
 2.56 	 3.31 	 2.77 	2
 2.56 	 3.32 	 2.84 	0
 2.56 	 3.33 	 2.83 	2
 2.56 	 3.33 	 2.64 	1
 2.56 	 3.35 	 2.78  	0
 2.56 	 3.36 	 2.85 	1
 2.56 	 3.36 	 2.74 	1
 2.56 	 3.36 	 2.68 	1
 2.56 	 3.37 	 2.81 	0
 2.56 	 3.41 	 2.70 	2
 2.56 	 3.41 	 2.71 	0
 2.56 	 3.42 	 2.76 	2
 2.56 	 3.44 	 2.82 	0
 2.56 	 3.44 	 2.68 	2
 2.56 	 3.45 	 2.84 	1
 2.56 	 3.45 	 2.68 	1
 2.56 	 3.45 	 2.71 	2
 2.56 	 3.45 	 2.70 	1
 2.56 	 3.46 	 2.73 	0
 2.56 	 3.47 	 2.72 	0
 2.56 	 3.56 	 2.58 	0
 2.56 	 3.57 	 2.67 	1
 2.56 	 3.58 	 2.64 	0
 2.56 	 3.59 	 2.43 	0
 2.56 	 3.60 	 2.65 	2
 2.56 	 3.60 	 2.59 	0
 2.56 	 3.62 	 2.54 	2
 2.56 	 3.63 	 2.63  	1
 2.56 	 3.63  	 2.62  	1
 2.56 	 3.65 	 2.42 	0
 2.56 	 3.66 	 2.59 	2
 2.56 	 3.67 	 2.53 	0
 2.56 	 3.67 	 4.54 	1
 2.56 	 3.68 	 2.59 	0
 2.56 	 3.72 	 2.59 	0
 2.56 	 3.79 	 2.35 	1
 2.56 	 3.84 	 2.58 	1
 2.56  	 2.80 	 3.44   	0
 2.56  	 3.34 	 2.75 	1
 2.56  	 3.35  	 2.87  	1
 2.56  	 3.46  	 2.80 	1
 2.56  	 3.76  	 2.56 	0
 2.56   	 3.45  	 2.81  	2
 2.57 	 2.95 	 3.05 	2
 2.57 	 2.96 	 3.08 	1
 2.57 	 2.96 	 3.08 	1
 2.57 	 2.97 	 3.08 	0
 2.57 	 2.99 	 2.99 	0
 2.57 	 2.99 	 3.08 	0
 2.57 	 3.01 	 3.15 	1
 2.57 	 3.02 	 2.96 	1
 2.57 	 3.02 	 3.04 	1
 2.57 	 3.05 	 2.95 	1
 2.57 	 3.07 	 3.15 	2
 2.57 	 3.07 	 3.02 	1
 2.57 	 3.07 	 3.04 	1
 2.57 	 3.07 	 2.99 	1
 2.57 	 3.07 	 2.84 	1
 2.57 	 3.09 	 2.99 	0
 2.57 	 3.09 	 2.96 	1
 2.57 	 3.09 	 2.98 	1
 2.57 	 3.10 	 3.06 	1
 2.57 	 3.10 	 2.68 	0
 2.57 	 3.10 	 2.89 	2
 2.57 	 3.10 	 2.98 	2
 2.57 	 3.11 	 3.08 	2
 2.57 	 3.12 	 3.01 	2
 2.57 	 3.13 	 3.04 	0
 2.57 	 3.13 	 2.92 	2
 2.57 	 3.15 	 2.86 	2
 2.57 	 3.15 	 2.93 	1
 2.57 	 3.15 	 2.94 	1
 2.57 	 3.15 	 2.80 	0
 2.57 	 3.16 	 2.84 	0
 2.57 	 3.16 	 2.93 	2
 2.57 	 3.17 	 2.77 	1
 2.57 	 3.19 	 3.02 	1
 2.57 	 3.20 	 2.91 	0
 2.57 	 3.21 	 2.99 	1
 2.57 	 3.21 	 2.88 	2
 2.57 	 3.22 	 2.99 	1
 2.57 	 3.22 	 2.76 	1
 2.57 	 3.24 	 2.91 	0
 2.57 	 3.24 	 2.86 	0
 2.57 	 3.25 	 2.75  	1
 2.57 	 3.26 	 2.94 	0
 2.57 	 3.26 	 2.80 	0
 2.57 	 3.27 	 2.75 	2
 2.57 	 3.28 	 2.91 	0
 2.57 	 3.28 	 2.91  	2
 2.57 	 3.28 	 2.63 	1
 2.57 	 3.28 	 2.84 	2
 2.57 	 3.28  	 2.69 	1
 2.57 	 3.29 	 2.89 	2
 2.57 	 3.29 	 2.58 	1
 2.57 	 3.29  	 2.86 	1
 2.57 	 3.30 	 2.89 	2
 2.57 	 3.30 	 2.68 	0
 2.57 	 3.31 	 2.82 	1
 2.57 	 3.31 	 2.81 	2
 2.57 	 3.35 	 2.82 	0
 2.57 	 3.35 	 2.63 	0
 2.57 	 3.36 	 2.86  	1
 2.57 	 3.36 	 2.73 	1
 2.57 	 3.37 	 2.79 	0
 2.57 	 3.37 	 2.69 	0
 2.57 	 3.38 	 2.61 	2
 2.57 	 3.38 	 2.67 	2
 2.57 	 3.38 	 2.74 	2
 2.57 	 3.39 	 2.79  	0
 2.57 	 3.40 	 2.55 	1
 2.57 	 3.41 	 2.79 	1
 2.57 	 3.41 	 2.49 	2
 2.57 	 3.44 	 2.49 	0
 2.57 	 3.45 	 2.74 	2
 2.57 	 3.46 	 2.75 	0
 2.57 	 3.46  	 2.79 	0
 2.57 	 3.47 	 2.74 	0
 2.57 	 3.48 	 2.52 	0
 2.57 	 3.50 	 2.46 	0
 2.57 	 3.52 	 2.67 	0
 2.57 	 3.53 	 2.65 	2
 2.57 	 3.53 	 2.63 	1
 2.57 	 3.54 	 2.66 	0
 2.57 	 3.56 	 2.66 	2
 2.57 	 3.56 	 2.41 	1
 2.57 	 3.57 	 2.46 	2
 2.57 	 3.58 	 2.43 	1
 2.57 	 3.72 	 2.61 	0
 2.57 	 3.75  	 2.65 	2
 2.57  	 2.97 	 3.18 	2
 2.57  	 3.12 	 2.90 	1
 2.57  	 3.19 	 2.91 	2
 2.57  	 3.28 	 2.78 	2
 2.57  	 3.43  	 2.75  	0
 2.57  	 3.47  	  2.68  	2
 2.57  	 3.72 	 2.58 	2
 2.57    	 3.55 	 2.71 	2
 2.58 	 2.91 	 3.00 	1
 2.58 	 2.91 	 3.06 	2
 2.58 	 2.97 	 3.03 	2
 2.58 	 3.00	 3.17 	1
 2.58 	 3.00 	 2.88 	2
 2.58 	 3.00 	 2.98 	2
 2.58 	 3.01 	 2.95 	2
 2.58 	 3.01 	 3.07 	2
 2.58 	 3.02 	 3.00 	0
 2.58 	 3.04 	 2.93 	0
 2.58 	 3.04 	 2.90 	0
 2.58 	 3.04 	 2.92 	2
 2.58 	 3.05 	 2.97 	1
 2.58 	 3.06 	 2.73 	2
 2.58 	 3.07 	 3.00 	1
 2.58 	 3.07 	 2.88 	0
 2.58 	 3.07 	 3.01 	1
 2.58 	 3.08 	 3.03 	1
 2.58 	 3.09 	 2.90 	0
 2.58 	 3.09 	 2.95 	1
 2.58 	 3.14 	 3.06 	2
 2.58 	 3.14 	 2.93 	2
 2.58 	 3.14 	 2.93 	2
 2.58 	 3.14 	 2.95 	2
 2.58 	 3.15 	 3.02 	0
 2.58 	 3.16 	 2.82 	2
 2.58 	 3.17 	 2.79 	1
 2.58 	 3.17 	 2.94 	1
 2.58 	 3.17 	 2.84 	2
 2.58 	 3.17 	 2.88 	1
 2.58 	 3.18 	 2.82 	2
 2.58 	 3.19 	 2.80 	1
 2.58 	 3.20 	 2.79 	2
 2.58 	 3.21  	 2.90  	0
 2.58 	 3.22 	 2.87 	0
 2.58 	 3.23 	 2.87 	2
 2.58 	 3.23 	 2.75 	0
 2.58 	 3.23 	 2.64 	1
 2.58 	 3.23 	 2.80 	1
 2.58 	 3.24 	 2.77 	1
 2.58 	 3.24 	 2.77 	1
 2.58 	 3.25 	 2.84 	1
 2.58 	 3.26 	 2.88 	0
 2.58 	 3.27 	 2.93  	0
 2.58 	 3.28 	 2.63 	0
 2.58 	 3.28 	 2.74 	2
 2.58 	 3.29 	 2.81 	1
 2.58 	 3.30 	 2.76  	0
 2.58 	 3.31 	 2.69 	2
 2.58 	 3.32 	 2.57 	0
 2.58 	 3.33 	 2.70 	1
 2.58 	 3.34 	 2.75 	0
 2.58 	 3.34 	 2.81 	2
 2.58 	 3.35 	 2.54 	1
 2.58 	 3.35 	 2.69 	1
 2.58 	 3.36 	 2.80 	0
 2.58 	 3.36 	 2.72 	0
 2.58 	 3.37 	 2.47 	1
 2.58 	 3.39 	 2.78  	1
 2.58 	 3.39 	 2.76 	2
 2.58 	 3.42 	 2.66 	1
 2.58 	 3.43 	 2.56 	1
 2.58 	 3.43 	 2.57 	2
 2.58 	 3.43 	 2.65 	0
 2.58 	 3.44 	 2.81 	2
 2.58 	 3.44 	 2.74 	2
 2.58 	 3.44 	 2.66 	2
 2.58 	 3.45 	 2.49 	0
 2.58 	 3.45 	 2.60 	0
 2.58 	 3.46 	 2.72 	2
 2.58 	 3.47 	 2.49 	0
 2.58 	 3.48 	 2.62 	1
 2.58 	 3.49 	 2.74 	2
 2.58 	 3.51 	 2.51 	1
 2.58 	 3.53 	 2.45 	0
 2.58 	 3.54 	 2.74 	0
 2.58 	 3.55  	  2.68 	0
 2.58 	 3.57 	 2.71 	1
 2.58 	 3.68 	 2.53 	0
 2.58 	 3.71 	 2.58 	2
 2.58  	 3.07 	 2.98 	1
 2.58  	 3.07 	 2.86  	0
 2.58  	 3.22 	 2.87 	0
 2.58  	 3.31  	 2.84  	2
 2.58  	 3.41   	 2.73  	1
 2.58  	 3.54  	 2.75  	1
 2.58  	 3.60  	 2.64  	2
 2.58  	 3.64 	 2.70 	1
 2.58  	 3.75 	 2.62   	1
 2.59 	 2.76 	 3.22 	0
 2.59 	 2.86 	 3.14 	1
 2.59 	 2.88 	 3.33 	0
 2.59 	 2.91 	 3.01 	2
 2.59 	 2.91 	 3.07 	2
 2.59 	 2.93 	 3.07 	0
 2.59 	 2.93 	 3.03 	0
 2.59 	 2.94  	 3.07 	0
 2.59 	 2.97 	 3.00 	2
 2.59 	 2.98 	 3.04 	1
 2.59 	 3.01 	 3.05 	1
 2.59 	 3.02 	 3.01 	0
 2.59 	 3.02 	 3.03 	0
 2.59 	 3.04 	 3.12 	1
 2.59 	 3.04 	 3.02 	1
 2.59 	 3.04 	 2.95 	1
 2.59 	 3.04 	 3.02 	1
 2.59 	 3.05 	 2.88 	1
 2.59 	 3.05 	 2.91 	0
 2.59 	 3.07 	 2.89 	1
 2.59 	 3.07 	 2.99 	0
 2.59 	 3.09 	 2.88 	0
 2.59 	 3.10	 3.09 	1
 2.59 	 3.10 	 2.94 	1
 2.59 	 3.10 	 2.83 	1
 2.59 	 3.11 	 2.87 	0
 2.59 	 3.11 	 2.95 	2
 2.59 	 3.12 	 2.92 	0
 2.59 	 3.12 	 2.91 	2
 2.59 	 3.12 	 2.86 	2
 2.59 	 3.13 	 2.94 	1
 2.59 	 3.13 	 2.90 	0
 2.59 	 3.15 	 3.02 	0
 2.59 	 3.15 	 2.90 	1
 2.59 	 3.15   	 2.84 	0
 2.59 	 3.16 	 2.75 	1
 2.59 	 3.18 	 2.85 	1
 2.59 	 3.18 	 2.98 	1
 2.59 	 3.19 	 3.02 	1
 2.59 	 3.20 	 2.87 	1
 2.59 	 3.22 	 2.78 	1
 2.59 	 3.23 	 2.68 	2
 2.59 	 3.24 	 2.62 	1
 2.59 	 3.25 	 2.74 	0
 2.59 	 3.27 	 2.67 	1
 2.59 	 3.30 	 2.88 	0
 2.59 	 3.30 	 2.87 	1
 2.59 	 3.30 	 2.88 	0
 2.59 	 3.30 	 2.55 	1
 2.59 	 3.30 	 2.66 	2
 2.59 	 3.30 	 2.34 	1
 2.59 	 3.31 	 2.84 	2
 2.59 	 3.31 	 2.71 	2
 2.59 	 3.32 	 2.56 	2
 2.59 	 3.32 	 2.62 	0
 2.59 	 3.32 	 2.73 	0
 2.59 	 3.33 	 2.52 	1
 2.59 	 3.34 	 2.67 	0
 2.59 	 3.37 	 2.71 	1
 2.59 	 3.37 	 2.75 	1
 2.59 	 3.38 	 2.80 	1
 2.59 	 3.39 	 2.66 	2
 2.59 	 3.39 	 2.76 	1
 2.59 	 3.39  	 2.82  	2
 2.59 	 3.40 	 2.81 	1
 2.59 	 3.40 	 2.50 	2
 2.59 	 3.40 	 2.64 	1
 2.59 	 3.41 	 2.71 	1
 2.59 	 3.42 	 2.62 	1
 2.59 	 3.42 	 2.72 	2
 2.59 	 3.43 	 2.43 	1
 2.59 	 3.44 	 2.45 	2
 2.59 	 3.44 	 2.55 	0
 2.59 	 3.44 	 2.67 	1
 2.59 	 3.45 	 2.71 	1
 2.59 	 3.46  	 2.65  	1
 2.59 	 3.48 	 2.44 	1
 2.59 	 3.48 	 2.61 	2
 2.59 	 3.50 	 2.52 	1
 2.59 	 3.51 	 2.68 	1
 2.59 	 3.53 	 2.43 	2
 2.59 	 3.55 	 2.41 	1
 2.59 	 3.56 	 2.43 	2
 2.59 	 3.59 	 2.71 	0
 2.59 	 3.59 	 2.69 	0
 2.59 	 3.59 	 2.55 	2
 2.59 	 3.67 	 2.55 	2
 2.59 	 3.70 	 2.51 	1
 2.59 	 3.75 	 2.37 	1
 2.59 	 3.78 	 2.53 	0
 2.59 	 3.87 	 2.49 	0
 2.59  	 3.04 	 3.07 	0
 2.59  	 3.12 	 2.94 	2
 2.59  	 3.4	 2.78  	0
 2.59  	 3.40 	 2.75 	0
 2.59   	 3.45 	 2.74  	1
 2.60	 3.26	 2.77	0
 2.60 	 2.85  	 3.34 	1
 2.60 	 2.90 	 3.24  	0
 2.60 	 2.94 	 2.84 	2
 2.60 	 2.95 	 3.10 	0
 2.60 	 2.96 	 3.02 	0
 2.60 	 2.98 	 3.17 	1
 2.60 	 3.00 	 3.08 	0
 2.60 	 3.01	 2.94 	0
 2.60 	 3.01 	 3.05 	1
 2.60 	 3.02 	 3.16 	0
 2.60 	 3.04 	 3.09 	2
 2.60 	 3.04 	 2.92 	2
 2.60 	 3.04  	 2.93 	1
 2.60 	 3.07 	 2.79 	1
 2.60 	 3.07 	 2.79 	1
 2.60 	 3.07 	 3.04 	1
 2.60 	 3.07 	 2.86 	0
 2.60 	 3.08 	 2.97 	1
 2.60 	 3.08 	 2.93 	1
 2.60 	 3.09 	 2.94 	1
 2.60 	 3.09 	 2.91 	0
 2.60 	 3.09  	 2.85 	0
 2.60 	 3.10 	 2.86 	0
 2.60 	 3.11	 3.03 	2
 2.60 	 3.11 	 3.01 	0
 2.60 	 3.12 	 2.90 	0
 2.60 	 3.15 	 2.90 	0
 2.60 	 3.16 	 2.92 	1
 2.60 	 3.17 	 2.82 	1
 2.60 	 3.18 	 2.97 	0
 2.60 	 3.20 	 2.98 	1
 2.60 	 3.20 	 2.87 	2
 2.60 	 3.20 	 2.80 	0
 2.60 	 3.21 	 2.88     	2
 2.60 	 3.21 	 2.92 	0
 2.60 	 3.22 	 2.82 	2
 2.60 	 3.22 	 2.83 	2
 2.60 	 3.24 	 2.86 	0
 2.60 	 3.25 	 2.89 	2
 2.60 	 3.25 	 2.85 	2
 2.60 	 3.26 	 2.56 	0
 2.60 	 3.27 	 2.55 	2
 2.60 	 3.29 	 2.79 	0
 2.60 	 3.30 	 2.62 	1
 2.60 	 3.32 	 2.91 	2
 2.60 	 3.33 	 2.78 	2
 2.60 	 3.33 	 2.59 	2
 2.60 	 3.33 	 2.52 	1
 2.60 	 3.33 	 2.72 	0
 2.60 	 3.34 	 2.79 	2
 2.60 	 3.34 	 2.76 	0
 2.60 	 3.34 	 2.76 	0
 2.60 	 3.34 	 2.72 	2
 2.60 	 3.36 	 2.69 	0
 2.60 	 3.36 	 2.68 	2
 2.60 	 3.37 	 2.67 	1
 2.60 	 3.38 	 2.84 	0
 2.60 	 3.38 	 2.49 	0
 2.60 	 3.38  	 2.74 	2
 2.60 	 3.39  	 2.71 	2
 2.60 	 3.4 	 2.71 	1
 2.60 	 3.40 	 2.83 	2
 2.60 	 3.41 	 2.72 	0
 2.60 	 3.42 	 2.73  	0
 2.60 	 3.42  	 2.73 	1
 2.60 	 3.43 	 2.71 	2
 2.60 	 3.43 	 2.66 	1
 2.60 	 3.43 	 2.70 	2
 2.60 	 3.44 	 2.77 	2
 2.60 	 3.46 	 2.55 	1
 2.60 	 3.48 	 2.64 	2
 2.60 	 3.53 	 2.55 	2
 2.60 	 3.54 	 2.58  	0
 2.60 	 3.54 	 2.57 	1
 2.60 	 3.56 	 2.66 	1
 2.60 	 3.56 	 2.68 	0
 2.60 	 3.56 	 2.55 	0
 2.60 	 3.57 	 2.68 	0
 2.60 	 3.57 	 2.39 	1
 2.60 	 3.71 	 2.34 	2
 2.60 	 3.74 	 2.52 	2
 2.60 	 3.78 	 2.52 	1
 2.60 	 3.80 	 2.51 	1
 2.60 	 3.82 	 2.42 	1
 2.60  	  3.51  	 2.64  	2
 2.60  	 3.13 	 2.95 	0
 2.60  	 3.38 	 2.69 	1
 2.60  	 3.40  	 2.72  	2
 2.60  	 3.51  	 2.64  	1
 2.61	 3.42	 2.65	0
 2.61 	 2.76 	 3.18 	2
 2.61 	 2.78 	 3.24 	2
 2.61 	 2.84 	 3.13 	2
 2.61 	 2.91 	 3.20 	0
 2.61 	 2.92 	 3.12 	1
 2.61 	 2.95 	 3.07 	0
 2.61 	 3.01 	 3.10 	1
 2.61 	 3.01 	 2.89 	1
 2.61 	 3.01 	 2.99 	2
 2.61 	 3.05 	 2.81 	1
 2.61 	 3.07 	 2.98 	2
 2.61 	 3.08 	 2.85 	0
 2.61 	 3.09 	 2.85 	1
 2.61 	 3.10 	 2.94 	2
 2.61 	 3.11 	 2.92 	0
 2.61 	 3.14 	 3.01 	1
 2.61 	 3.14 	 2.80 	1
 2.61 	 3.19 	 2.78 	2
 2.61 	 3.21 	 2.56 	2
 2.61 	 3.21  	 2.84 	2
 2.61 	 3.22 	 2.84 	2
 2.61 	 3.22 	 2.83 	1
 2.61 	 3.23 	 2.70 	2
 2.61 	 3.23 	 2.68 	0
 2.61 	 3.24 	 2.81 	2
 2.61 	 3.24  	 2.85 	0
 2.61 	 3.26 	 2.79 	1
 2.61 	 3.26 	 2.78 	1
 2.61 	 3.27 	 2.87 	2
 2.61 	 3.27 	 2.57 	2
 2.61 	 3.27 	 2.58 	2
 2.61 	 3.29 	 2.63 	2
 2.61 	 3.29 	 2.84 	1
 2.61 	 3.29 	 2.69 	1
 2.61 	 3.31 	 2.88 	1
 2.61 	 3.32 	 2.72 	2
 2.61 	 3.32  	 2.84 	2
 2.61 	 3.34 	 2.61 	0
 2.61 	 3.35 	 2.74 	1
 2.61 	 3.35 	 2.51 	1
 2.61 	 3.36 	 2.74 	1
 2.61 	 3.37 	 2.73 	1
 2.61 	 3.40 	 2.49 	1
 2.61 	 3.43 	 2.71 	2
 2.61 	 3.43 	 2.49 	2
 2.61 	 3.43 	 2.61 	2
 2.61 	 3.44 	 2.45 	2
 2.61 	 3.45 	 2.58 	2
 2.61 	 3.47 	 2.60 	2
 2.61 	 3.48 	 2.68 	2
 2.61 	 3.48 	 2.60 	1
 2.61 	 3.50 	 2.73 	0
 2.61 	 3.50 	 2.61 	2
 2.61 	 3.50 	 2.62 	1
 2.61 	 3.50 	 2.67 	0
 2.61 	 3.51 	 2.57 	2
 2.61 	 3.55 	 2.72 	2
 2.61 	 3.56 	 2.58 	0
 2.61 	 3.61 	 2.52 	1
 2.61 	 3.61 	 2.36 	1
 2.61 	 3.63 	 2.42 	1
 2.61 	 3.63 	 2.51  	1
 2.61 	 3.64 	 2.35 	2
 2.61 	 3.65 	 2.63 	2
 2.61 	 3.68 	 2.56 	1
 2.61 	 3.86  	 2.45 	1
 2.61 	 3.99 	 2.36 	2
 2.61  	 3.31  	 2.77  	1
 2.61  	 3.33 	 2.78 	0
 2.61  	 3.37  	 2.72  	1
 2.62 	 2.64 	 3.35 	1
 2.62 	 2.69  	 3.33 	1
 2.62 	 2.83 	 3.28 	2
 2.62 	 2.85 	 3.25 	1
 2.62 	 2.92 	 3.11 	2
 2.62 	 2.96 	 3.05 	0
 2.62 	 3.00	 2.87 	2
 2.62 	 3.00 	 3.13 	1
 2.62 	 3.01 	 2.91 	0
 2.62 	 3.01 	 3.01 	2
 2.62 	 3.05 	 3.02 	2
 2.62 	 3.05 	 2.85 	0
 2.62 	 3.05 	 2.93 	0
 2.62 	 3.07 	 2.96 	2
 2.62 	 3.09 	 2.93  	0
 2.62 	 3.09 	 2.94 	0
 2.62 	 3.09 	 2.87 	1
 2.62 	 3.10 	 2.95 	2
 2.62 	 3.10 	 2.84  	1
 2.62 	 3.10 	 2.92 	0
 2.62 	 3.11 	 2.83 	0
 2.62 	 3.11 	 2.96  	1
 2.62 	 3.14 	 2.86 	0
 2.62 	 3.15 	 2.88 	0
 2.62 	 3.17 	 2.88 	1
 2.62 	 3.17 	 2.86 	0
 2.62 	 3.18 	 2.85 	1
 2.62 	 3.18 	 2.80 	1
 2.62 	 3.18 	 2.81 	1
 2.62 	 3.18 	 2.75 	2
 2.62 	 3.19 	 2.80 	1
 2.62 	 3.19 	 2.87 	0
 2.62 	 3.20 	 2.85 	1
 2.62 	 3.20 	 2.90 	1
 2.62 	 3.22 	 2.74 	2
 2.62 	 3.22  	 2.62 	2
 2.62 	 3.23 	 2.86 	1
 2.62 	 3.23 	 2.83 	2
 2.62 	 3.23 	 2.75 	1
 2.62 	 3.23 	 2.77 	2
 2.62 	 3.24 	 2.93 	0
 2.62 	 3.24 	 2.80  	2
 2.62 	 3.24 	 2.82 	0
 2.62 	 3.24 	 2.72 	0
 2.62 	 3.25 	 2.90 	1
 2.62 	 3.25 	 2.84 	1
 2.62 	 3.25 	 2.79 	0
 2.62 	 3.25 	 2.65 	1
 2.62 	 3.26 	 2.81 	2
 2.62 	 3.26  	 2.68 	2
 2.62 	 3.28 	 2.79 	2
 2.62 	 3.29 	 2.64 	1
 2.62 	 3.30 	 2.83 	2
 2.62 	 3.30 	 2.56 	2
 2.62 	 3.30 	 2.77 	0
 2.62 	 3.30 	 2.69 	2
 2.62 	 3.30 	 2.70 	2
 2.62 	 3.32 	 2.75  	1
 2.62 	 3.32 	 2.75 	0
 2.62 	 3.33 	 2.60 	1
 2.62 	 3.36 	 2.49 	1
 2.62 	 3.39 	 2.46 	2
 2.62 	 3.39  	 2.72 	0
 2.62 	 3.40 	 2.62 	0
 2.62 	 3.43 	 2.49 	2
 2.62 	 3.43 	 2.58 	0
 2.62 	 3.45 	 2.76 	0
 2.62 	 3.45 	 2.73  	1
 2.62 	 3.45 	 2.57 	0
 2.62 	 3.45 	 2.65 	1
 2.62 	 3.45 	 2.68 	0
 2.62 	 3.47 	 2.65 	2
 2.62 	 3.47 	 2.52 	1
 2.62 	 3.49 	 2.73 	2
 2.62 	 3.49 	 2.66 	1
 2.62 	 3.50 	 2.53 	1
 2.62 	 3.51 	 2.61 	1
 2.62 	 3.51 	 2.49 	0
 2.62 	 3.52 	 2.66 	1
 2.62 	 3.52 	 2.65 	0
 2.62 	 3.53 	 2.68 	1
 2.62 	 3.53 	 2.58 	1
 2.62 	 3.54 	 2.59 	2
 2.62 	 3.56 	 2.64 	0
 2.62 	 3.56 	 2.64 	0
 2.62 	 3.56 	 2.64  	2
 2.62 	 3.57 	 2.58 	1
 2.62 	 3.58 	 2.55 	1
 2.62 	 3.58 	 2.55 	2
 2.62 	 3.63 	 2.64 	1
 2.62 	 3.63 	 2.58 	2
 2.62 	 3.75 	 2.54 	2
 2.62  	 3.37  	 2.71  	1
 2.62  	 3.38  	 2.71  	1
 2.62  	 3.43 	 2.76 	2
 2.62  	 3.46  	 2.67  	2
 2.62  	 3.75  	 2.56  	2
 2.62  	 3.83  	 2.57  	2
 2.63 	 2.87 	 2.99 	1
 2.63 	 2.92 	 3.08 	0
 2.63 	 2.97 	 3.00 	2
 2.63 	 2.97 	 2.93 	1
 2.63 	 2.97 	 2.88  	2
 2.63 	 2.97 	 2.95 	1
 2.63 	 2.98 	 2.93 	1
 2.63 	 3.00 	 2.86 	2
 2.63 	 3.00 	 2.91 	2
 2.63 	 3.01 	 2.91 	0
 2.63 	 3.02 	 2.92 	2
 2.63 	 3.04 	 2.93  	1
 2.63 	 3.04 	 2.90 	0
 2.63 	 3.04 	 2.95 	1
 2.63 	 3.04 	 2.91 	0
 2.63 	 3.05 	 2.92 	0
 2.63 	 3.05 	 2.95 	1
 2.63 	 3.06 	 2.94 	0
 2.63 	 3.07 	 3.04 	0
 2.63 	 3.08 	 2.92 	2
 2.63 	 3.09 	 2.81 	0
 2.63 	 3.11 	 2.84 	0
 2.63 	 3.11 	 2.86 	0
 2.63 	 3.12 	 2.85 	2
 2.63 	 3.13 	 2.83 	2
 2.63 	 3.13 	 2.81 	1
 2.63 	 3.14 	 2.92 	1
 2.63 	 3.15 	 2.80 	2
 2.63 	 3.15 	 2.90 	1
 2.63 	 3.17 	 2.95 	2
 2.63 	 3.17 	 2.87 	2
 2.63 	 3.18 	 2.80 	0
 2.63 	 3.20 	 2.79 	1
 2.63 	 3.20 	 2.86 	2
 2.63 	 3.20 	 2.80 	2
 2.63 	 3.21 	 2.77 	1
 2.63 	 3.21 	 2.74 	2
 2.63 	 3.21   	 2.80 	1
 2.63 	 3.22 	 2.79 	1
 2.63 	 3.22 	 2.83 	2
 2.63 	 3.23 	 2.73 	2
 2.63 	 3.23  	 2.78 	1
 2.63 	 3.24 	 2.71 	1
 2.63 	 3.25 	 2.71 	1
 2.63 	 3.26 	 2.81 	2
 2.63 	 3.27 	 2.86 	0
 2.63 	 3.27 	 2.85 	1
 2.63 	 3.29 	 2.68 	0
 2.63 	 3.29 	 2.70 	1
 2.63 	 3.30 	 2.79 	0
 2.63 	 3.31 	 2.61 	0
 2.63 	 3.32 	 2.71 	2
 2.63 	 3.37 	 2.69 	1
 2.63 	 3.37 	 2.66 	0
 2.63 	 3.37 	 2.66 	0
 2.63 	 3.37 	 2.66 	0
 2.63 	 3.38 	 2.69 	1
 2.63 	 3.39 	 2.72 	0
 2.63 	 3.39 	 2.46 	2
 2.63 	 3.40 	 2.68 	1
 2.63 	 3.40 	 2.45 	2
 2.63 	 3.41 	 2.72 	1
 2.63 	 3.42 	 2.61 	2
 2.63 	 3.42 	 2.58 	2
 2.63 	 3.43 	 2.67 	1
 2.63 	 3.45 	 2.65 	1
 2.63 	 3.45 	 2.57 	0
 2.63 	 3.46 	 2.73 	1
 2.63 	 3.46 	 2.37 	2
 2.63 	 3.48 	 2.63 	2
 2.63 	 3.48 	 2.69 	1
 2.63 	 3.48 	 2.70 	2
 2.63 	 3.49 	 2.68 	1
 2.63 	 3.49 	 2.71 	2
 2.63 	 3.49 	 2.56 	2
 2.63 	 3.49 	 2.58 	2
 2.63 	 3.52 	 2.68 	2
 2.63 	 3.53  	 2.59  	0
 2.63 	 3.57  	 2.52 	1
 2.63 	 3.59 	 2.64 	2
 2.63 	 3.61 	 2.51 	2
 2.63 	 3.62 	 2.63  	0
 2.63 	 3.69 	 2.60 	1
 2.63 	 3.89 	 2.42 	2
 2.63  	 3.08 	 2.92 	2
 2.63  	 3.26 	 2.63 	0
 2.63  	 3.26 	 2.74 	0
 2.63  	 3.42  	 2.76 	1
 2.63  	 3.49  	 2.69 	1
 2.63  	 3.65  	 2.57  	0
 2.63  	 3.88 	 2.48  	1
 2.64 	 2.63 	 3.34 	2
 2.64 	 2.83 	 2.99 	0
 2.64 	 2.83 	 3.10 	0
 2.64 	 2.93 	 3.19 	1
 2.64 	 2.94 	 3.04 	2
 2.64 	 2.95  	 3.08 	1
 2.64 	 2.97 	 2.95 	2
 2.64 	 2.97 	 2.99 	1
 2.64 	 2.98 	 3.04  	2
 2.64 	 3.02 	 2.87 	0
 2.64 	 3.03 	 3.05 	1
 2.64 	 3.04 	 2.90 	1
 2.64 	 3.07	 2.85 	2
 2.64 	 3.07 	 2.79 	2
 2.64 	 3.07 	 2.92 	2
 2.64 	 3.12 	 2.80 	1
 2.64 	 3.13 	 2.82 	1
 2.64 	 3.14 	 2.88 	1
 2.64 	 3.14 	 2.73 	1
 2.64 	 3.15 	 2.85 	2
 2.64 	 3.15 	 2.85 	2
 2.64 	 3.17 	 2.85 	1
 2.64 	 3.17 	 2.92 	1
 2.64 	 3.19 	 2.79 	0
 2.64 	 3.20 	 2.62 	0
 2.64 	 3.20 	 2.63 	2
 2.64 	 3.20  	  2.91 	0
 2.64 	 3.20  	 2.57 	1
 2.64 	 3.21 	 2.90 	1
 2.64 	 3.21 	 2.79  	2
 2.64 	 3.21 	 2.81 	1
 2.64 	 3.21 	 2.78 	0
 2.64 	 3.22 	 2.76 	0
 2.64 	 3.23 	 2.84 	0
 2.64 	 3.23 	 2.72 	1
 2.64 	 3.23  	 2.84 	0
 2.64 	 3.24 	 2.64 	1
 2.64 	 3.25 	 2.80 	2
 2.64 	 3.26 	 2.85 	1
 2.64 	 3.26  	 2.90 	0
 2.64 	 3.29 	 2.65 	1
 2.64 	 3.29 	 2.66 	2
 2.64 	 3.30 	 2.54 	1
 2.64 	 3.32 	 2.61  	1
 2.64 	 3.33 	 2.63  	0
 2.64 	 3.33 	 2.63 	1
 2.64 	 3.35 	 2.65 	0
 2.64 	 3.36 	 2.62 	2
 2.64 	 3.38 	 2.69 	1
 2.64 	 3.39 	 2.72 	0
 2.64 	 3.39 	 2.46  	1
 2.64 	 3.40 	 2.49  	2
 2.64 	 3.42 	 2.66 	1
 2.64 	 3.45 	 2.69 	2
 2.64 	 3.45 	 2.65 	2
 2.64 	 3.45 	 2.60 	1
 2.64 	 3.47 	 2.71 	0
 2.64 	 3.49 	 2.57 	1
 2.64 	 3.50 	 2.62 	1
 2.64 	 3.52 	 2.69 	1
 2.64 	 3.53 	 2.58 	2
 2.64 	 3.53 	 2.40 	1
 2.64 	 3.54 	 2.58 	1
 2.64 	 3.54 	 2.58 	2
 2.64 	 3.54 	 2.53 	0
 2.64 	 3.58 	 2.38  	1
 2.64 	 3.67 	 2.49 	2
 2.64 	 3.73 	 2.31 	2
 2.64 	 3.79 	 2.49 	2
 2.64 	 3.81 	 2.55  	2
 2.64 	 3.84 	 2.51 	1
 2.64  	 2.65  	 3.60  	1
 2.64  	 3.14  	 2.97  	0
 2.64  	 3.35  	 2.71  	2
 2.64  	 3.36  	 2.75  	1
 2.64  	 3.37 	 2.81 	1
 2.64  	 3.37 	 2.76  	0
 2.64  	 3.56 	 2.42 	1
 2.64  	 3.56  	 2.58  	1
 2.64  	 3.67  	 2.58  	2
 2.64   	 3.27 	 2.77 	2
 2.64    	 3.20 	 2.87 	2
 2.65 	 2.86 	 3.09 	0
 2.65 	 2.89 	 2.98 	2
 2.65 	 2.92 	 3.11 	1
 2.65 	 2.94  	 3.19 	2
 2.65 	 2.97 	 3.10 	2
 2.65 	 2.97 	 2.91 	2
 2.65 	 2.97 	 2.90 	2
 2.65 	 2.99 	 2.85 	1
 2.65 	 2.99 	 2.98 	0
 2.65 	 2.99  	 2.96 	0
 2.65 	 3.00	 2.99 	0
 2.65 	 3.03 	 2.90  	0
 2.65 	 3.04 	 2.86  	1
 2.65 	 3.06 	 2.91 	2
 2.65 	 3.07 	 2.92 	0
 2.65 	 3.08  	 2.83 	1
 2.65 	 3.09 	 2.91 	2
 2.65 	 3.09 	 2.89 	1
 2.65 	 3.11 	 2.75 	1
 2.65 	 3.11 	 2.84 	0
 2.65 	 3.12 	 2.85 	0
 2.65 	 3.12 	 2.80 	2
 2.65 	 3.19 	 2.83 	0
 2.65 	 3.20 	 2.88 	2
 2.65 	 3.22 	 2.79 	2
 2.65 	 3.22 	 2.76 	2
 2.65 	 3.23 	 2.73 	2
 2.65 	 3.23 	 2.73 	2
 2.65 	 3.23 	 2.74 	1
 2.65 	 3.25 	 2.74  	1
 2.65 	 3.25 	 2.67 	0
 2.65 	 3.25 	 2.67 	0
 2.65 	 3.26 	 2.77 	2
 2.65 	 3.26 	 2.53 	0
 2.65 	 3.27 	 2.73 	0
 2.65 	 3.28 	 2.67 	0
 2.65 	 3.28  	 2.77 	1
 2.65 	 3.29 	 2.78 	1
 2.65 	 3.30 	 2.79 	1
 2.65 	 3.30 	 2.50 	1
 2.65 	 3.31 	 2.67 	1
 2.65 	 3.32 	 2.76 	1
 2.65 	 3.32 	 2.59 	0
 2.65 	 3.33 	 2.73 	0
 2.65 	 3.35 	 2.67 	2
 2.65 	 3.35 	 2.66 	0
 2.65 	 3.37  	 2.78 	1
 2.65 	 3.38 	 2.46 	1
 2.65 	 3.38 	 2.47 	1
 2.65 	 3.38 	 2.61 	2
 2.65 	 3.41 	 2.57 	1
 2.65 	 3.43 	 2.70 	2
 2.65 	 3.43 	 2.43 	2
 2.65 	 3.44 	 2.59 	2
 2.65 	 3.44 	 2.50 	2
 2.65 	 3.48 	 2.68 	0
 2.65 	 3.50 	 2.60 	1
 2.65 	 3.50 	 2.57  	1
 2.65 	 3.50 	 2.53 	2
 2.65 	 3.52 	 2.33 	0
 2.65 	 3.52 	 2.62 	0
 2.65 	 3.52 	 2.38 	1
 2.65 	 3.53 	 2.53 	0
 2.65 	 3.53 	 2.52 	1
 2.65 	 3.54 	 2.51 	2
 2.65 	 3.54 	 2.43 	0
 2.65 	 3.55 	 2.51 	1
 2.65 	 3.55  	 2.63  	1
 2.65 	 3.56 	 2.43 	2
 2.65 	 3.58 	 2.56 	1
 2.65 	 3.61 	 2.54 	2
 2.65 	 3.64 	 2.60 	1
 2.65 	 3.65 	 2.63 	1
 2.65 	 3.70 	 2.52 	1
 2.65 	 3.71 	 2.32 	2
 2.65 	 3.80 	 2.44 	0
 2.65  	  3.53  	 2.59  	2
 2.65  	 2.91 	 3.12	1
 2.65  	 3.12 	 2.97 	1
 2.65  	 3.22 	 2.85  	0
 2.65  	 3.24 	 2.73 	1
 2.65  	 3.27 	 2.76  	0
 2.65  	 3.33 	 2.77 	1
 2.65  	 3.34 	 2.75  	0
 2.65  	 3.35 	 2.75 	2
 2.65  	 3.38  	 2.67  	1
 2.65  	 3.47  	 2.65  	2
 2.65  	 3.57  	 2.58  	1
 2.65  	 3.66  	 2.42 	0
 2.65  	 3.86 	 2.49 	0
 2.66 	 2.77 	 3.11 	1
 2.66 	 2.86 	 3.01 	0
 2.66 	 2.90 	 3.00	0
 2.66 	 2.99 	 2.88 	1
 2.66 	 3.00 	 2.82 	1
 2.66 	 3.00 	 2.91 	2
 2.66 	 3.00 	 2.89 	0
 2.66 	 3.02 	 2.80 	2
 2.66 	 3.03 	 2.85 	2
 2.66 	 3.03 	 2.83 	1
 2.66 	 3.05 	 2.89  	2
 2.66 	 3.05 	 2.85 	0
 2.66 	 3.08  	 2.99  	1
 2.66 	 3.09 	 3.00	0
 2.66 	 3.10 	 2.88 	0
 2.66 	 3.11 	 2.88 	2
 2.66 	 3.13 	  2.86 	0
 2.66 	 3.13 	 2.89 	1
 2.66 	 3.13 	 2.87 	0
 2.66 	 3.14 	 2.75 	0
 2.66 	 3.14 	 2.76 	0
 2.66 	 3.16 	 2.87 	1
 2.66 	 3.16 	 2.78 	2
 2.66 	 3.16 	 2.67 	1
 2.66 	 3.18 	 2.81 	2
 2.66 	 3.19 	 2.66 	2
 2.66 	 3.20 	 2.80 	0
 2.66 	 3.20 	 2.81 	2
 2.66 	 3.23 	 2.81 	0
 2.66 	 3.24 	 2.64 	0
 2.66 	 3.25 	 2.72 	1
 2.66 	 3.26 	 2.76 	0
 2.66 	 3.26 	 2.68 	2
 2.66 	 3.26 	 2.76 	1
 2.66 	 3.26 	 2.75  	2
 2.66 	 3.26  	 2.60 	1
 2.66 	 3.27 	 2.72 	0
 2.66 	 3.27 	 2.62 	1
 2.66 	 3.28 	 2.82 	0
 2.66 	 3.28 	 2.69 	1
 2.66 	 3.29 	 2.66 	0
 2.66 	 3.30 	 2.58 	1
 2.66 	 3.30 	 2.72 	1
 2.66 	 3.31 	 2.74 	1
 2.66 	 3.32 	 2.56 	2
 2.66 	 3.32 	 2.55 	0
 2.66 	 3.33 	 2.63  	1
 2.66 	 3.34 	 2.72 	0
 2.66 	 3.34 	 2.68 	0
 2.66 	 3.34 	 2.63 	2
 2.66 	 3.37 	 2.59 	1
 2.66 	 3.38 	 2.45 	2
 2.66 	 3.39 	 2.44 	1
 2.66 	 3.39 	 2.59 	1
 2.66 	 3.40 	 2.59 	1
 2.66 	 3.40 	 2.61  	1
 2.66 	 3.40  	 2.68  	0
 2.66 	 3.41 	 2.72 	2
 2.66 	 3.41 	 2.47 	1
 2.66 	 3.41 	 2.38 	2
 2.66 	 3.43 	 2.65  	1
 2.66 	 3.43 	 2.42 	2
 2.66 	 3.43 	 2.43 	0
 2.66 	 3.44 	 2.60 	1
 2.66 	 3.44 	 2.47 	0
 2.66 	 3.45 	 2.70 	2
 2.66 	 3.45 	 2.47 	2
 2.66 	 3.45 	 2.56 	0
 2.66 	 3.46 	 2.48 	2
 2.66 	 3.47 	 2.71 	1
 2.66 	 3.47 	 2.55 	1
 2.66 	 3.47 	 2.57 	2
 2.66 	 3.49 	 2.61 	2
 2.66 	 3.50 	 2.65 	2
 2.66 	 3.53 	 2.56 	2
 2.66 	 3.53 	 2.40 	2
 2.66 	 3.53  	 2.37 	1
 2.66 	 3.54 	 2.55 	2
 2.66 	 3.55 	 2.58  	2
 2.66 	 3.55 	 2.49 	0
 2.66 	 3.62 	 2.54 	2
 2.66 	 3.71 	 2.42 	1
 2.66 	 3.75 	 2.55 	2
 2.66  	 3.08 	 2.77 	2
 2.66  	 3.28  	 2.74  	2
 2.66   	  3.33  	 2.69   	0
 2.67 	 2.82 	 3.26 	0
 2.67 	 2.89  	 2.95 	1
 2.67 	 2.90 	 2.97 	1
 2.67 	 2.96 	 2.93 	0
 2.67 	 2.97 	 2.86 	2
 2.67 	 2.99 	 2.91 	2
 2.67 	 2.99 	 2.88 	2
 2.67 	 3.00 	 2.88 	2
 2.67 	 3.01 	 3.04 	0
 2.67 	 3.02 	 3.03 	2
 2.67 	 3.03 	 2.86 	2
 2.67 	 3.03 	 2.86 	1
 2.67 	 3.04 	 3.04 	2
 2.67 	 3.04 	 2.82 	2
 2.67 	 3.04 	 2.84 	1
 2.67 	 3.06 	 2.92 	2
 2.67 	 3.06 	 2.85 	0
 2.67 	 3.07 	 2.94 	0
 2.67 	 3.09 	 2.80 	2
 2.67 	 3.1 	 2.87 	2
 2.67 	 3.10 	 2.79 	2
 2.67 	 3.11 	 2.70 	2
 2.67 	 3.11 	 2.90 	1
 2.67 	 3.12 	 2.81 	1
 2.67 	 3.12 	 2.68 	0
 2.67 	 3.14 	 2.91 	1
 2.67 	 3.14 	 2.75 	2
 2.67 	 3.16 	 2.80 	2
 2.67 	 3.16 	 2.88 	1
 2.67 	 3.17 	 2.71 	0
 2.67 	 3.18 	 2.84 	1
 2.67 	 3.18 	 2.60 	1
 2.67 	 3.19 	 2.86 	0
 2.67 	 3.21 	 2.72 	2
 2.67 	 3.21 	 2.70 	1
 2.67 	 3.23 	 2.68 	1
 2.67 	 3.23 	 2.74 	1
 2.67 	 3.23 	 2.67 	1
 2.67 	 3.24 	 2.79 	2
 2.67 	 3.25 	 2.73 	2
 2.67 	 3.27  	 2.50 	0
 2.67 	 3.28 	 2.80 	1
 2.67 	 3.28 	 2.80  	2
 2.67 	 3.29 	 2.74 	0
 2.67 	 3.30 	 2.78 	0
 2.67 	 3.30 	 2.25 	0
 2.67 	 3.30 	 2.62 	2
 2.67 	 3.31 	 2.69 	0
 2.67 	 3.31 	 2.70 	2
 2.67 	 3.31 	 2.69 	1
 2.67 	 3.33 	 2.65 	2
 2.67 	 3.33 	 2.57  	0
 2.67 	 3.34 	 2.70 	1
 2.67 	 3.36 	 2.69 	2
 2.67 	 3.37 	 2.60 	1
 2.67 	 3.40 	 2.59 	0
 2.67 	 3.40 	 2.59  	1
 2.67 	 3.43   	 2.63 	1
 2.67 	 3.44 	 2.59 	0
 2.67 	 3.44 	 2.67 	1
 2.67 	 3.44 	 2.62 	0
 2.67 	 3.47 	 2.68 	0
 2.67 	 3.47 	 2.39 	0
 2.67 	 3.48 	 2.54 	1
 2.67 	 3.48  	 2.42 	0
 2.67 	 3.50 	 2.51 	2
 2.67 	 3.52 	 2.61 	2
 2.67 	 3.52  	 2.58  	0
 2.67 	 3.53 	 2.58 	1
 2.67 	 3.55 	 2.53  	2
 2.67 	 3.57 	 2.34 	2
 2.67 	 3.61 	 2.49 	2
 2.67 	 3.61 	 2.47 	1
 2.67 	 3.61 	 2.31 	2
 2.67 	 3.62 	 2.40 	1
 2.67 	 3.62 	 2.46 	1
 2.67 	 3.63 	 2.32 	0
 2.67 	 3.64 	 2.51 	1
 2.67 	 3.64 	 2.52 	1
 2.67 	 3.71 	 2.54 	2
 2.67 	 3.72 	 2.54 	0
 2.67 	 3.72 	 2.26 	2
 2.67 	 3.76 	 2.46 	1
 2.67 	 3.88  	 2.49 	2
 2.67  	 3.22 	 2.79 	2
 2.67  	 3.30  	 2.69  	0
 2.67  	 3.33 	 2.76 	1
 2.67  	 3.34 	 2.78 	1
 2.67  	 3.62  	 2.57  	1
 2.67  	 3.63  	 2.54  	1
 2.68	 3.60	 2.49	1
 2.68 	 2.78 	 3.11 	2
 2.68 	 2.89 	 3.01 	0
 2.68 	 2.89  	 3.16 	1
 2.68 	 2.96 	 2.87 	2
 2.68 	 2.98 	 2.94 	2
 2.68 	 2.98 	 2.86 	0
 2.68 	 2.99  	 2.93 	2
 2.68 	 3.01 	 2.92 	2
 2.68 	 3.04 	 2.92 	1
 2.68 	 3.05 	 2.92 	0
 2.68 	 3.07 	 2.86 	2
 2.68 	 3.08 	 2.90 	0
 2.68 	 3.09 	 2.83 	2
 2.68 	 3.09 	 2.81 	2
 2.68 	 3.10 	 2.85 	1
 2.68 	 3.10 	 2.85 	1
 2.68 	 3.10 	 2.86 	1
 2.68 	 3.11 	 2.23 	2
 2.68 	 3.12 	 2.70 	2
 2.68 	 3.14 	 2.80 	2
 2.68 	 3.14 	 2.76 	2
 2.68 	 3.15 	 2.80 	1
 2.68 	 3.16  	 2.71 	1
 2.68 	 3.17 	 2.65 	1
 2.68 	 3.17  	 2.78 	1
 2.68 	 3.19 	 2.74 	1
 2.68 	 3.19 	 2.82 	2
 2.68 	 3.20 	 2.71 	0
 2.68 	 3.21  	 2.67 	2
 2.68 	 3.22 	 2.84 	0
 2.68 	 3.22 	 2.84 	0
 2.68 	 3.22 	 2.79 	2
 2.68 	 3.23 	 2.85   	0
 2.68 	 3.23 	 2.60 	2
 2.68 	 3.25 	 2.51 	1
 2.68 	 3.25 	 2.66 	2
 2.68 	 3.26 	 2.57 	0
 2.68 	 3.27 	 2.74  	2
 2.68 	 3.27 	 2.71 	0
 2.68 	 3.27 	 2.61 	1
 2.68 	 3.28 	 2.63  	2
 2.68 	 3.28 	 2.52 	2
 2.68 	 3.29 	 2.72 	1
 2.68 	 3.29 	 2.70 	0
 2.68 	 3.31 	 2.77 	2
 2.68 	 3.32 	 2.72 	0
 2.68 	 3.32 	 2.69 	2
 2.68 	 3.32 	 2.71 	1
 2.68 	 3.33 	 2.70 	1
 2.68 	 3.34 	 2.74 	2
 2.68 	 3.35 	 2.56 	0
 2.68 	 3.36 	 2.74 	0
 2.68 	 3.37 	 2.43 	0
 2.68 	 3.38 	 2.70 	1
 2.68 	 3.38 	 2.70 	1
 2.68 	 3.38 	 2.66 	2
 2.68 	 3.38 	 2.58 	2
 2.68 	 3.40 	 2.69  	2
 2.68 	 3.40 	 2.65 	2
 2.68 	 3.40 	 2.59 	0
 2.68 	 3.41 	 2.53 	1
 2.68 	 3.43 	 2.60 	0
 2.68 	 3.43 	 2.62 	2
 2.68 	 3.43 	 2.56 	1
 2.68 	 3.44 	 2.59 	1
 2.68 	 3.46 	 2.70 	1
 2.68 	 3.46 	 2.48 	2
 2.68 	 3.47 	 2.66 	2
 2.68 	 3.47 	 2.64 	2
 2.68 	 3.49 	 2.59 	1
 2.68 	 3.49 	 2.51 	2
 2.68 	 3.50 	 2.55 	1
 2.68 	 3.54 	 2.59 	0
 2.68 	 3.55 	 2.43 	0
 2.68 	 3.58 	 2.53 	1
 2.68 	 3.60 	 2.52 	2
 2.68 	 3.69 	 2.56 	2
 2.68 	 3.81 	 2.47 	2
 2.68 	 3.83 	 2.36 	0
 2.68 	 3.92 	 2.20 	0
 2.68  	 3.16  	 2.89  	1
 2.68  	 3.26  	 2.75 	2
 2.68  	 3.35 	 2.47 	0
 2.68  	 3.58  	 2.54  	1
 2.68  	 3.58  	 2.58  	2
 2.69 	 2.80 	 3.02 	1
 2.69 	 2.90 	 3.02 	2
 2.69 	 2.92 	 2.99  	0
 2.69 	 2.96 	 2.85 	0
 2.69 	 2.97 	 2.96 	1
 2.69 	 2.98 	 2.84 	2
 2.69 	 3.00 	 2.95 	1
 2.69 	 3.02 	 2.80 	2
 2.69 	 3.02 	 2.91 	0
 2.69 	 3.04 	 2.88 	2
 2.69 	 3.04 	 2.75 	0
 2.69 	 3.04 	 2.80 	2
 2.69 	 3.05 	 2.83 	0
 2.69 	 3.05 	 2.90 	1
 2.69 	 3.06 	 2.85 	0
 2.69 	 3.06 	 2.92 	0
 2.69 	 3.10 	 2.81 	2
 2.69 	 3.11 	 2.95 	0
 2.69 	 3.13 	 2.68 	2
 2.69 	 3.14 	 2.66 	1
 2.69 	 3.17 	 2.78 	1
 2.69 	 3.18 	 2.60 	1
 2.69 	 3.20 	 2.72 	0
 2.69 	 3.21 	 2.80 	0
 2.69 	 3.23 	 2.69 	0
 2.69 	 3.23 	 2.69 	0
 2.69 	 3.23 	 2.64 	2
 2.69 	 3.24 	 2.74 	2
 2.69 	 3.24 	 2.66 	0
 2.69 	 3.27 	 2.56 	2
 2.69 	 3.28 	 2.75 	2
 2.69 	 3.28 	 2.47 	1
 2.69 	 3.28 	 2.54  	1
 2.69 	 3.29  	 2.70 	2
 2.69 	 3.30 	 2.66 	0
 2.69 	 3.30 	 2.68 	2
 2.69 	 3.30 	 2.54 	1
 2.69 	 3.31 	 2.50  	1
 2.69 	 3.32 	 2.73 	1
 2.69 	 3.32 	 2.54 	2
 2.69 	 3.34 	 2.60 	2
 2.69 	 3.35 	 2.49 	1
 2.69 	 3.36 	 2.55 	1
 2.69 	 3.36 	 2.62 	0
 2.69 	 3.37 	 2.48 	1
 2.69 	 3.37 	 2.45 	0
 2.69 	 3.38 	 2.49 	0
 2.69 	 3.38 	 2.56 	1
 2.69 	 3.39 	 2.42 	0
 2.69 	 3.40 	 2.53 	0
 2.69 	 3.40 	 2.54 	1
 2.69 	 3.41 	 2.60 	0
 2.69 	 3.43 	 2.53 	1
 2.69 	 3.43 	 2.50 	1
 2.69 	 3.44 	 2.45 	2
 2.69 	 3.46 	 2.64 	2
 2.69 	 3.47 	 2.59 	0
 2.69 	 3.48 	 2.48 	0
 2.69 	 3.51 	 2.57 	2
 2.69 	 3.53 	 2.62 	2
 2.69 	 3.54 	 2.61 	1
 2.69 	 3.55 	 2.57 	0
 2.69 	 3.55 	 2.59 	1
 2.69 	 3.56 	 2.61 	2
 2.69 	 3.56 	 2.48 	0
 2.69 	 3.60 	 2.53 	0
 2.69 	 3.70 	 2.36 	2
 2.69 	 3.73 	 2.46  	2
 2.69 	 3.84 	 2.39  	2
 2.69 	 33.9 	 2.62 	2
 2.69  	 3.03 	 2.90 	2
 2.69  	 3.11 	 2.88 	2
 2.69  	 3.21 	 2.76 	0
 2.69  	 3.22 	 2.70 	1
 2.69  	 3.24 	 2.54 	2
 2.69  	 3.25  	 2.79  	1
 2.69  	 3.33 	 2.76 	0
 2.69  	 3.40 	 2.62 	1
 2.69  	 3.41 	 2.59 	1
 2.69  	 3.48  	 2.59  	1
 2.69  	 3.53 	 2.57 	1
 2.69  	 3.71 	 2.54  	0
 2.69  	 4.10 	 2.31 	2
 2.70 	 2.87 	 2.94  	1
 2.70 	 2.89 	 3.07 	0
 2.70 	 2.92 	 2.95 	0
 2.70 	 2.93 	 2.98 	1
 2.70 	 2.96 	 2.87 	1
 2.70 	 2.99 	 3.02	1
 2.70 	 3.02 	 2.85 	1
 2.70 	 3.03	 2.95 	1
 2.70 	 3.03 	 2.85 	0
 2.70 	 3.03 	 2.83 	2
 2.70 	 3.04 	 2.76 	1
 2.70 	 3.06 	 2.80 	1
 2.70 	 3.08 	 2.86 	1
 2.70 	 3.08 	 2.76  	1
 2.70 	 3.09 	 2.85  	2
 2.70 	 3.10 	 2.90 	1
 2.70 	 3.11 	 2.72 	1
 2.70 	 3.11 	 2.85 	2
 2.70 	 3.13  	 2.91 	2
 2.70 	 3.15 	 2.65 	0
 2.70 	 3.19 	 2.72 	2
 2.70 	 3.20 	 2.78 	2
 2.70 	 3.22 	 2.76 	1
 2.70 	 3.22 	 2.76 	1
 2.70 	 3.23 	 2.51 	2
 2.70 	 3.23 	 2.70 	1
 2.70 	 3.25 	 2.78 	0
 2.70 	 3.25 	 2.80 	0
 2.70 	 3.25 	 2.67 	2
 2.70 	 3.26 	 2.67 	0
 2.70 	 3.27 	 2.72 	1
 2.70 	 3.28 	 2.70 	2
 2.70 	 3.28 	 2.61 	1
 2.70 	 3.28  	 2.58 	0
 2.70 	 3.31 	 2.45 	1
 2.70 	 3.33 	 2.60  	0
 2.70 	 3.33 	 2.61 	2
 2.70 	 3.34 	 2.73 	0
 2.70 	 3.36 	 2.51 	1
 2.70 	 3.36 	 2.58 	2
 2.70 	 3.37 	 2.44 	2
 2.70 	 3.37 	 2.58 	2
 2.70 	 3.38 	 2.68 	1
 2.70 	 3.38 	 2.42 	0
 2.70 	 3.39 	 2.41 	0
 2.70 	 3.40 	 2.65 	2
 2.70 	 3.40 	 2.58 	2
 2.70 	 3.41 	 2.65 	1
 2.70 	 3.43 	 2.45 	0
 2.70 	 3.44 	 2.39 	1
 2.70 	 3.46 	 2.56 	0
 2.70 	 3.47 	 2.62 	1
 2.70 	 3.47 	 2.37 	2
 2.70 	 3.47 	 2.46 	1
 2.70 	 3.48 	 2.68 	0
 2.70 	 3.54 	 2.44 	1
 2.70 	 3.55 	 2.59 	0
 2.70 	 3.56 	 2.56 	1
 2.70 	 3.58  	 2.60 	0
 2.70 	 3.61 	 2.57 	2
 2.70 	 3.61 	 2.50 	1
 2.70 	 3.61 	 2.33 	1
 2.70 	 3.64 	 2.30 	2
 2.70 	 3.64 	 2.30 	2
 2.70 	 3.66 	 2.33 	0
 2.70 	 3.67  	 2.55 	1
 2.70 	 3.72 	 2.43 	2
 2.70 	 3.74 	 2.38 	1
 2.70 	 3.77 	 2.48 	0
 2.70 	 3.80 	 2.46 	2
 2.70  	 3.10  	 2.82 	0
 2.70  	 3.22 	 2.81 	1
 2.70  	 3.24  	 2.71 	0
 2.70  	 3.32  	 2.64  	0
 2.70  	 3.39  	 2.69  	2
 2.70  	 3.42  	 2.62  	1
 2.70  	 3.53     	 2.55  	2
 2.70   	 3.51 	 2.64 	2
 2.71 	 2.86 	 2.99 	2
 2.71 	 2.90 	 2.95 	2
 2.71 	 2.92 	 3.00 	1
 2.71 	 2.92 	 2.89 	0
 2.71 	 2.97 	 2.92 	2
 2.71 	 2.99 	 2.86 	1
 2.71 	 3.03 	 2.92 	1
 2.71 	 3.03 	 2.82 	2
 2.71 	 3.04 	 2.87 	0
 2.71 	 3.04 	 2.79 	2
 2.71 	 3.04 	 2.81  	2
 2.71 	 3.06 	 2.88 	1
 2.71 	 3.07 	 2.76 	2
 2.71 	 3.07 	 2.83 	2
 2.71 	 3.07  	 2.78 	2
 2.71 	 3.09 	 2.70 	0
 2.71 	 3.09 	 2.76 	0
 2.71 	 3.10 	 2.65 	0
 2.71 	 3.13 	 2.70 	2
 2.71 	 3.14 	 2.67 	2
 2.71 	 3.15 	 2.76 	1
 2.71 	 3.17 	 2.68 	0
 2.71 	 3.18 	 2.86 	1
 2.71 	 3.19 	 2.61 	1
 2.71 	 3.20 	 2.81 	2
 2.71 	 3.21 	 2.73 	0
 2.71 	 3.22 	 2.69 	1
 2.71 	 3.22 	 2.71 	1
 2.71 	 3.23 	 2.64  	1
 2.71 	 3.23 	 2.47 	0
 2.71 	 3.25 	 2.79 	0
 2.71 	 3.25 	 2.75 	0
 2.71 	 3.26 	 2.74 	0
 2.71 	 3.26 	 2.76 	0
 2.71 	 3.27 	 2.64 	2
 2.71 	 3.29 	 2.60 	2
 2.71 	 3.29 	 2.53 	1
 2.71 	 3.30 	 2.67 	1
 2.71 	 3.30 	 2.62 	2
 2.71 	 3.31 	 2.65 	1
 2.71 	 3.31 	 2.60 	2
 2.71 	 3.32 	 2.50 	0
 2.71 	 3.33 	 2.57 	0
 2.71 	 3.35 	 2.68 	0
 2.71 	 3.36 	 2.65 	2
 2.71 	 3.36 	 2.53 	0
 2.71 	 3.37 	 2.67 	2
 2.71 	 3.38 	 2.36 	1
 2.71 	 3.38 	 2.40 	2
 2.71 	 3.39 	 2.64 	1
 2.71 	 3.39 	 2.45 	0
 2.71 	 3.39 	 2.53 	0
 2.71 	 3.40 	 2.60 	0
 2.71 	 3.41 	 2.61 	1
 2.71 	 3.42 	 2.68 	2
 2.71 	 3.42 	 2.53 	1
 2.71 	 3.45 	 2.51  	1
 2.71 	 3.47 	 2.54 	0
 2.71 	 3.49 	 2.59 	2
 2.71 	 3.49 	 2.61 	1
 2.71 	 3.49 	 2.55 	1
 2.71 	 3.5 	 2.62 	2
 2.71 	 3.52 	 2.51 	0
 2.71 	 3.57 	 2.54 	2
 2.71 	 3.58 	 2.51 	0
 2.71 	 3.58 	 2.55 	0
 2.71 	 3.59 	 2.48 	0
 2.71 	 3.67 	 2.39 	2
 2.71 	 3.70 	 2.33 	1
 2.71 	 3.73 	 2.30 	1
 2.71 	 3.75 	 2.25 	2
 2.71 	 3.86 	 2.45 	2
 2.71  	 3.10 	 2.91 	0
 2.71  	 3.27  	 2.73  	0
 2.71  	 3.54  	 2.52  	1
 2.71   	 3.66  	 2.53  	1
 2.71     	 3.45 	 2.56 	1
 2.72 	 2.85 	 3.02 	1
 2.72 	 2.86 	 2.96 	2
 2.72 	 2.91 	 3.05 	2
 2.72 	 2.92 	 3.00	0
 2.72 	 2.93 	 2.89 	1
 2.72 	 2.95 	 2.82 	2
 2.72 	 2.95 	 2.96  	0
 2.72 	 2.97 	 2.86 	2
 2.72 	 2.99 	 2.82 	1
 2.72 	 3.01 	 2.99 	2
 2.72 	 3.01 	 2.97 	1
 2.72 	 3.01 	 2.89 	0
 2.72 	 3.01 	 2.80 	0
 2.72 	 3.02 	 2.81 	2
 2.72 	 3.05 	 2.76 	1
 2.72 	 3.08 	 2.73 	2
 2.72 	 3.08 	 2.85 	0
 2.72 	 3.09 	 2.77 	2
 2.72 	 3.10 	 2.91 	2
 2.72 	 3.11 	 2.92 	0
 2.72 	 3.11 	 2.71 	2
 2.72 	 3.12 	 2.89 	2
 2.72 	 3.12 	 2.70 	2
 2.72 	 3.14 	 2.74 	2
 2.72 	 3.15 	 2.82 	0
 2.72 	 3.16 	 2.80 	2
 2.72 	 3.16 	 2.76 	0
 2.72 	 3.17 	 2.79 	2
 2.72 	 3.17 	 2.78 	1
 2.72 	 3.17 	 2.70 	2
 2.72 	 3.19 	 2.82 	0
 2.72 	 3.20  	 2.83 	2
 2.72 	 3.21 	 2.72 	0
 2.72 	 3.21  	 2.75 	2
 2.72 	 3.22 	 2.79 	1
 2.72 	 3.22 	 2.49 	1
 2.72 	 3.22 	 2.70 	2
 2.72 	 3.24 	 2.73 	1
 2.72 	 3.25 	 2.63 	2
 2.72 	 3.25  	 2.64 	0
 2.72 	 3.26 	 2.71 	0
 2.72 	 3.26 	 2.50 	0
 2.72 	 3.26 	 2.52 	2
 2.72 	 3.26 	 2.63 	2
 2.72 	 3.28 	 2.58 	2
 2.72 	 3.30 	 2.68 	1
 2.72 	 3.34 	 2.67 	1
 2.72 	 3.36 	 2.61 	2
 2.72 	 3.37 	 2.62 	2
 2.72 	 3.37 	 2.64 	2
 2.72 	 3.38 	 2.58 	0
 2.72 	 3.38 	 2.63 	2
 2.72 	 3.39 	 2.56 	2
 2.72 	 3.39 	 2.63 	1
 2.72 	 3.39 	 2.49 	2
 2.72 	 3.41 	 2.41 	2
 2.72 	 3.42 	 2.38 	2
 2.72 	 3.44 	 2.55 	1
 2.72 	 3.45 	 2.54 	2
 2.72 	 3.46 	 2.36 	1
 2.72 	 3.46 	 2.35 	0
 2.72 	 3.48 	 2.52 	0
 2.72 	 3.49 	 2.50 	1
 2.72 	 3.52 	 2.53 	0
 2.72 	 3.53 	 2.61 	2
 2.72 	 3.53 	 2.47 	2
 2.72 	 3.54 	 2.58 	0
 2.72 	 3.55 	 2.60 	0
 2.72 	 3.55 	 2.48 	1
 2.72 	 3.58 	 2.49 	2
 2.72 	 3.59 	 2.50 	0
 2.72 	 3.59  	 2.41 	1
 2.72 	 3.62 	 2.53 	2
 2.72 	 3.62 	 2.46 	0
 2.72 	 3.64 	 2.45 	0
 2.72 	 3.67 	 2.37 	1
 2.72 	 3.67 	 2.49 	1
 2.72 	 3.68 	 2.52 	2
 2.72 	 3.69 	 2.34 	0
 2.72 	 3.72 	 2.24 	2
 2.72 	 3.76 	 2.50 	2
 2.72 	 3.81 	 2.41 	2
 2.72  	 3.40  	 2.66 	1
 2.72  	 3.6 	 2.58 	1
 2.72  	 3.65  	 2.52  	2
 2.73 	 2.92 	 3.01 	2
 2.73 	 2.94 	 2.83 	2
 2.73 	 2.97 	 3.00 	2
 2.73 	 2.98 	 2.88 	1
 2.73 	 2.99 	 2.89 	1
 2.73 	 3.02 	 2.94 	1
 2.73 	 3.02 	 2.80 	0
 2.73 	 3.03 	 2.75 	0
 2.73 	 3.05 	 2.92 	2
 2.73 	 3.05 	 2.83 	2
 2.73 	 3.05 	 2.88 	0
 2.73 	 3.06 	 2.91 	2
 2.73 	 3.06 	 2.91  	1
 2.73 	 3.07 	 2.81 	1
 2.73 	 3.10 	 2.86 	1
 2.73 	 3.11 	 2.74  	0
 2.73 	 3.12 	 2.79 	1
 2.73 	 3.13 	 2.67 	1
 2.73 	 3.14 	 2.69 	0
 2.73 	 3.14 	 2.62 	2
 2.73 	 3.15 	 2.79 	1
 2.73 	 3.16 	 2.77 	2
 2.73 	 3.16 	 2.67 	1
 2.73 	 3.17 	 2.76 	2
 2.73 	 3.18 	 2.81 	1
 2.73 	 3.18 	 2.65 	0
 2.73 	 3.19  	 2.73 	1
 2.73 	 3.21 	 2.80 	2
 2.73 	 3.22 	 2.75 	0
 2.73 	 3.24 	 2.68 	0
 2.73 	 3.26 	 2.71 	2
 2.73 	 3.26 	 2.65 	0
 2.73 	 3.26 	 2.66 	0
 2.73 	 3.31 	 2.60 	1
 2.73 	 3.33 	 2.51 	1
 2.73 	 3.34 	 2.61 	2
 2.73 	 3.35 	 2.47 	0
 2.73 	 3.36 	 2.63 	2
 2.73 	 3.36 	 2.55 	2
 2.73 	 3.37 	 2.55 	0
 2.73 	 3.37 	 2.59 	1
 2.73 	 3.37 	 2.59 	0
 2.73 	 3.38 	 2.40 	2
 2.73 	 3.41 	 2.65 	0
 2.73 	 3.41 	 2.57 	1
 2.73 	 3.42 	 2.64 	2
 2.73 	 3.42 	 2.58 	2
 2.73 	 3.43 	 2.65 	0
 2.73 	 3.43 	 2.55 	2
 2.73 	 3.44 	 2.55 	1
 2.73 	 3.46 	 2.55 	2
 2.73 	 3.47 	 2.49 	0
 2.73 	 3.49 	 2.48 	2
 2.73 	 3.51 	 2.57 	0
 2.73 	 3.52 	 2.47 	0
 2.73 	 3.53 	 2.55   	0
 2.73 	 3.55 	 2.57 	1
 2.73 	 3.61 	 2.25 	2
 2.73 	 3.62 	 2.43 	2
 2.73 	 3.64 	 2.51 	2
 2.73 	 3.67 	 2.41 	1
 2.73 	 3.68 	 2.33 	0
 2.73 	 3.73 	 2.20 	1
 2.73 	 3.75  	 2.44 	0
 2.73 	 3.77 	 2.39 	2
 2.73 	 3.93 	 2.66 	0
 2.73  	  3.66  	 2.44  	0
 2.73  	 3.04 	 2.95 	1
 2.73  	 3.23 	 2.70 	0
 2.73  	 3.59 	 2.28 	0
 2.74 	 2.85 	 2.91 	1
 2.74 	 2.89 	 2.85 	1
 2.74 	 2.92 	 2.84 	2
 2.74 	 2.92 	 2.96 	2
 2.74 	 2.94 	 2.92 	0
 2.74 	 2.95 	 2.87 	2
 2.74 	 2.96 	 2.98 	1
 2.74 	 2.96 	 2.84 	2
 2.74 	 2.96 	 2.85 	2
 2.74 	 2.97 	 2.92 	1
 2.74 	 3.03 	 2.85 	1
 2.74 	 3.06	 2.84 	0
 2.74 	 3.06 	 2.83  	2
 2.74 	 3.06 	 2.69 	2
 2.74 	 3.08 	 2.81 	1
 2.74 	 3.09 	 2.77 	1
 2.74 	 3.09 	 2.74 	1
 2.74 	 3.10 	 2.87 	1
 2.74 	 3.10 	 2.75 	0
 2.74 	 3.10 	 2.74 	1
 2.74 	 3.10 	 2.70 	0
 2.74 	 3.10  	 2.83 	1
 2.74 	 3.11 	 2.78 	0
 2.74 	 3.12 	 2.77 	1
 2.74 	 3.14 	 2.75 	1
 2.74 	 3.14 	 2.73 	2
 2.74 	 3.14 	 2.69 	1
 2.74 	 3.15 	 2.76 	2
 2.74 	 3.15 	 2.81 	0
 2.74 	 3.17 	 2.80 	0
 2.74 	 3.17 	 2.69 	2
 2.74 	 3.22 	 2.74 	2
 2.74 	 3.23  	 2.71 	2
 2.74 	 3.26 	 2.77 	2
 2.74 	 3.26 	 2.62 	1
 2.74 	 3.27 	 2.72 	2
 2.74 	 3.28 	 2.65 	1
 2.74 	 3.29 	 2.72 	1
 2.74 	 3.29 	 2.57 	1
 2.74 	 3.29 	 2.59 	2
 2.74 	 3.31 	 2.71 	1
 2.74 	 3.31 	 2.55 	2
 2.74 	 3.33  	 2.69  	0
 2.74 	 3.34 	 2.62 	0
 2.74 	 3.35 	 2.60 	2
 2.74 	 3.38 	 2.40 	2
 2.74 	 3.38 	 2.55 	1
 2.74 	 3.39 	 2.41 	1
 2.74 	 3.39 	 2.36 	0
 2.74 	 3.40 	 2.58 	0
 2.74 	 3.40 	 2.44 	1
 2.74 	 3.40 	 2.53 	2
 2.74 	 3.41 	 2.66 	0
 2.74 	 3.42 	 2.44 	0
 2.74 	 3.43 	 2.56 	1
 2.74 	 3.43 	 2.50 	1
 2.74 	 3.44 	 2.52 	0
 2.74 	 3.46 	 2.32 	2
 2.74 	 3.47 	 2.59 	0
 2.74 	 3.48 	 2.55 	0
 2.74 	 3.48 	 2.52 	1
 2.74 	 3.49 	 2.37  	0
 2.74 	 3.49 	 2.52 	2
 2.74 	 3.50 	 2.36 	2
 2.74 	 3.50 	 2.49 	1
 2.74 	 3.56 	 2.44 	2
 2.74 	 3.56 	 2.30 	0
 2.74 	 3.58 	 2.47 	1
 2.74 	 3.58 	 2.55 	0
 2.74 	 3.60 	 2.34 	2
 2.74 	 3.61 	 2.51 	0
 2.74 	 3.61  	 2.54 	0
 2.74 	 3.63 	 2.47 	0
 2.74 	 3.63 	 2.42 	2
 2.74 	 3.63 	 2.44 	2
 2.74 	 3.74 	 2.34 	1
 2.74 	 3.79  	 2.44 	0
 2.74 	 3.87 	 2.20 	1
 2.74 	 3.93 	 2.21 	0
 2.74  	 2.93  	 3.03  	2
 2.74  	 3.21 	 2.65 	0
 2.74  	 3.43 	 2.65 	2
 2.74  	 3.52  	 2.52  	2
 2.74  	 3.65  	 2.48  	1
 2.75 	 2.81 	 3.16 	2
 2.75 	 2.82 	 2.95 	1
 2.75 	 2.82 	 3.02 	2
 2.75 	 2.90 	 3.04 	1
 2.75 	 2.91 	 2.95 	1
 2.75 	 2.92 	 2.82 	1
 2.75 	 2.93 	 2.86 	2
 2.75 	 2.94 	 2.98 	2
 2.75 	 2.97 	 2.98 	1
 2.75 	 2.97 	 2.60  	1
 2.75 	 2.98 	 2.91 	0
 2.75 	 2.99 	 2.85 	1
 2.75 	 3.00 	 2.82  	2
 2.75 	 3.00 	 2.75 	2
 2.75 	 3.00 	 2.77 	2
 2.75 	 3.02 	 2.80 	1
 2.75 	 3.04 	 2.92 	2
 2.75 	 3.04 	 2.78 	1
 2.75 	 3.05 	 2.82 	2
 2.75 	 3.07 	  2.91 	0
 2.75 	 3.07 	 2.78  	2
 2.75 	 3.12 	 2.81 	1
 2.75 	 3.13 	 2.84 	1
 2.75 	 3.13 	 2.77 	2
 2.75 	 3.13  	 2.72  	0
 2.75 	 3.14 	 2.77 	1
 2.75 	 3.16 	 2.73 	2
 2.75 	 3.16 	 2.69 	2
 2.75 	 3.17 	 2.72 	2
 2.75 	 3.17 	 2.73 	1
 2.75 	 3.17 	 2.54 	0
 2.75 	 3.17 	 2.69  	2
 2.75 	 3.18 	 2.78 	2
 2.75 	 3.18  	 2.79 	2
 2.75 	 3.19 	 2.70 	1
 2.75 	 3.20 	 2.62 	2
 2.75 	 3.21 	 2.64  	2
 2.75 	 3.23 	 2.69 	2
 2.75 	 3.23 	 2.59 	2
 2.75 	 3.24 	 2.69 	2
 2.75 	 3.24 	 2.58 	2
 2.75 	 3.24 	 2.62 	2
 2.75 	 3.25 	 2.63  	0
 2.75 	 3.26 	 2.69 	1
 2.75 	 3.26 	 2.68 	1
 2.75 	 3.27 	 2.62 	2
 2.75 	 3.27 	 2.61 	1
 2.75 	 3.28  	 2.68   	1
 2.75 	 3.30 	 2.63 	2
 2.75 	 3.30 	 2.55 	2
 2.75 	 3.31 	 2.55 	0
 2.75 	 3.33 	 2.49 	2
 2.75 	 3.34 	 2.51 	2
 2.75 	 3.34 	 2.45 	0
 2.75 	 3.35 	 2.48 	0
 2.75 	 3.37 	 2.65 	2
 2.75 	 3.37 	 2.54 	2
 2.75 	 3.37 	 2.54 	1
 2.75 	 3.38 	 2.62 	2
 2.75 	 3.38 	 2.59  	0
 2.75 	 3.39 	 2.35 	1
 2.75 	 3.40 	 2.44 	1
 2.75 	 3.44 	 2.54 	1
 2.75 	 3.46 	 2.45 	0
 2.75 	 3.48 	 2.54 	2
 2.75 	 3.5 	 2.73 	2
 2.75 	 3.51 	 2.48 	2
 2.75 	 3.51 	 2.44 	0
 2.75 	 3.52 	 2.43 	1
 2.75 	 3.55 	 2.45 	0
 2.75 	 3.55 	 2.32 	1
 2.75 	 3.55 	 2.24 	1
 2.75 	 3.56 	 2.51 	2
 2.75 	 3.56 	 2.45 	0
 2.75 	 3.56 	 2.49 	1
 2.75 	 3.58 	 2.48 	0
 2.75 	 3.58 	 2.40 	0
 2.75 	 3.62 	 2.43 	1
 2.75 	 3.69 	 2.25 	2
 2.75  	 2.91 	 2.95 	1
 2.75  	 2.95 	 2.78 	2
 2.75  	 2.99 	 2.78 	0
 2.75  	 3.07 	 2.91 	1
 2.75  	 3.56  	 2.56  	0
 2.75  	 3.90  	 2.25  	1
 2.76 	 2.79 	 2.96 	0
 2.76 	 2.87 	 2.91 	1
 2.76 	 2.88 	 2.86 	0
 2.76 	 2.93 	 2.79 	1
 2.76 	 2.94 	 2.80 	2
 2.76 	 2.95 	 2.85 	0
 2.76 	 2.96 	 2.82 	1
 2.76 	 2.96  	 2.97 	0
 2.76 	 2.98 	 2.83 	2
 2.76 	 2.98 	 2.83 	2
 2.76 	 2.98 	 2.69 	0
 2.76 	 2.99 	 2.75 	2
 2.76 	 2.99 	 2.78 	0
 2.76 	 2.99 	 2.87 	1
 2.76 	 3.02 	 2.29 	0
 2.76 	 3.03  	 2.82 	1
 2.76 	 3.05 	 2.87 	1
 2.76 	 3.06 	 2.81 	2
 2.76 	 3.06 	 2.67 	1
 2.76 	 3.07 	 2.70 	0
 2.76 	 3.08 	 2.83 	1
 2.76 	 3.09 	 2.87 	0
 2.76 	 3.10 	 2.85 	1
 2.76 	 3.10 	 2.71 	1
 2.76 	 3.12 	 2.68 	2
 2.76 	 3.15 	 2.75 	2
 2.76 	 3.15 	 2.80 	0
 2.76 	 3.15 	 2.74 	1
 2.76 	 3.15 	 2.72 	1
 2.76 	 3.16 	 2.71 	0
 2.76 	 3.17 	 2.67 	0
 2.76 	 3.18 	 2.73 	0
 2.76 	 3.20 	 2.78 	1
 2.76 	 3.20 	 2.64 	0
 2.76 	 3.20 	 2.53 	1
 2.76 	 3.20 	 2.63 	0
 2.76 	 3.20 	 2.63 	0
 2.76 	 3.21 	 2.68 	1
 2.76 	 3.22 	 2.60 	2
 2.76 	 3.22 	 2.58 	2
 2.76 	 3.23 	 2.59 	1
 2.76 	 3.24 	 2.68 	1
 2.76 	 3.24 	 2.64 	2
 2.76 	 3.24 	 2.61 	0
 2.76 	 3.25 	 2.72 	0
 2.76 	 3.28 	 2.68  	0
 2.76 	 3.28 	 2.58 	2
 2.76 	 3.29 	 2.41 	1
 2.76 	 3.30 	 2.41 	1
 2.76 	 3.32 	 2.56 	2
 2.76 	 3.32  	 2.60  	1
 2.76 	 3.33 	 2.60 	2
 2.76 	 3.35 	 2.53 	1
 2.76 	 3.36 	 2.42 	2
 2.76 	 3.36  	 2.51 	2
 2.76 	 3.37 	 2.68 	2
 2.76 	 3.38 	 2.57 	1
 2.76 	 3.40 	 2.38 	2
 2.76 	 3.40 	 2.51 	1
 2.76 	 3.41 	 2.52 	0
 2.76 	 3.42 	 2.54 	0
 2.76 	 3.44 	 2.36 	2
 2.76 	 3.44  	 2.54 	2
 2.76 	 3.45 	 2.32 	2
 2.76 	 3.45 	 2.35 	2
 2.76 	 3.45 	 2.35 	2
 2.76 	 3.46 	 2.34 	2
 2.76 	 3.47 	 2.34 	1
 2.76 	 3.48 	 2.50 	1
 2.76 	 3.49  	 2.32 	0
 2.76 	 3.52 	 2.36 	0
 2.76 	 3.53 	 2.58 	1
 2.76 	 3.54 	 2.55 	1
 2.76 	 3.60 	 2.54 	0
 2.76 	 3.60 	 2.44 	0
 2.76 	 3.62 	 2.49 	0
 2.76 	 3.64 	 2.44 	2
 2.76 	 3.64 	 2.30 	1
 2.76 	 3.70 	 2.42 	1
 2.76 	 3.71 	 2.35 	0
 2.76 	 3.74 	 2.31 	2
 2.76  	 3.00 	 2.95 	2
 2.76  	 3.45  	 2.53  	2
 2.76  	 3.52   	 2.55 	1
 2.77 	 2.79 	 3.02 	1
 2.77 	 2.91 	 2.87 	1
 2.77 	 2.92 	 2.95 	1
 2.77 	 2.93 	 2.97 	2
 2.77 	 2.94 	 2.83 	0
 2.77 	 2.95 	 2.97 	2
 2.77 	 3.00 	 2.73 	0
 2.77 	 3.03 	 2.82 	0
 2.77 	 3.03 	 2.69 	2
 2.77 	 3.03 	 2.75 	1
 2.77 	 3.03 	 2.84 	2
 2.77 	 3.04 	 2.88 	1
 2.77 	 3.04 	 2.73 	1
 2.77 	 3.06 	 2.75 	1
 2.77 	 3.08 	 2.76 	0
 2.77 	 3.08 	 2.80 	2
 2.77 	 3.09 	 2.76 	0
 2.77 	 3.10  	 2.76 	0
 2.77 	 3.11 	 2.71  	1
 2.77 	 3.11 	 2.68 	0
 2.77 	 3.11 	 2.72 	1
 2.77 	 3.12 	 2.74  	0
 2.77 	 3.13 	 2.83 	0
 2.77 	 3.13 	 2.76 	2
 2.77 	 3.13 	 2.75 	1
 2.77 	 3.13 	 2.66  	1
 2.77 	 3.15 	 2.69 	1
 2.77 	 3.15 	 2.59 	0
 2.77 	 3.16 	 2.69 	0
 2.77 	 3.16 	 2.62 	0
 2.77 	 3.17 	 2.65 	0
 2.77 	 3.18 	 2.72 	1
 2.77 	 3.19 	 2.73 	1
 2.77 	 3.20 	 2.68 	2
 2.77 	 3.20 	 2.64 	0
 2.77 	 3.20 	 2.61 	0
 2.77 	 3.21 	 2.74 	1
 2.77 	 3.21 	 2.63 	0
 2.77 	 3.21 	 2.46 	2
 2.77 	 3.22 	 2.73 	0
 2.77 	 3.22 	 2.59 	1
 2.77 	 3.23 	 2.74 	1
 2.77 	 3.24 	 2.65  	2
 2.77 	 3.24 	 2.67 	2
 2.77 	 3.24 	 2.52 	2
 2.77 	 3.24 	 2.57 	2
 2.77 	 3.25 	 2.56 	2
 2.77 	 3.26 	 2.68 	1
 2.77 	 3.26 	 2.63 	0
 2.77 	 3.27 	 2.65 	1
 2.77 	 3.28 	 2.55 	0
 2.77 	 3.28 	 2.63 	2
 2.77 	 3.29 	 2.64 	1
 2.77 	 3.30 	 2.38 	1
 2.77 	 3.31 	 2.57 	0
 2.77 	 3.32 	 2.46 	0
 2.77 	 3.33 	 2.58 	0
 2.77 	 3.34 	 2.58 	1
 2.77 	 3.35 	 2.63 	1
 2.77 	 3.35 	 2.37 	0
 2.77 	 3.36 	 2.60 	1
 2.77 	 3.37 	 2.37 	1
 2.77 	 3.37 	 2.50 	1
 2.77 	 3.38 	 2.56 	1
 2.77 	 3.40 	 2.51 	2
 2.77 	 3.41 	 2.37 	0
 2.77 	 3.41 	 2.43 	1
 2.77 	 3.42 	 2.47 	2
 2.77 	 3.44 	 2.46 	2
 2.77 	 3.44 	 2.46 	2
 2.77 	 3.47 	 2.46 	2
 2.77 	 3.50 	 2.26 	1
 2.77 	 3.50 	 2.34 	0
 2.77 	 3.52 	 2.55 	2
 2.77 	 3.53 	 2.48 	0
 2.77 	 3.54 	 2.60 	2
 2.77 	 3.55  	 2.45 	0
 2.77 	 3.57 	 2.30 	2
 2.77 	 3.58 	 2.40 	2
 2.77 	 3.58 	 2.49 	2
 2.77 	 3.61 	 2.42 	1
 2.77 	 3.62 	 2.44 	2
 2.77 	 3.66 	 2.37 	1
 2.77 	 3.82 	 2.37 	1
 2.77 	 3.84 	 2.41  	1
 2.77  	 3.02 	 2.78 	2
 2.77  	 3.42 	 2.42 	1
 2.77  	 3.48 	 2.59  	2
 2.78	 3.20	 2.62	1
 2.78 	 2.90 	 2.87 	2
 2.78 	 2.91 	 3.03 	0
 2.78 	 2.92 	 2.93 	1
 2.78 	 2.95 	 2.79 	1
 2.78 	 2.98  	 2.83 	1
 2.78 	 3.00 	 2.74 	2
 2.78 	 3.00 	 2.72 	0
 2.78 	 3.00 	 2.81 	1
 2.78 	 3.00 	 2.81 	2
 2.78 	 3.01 	 2.82 	0
 2.78 	 3.02 	 2.69 	1
 2.78 	 3.02 	 2.78 	2
 2.78 	 3.02 	 2.82 	0
 2.78 	 3.04  	 2.77 	2
 2.78 	 3.05 	 2.77 	1
 2.78 	 3.05 	 2.78 	1
 2.78 	 3.05 	 2.73 	2
 2.78 	 3.05 	 2.74 	2
 2.78 	 3.05 	 2.72 	1
 2.78 	 3.06 	 2.57 	2
 2.78 	 3.10 	 2.76 	2
 2.78 	 3.10 	 2.60 	2
 2.78 	 3.11 	 2.71 	0
 2.78 	 3.13 	 2.73 	0
 2.78 	 3.14 	 2.67  	0
 2.78 	 3.15 	 2.72 	2
 2.78 	 3.15 	 2.59 	0
 2.78 	 3.16 	 2.74 	1
 2.78 	 3.16 	 2.66 	0
 2.78 	 3.18 	 2.66 	2
 2.78 	 3.22 	 2.71 	0
 2.78 	 3.22 	 2.54 	2
 2.78 	 3.22 	 2.58 	1
 2.78 	 3.23 	 2.72 	1
 2.78 	 3.23 	 2.64 	1
 2.78 	 3.24 	 2.72 	0
 2.78 	 3.27 	 2.41 	0
 2.78 	 3.28  	 2.68 	2
 2.78 	 3.29 	 2.53 	2
 2.78 	 3.30 	 2.62  	2
 2.78 	 3.31  	 2.70 	2
 2.78 	 3.33  	 2.57  	1
 2.78 	 3.34 	 2.60 	2
 2.78 	 3.35 	 2.54 	2
 2.78 	 3.36 	 2.57 	0
 2.78 	 3.37 	 2.51 	2
 2.78 	 3.38 	 2.51 	2
 2.78 	 3.38 	 2.49 	1
 2.78 	 3.38 	 2.44 	2
 2.78 	 3.40 	 2.54 	1
 2.78 	 3.40 	 2.51 	0
 2.78 	 3.40 	 2.43 	0
 2.78 	 3.42 	 2.48 	2
 2.78 	 3.43 	 2.47  	0
 2.78 	 3.44 	 2.43 	0
 2.78 	 3.46  	 2.52 	0
 2.78 	 3.48 	 2.59 	1
 2.78 	 3.49 	 2.44 	1
 2.78 	 3.50 	 2.49 	2
 2.78 	 3.56 	 2.27 	0
 2.78 	 3.59 	 2.42 	0
 2.78 	 3.60 	 2.31 	1
 2.78 	 3.74 	 2.45 	1
 2.78 	 3.78 	 2.18 	0
 2.78 	 3.82 	 2.31 	2
 2.78  	 2.93 	 2.97 	1
 2.78  	 3.20 	 2.72 	2
 2.78  	 3.38 	 2.33 	1
 2.78  	 3.42 	 2.38 	1
 2.78  	 3.49  	 2.47  	2
 2.78  	 3.52 	 2.50 	1
 2.78  	 3.57  	 2.47  	2
 2.79 	 2.77 	 3.12 	0
 2.79 	 2.84 	 2.90 	0
 2.79 	 2.89 	 2.65 	2
 2.79 	 2.93 	 2.76 	0
 2.79 	 2.97 	 2.80 	1
 2.79 	 2.97 	 2.77 	1
 2.79 	 2.98 	 2.74 	1
 2.79 	 2.99 	 2.65 	0
 2.79 	 3.01 	 2.75 	2
 2.79 	 3.03 	 2.71 	1
 2.79 	 3.04 	 2.83 	0
 2.79 	 3.04 	 2.71 	2
 2.79 	 3.05 	 2.66 	1
 2.79 	 3.06 	 2.75 	2
 2.79 	 3.07 	 2.72 	2
 2.79 	 3.07 	 2.72 	2
 2.79 	 3.10  	 2.74 	0
 2.79 	 3.11 	 2.75 	1
 2.79 	 3.11 	 2.57 	1
 2.79 	 3.12 	 2.57 	0
 2.79 	 3.13 	 2.79 	0
 2.79 	 3.13 	 2.75 	1
 2.79 	 3.13   	 2.80 	0
 2.79 	 3.16 	 2.73 	0
 2.79 	 3.16 	 2.70 	2
 2.79 	 3.18 	 2.69  	1
 2.79 	 3.18 	 2.46 	2
 2.79 	 3.18 	 2.66 	0
 2.79 	 3.20 	 2.74 	2
 2.79 	 3.20 	 2.59 	2
 2.79 	 3.20 	 2.67 	2
 2.79 	 3.21 	 2.62 	1
 2.79 	 3.21 	 2.65  	1
 2.79 	 3.22 	 2.73 	1
 2.79 	 3.22 	 2.69  	2
 2.79 	 3.22 	 2.63 	1
 2.79 	 3.23 	 2.71 	1
 2.79 	 3.23 	 2.62 	2
 2.79 	 3.23 	 2.56 	2
 2.79 	 3.25 	 2.53 	1
 2.79 	 3.25  	 2.67 	2
 2.79 	 3.26 	 2.73 	0
 2.79 	 3.26 	 2.64 	0
 2.79 	 3.26 	 2.64 	0
 2.79 	 3.26 	 2.69 	1
 2.79 	 3.27 	 2.59 	2
 2.79 	 3.29 	 2.60 	2
 2.79 	 3.29  	 2.59  	2
 2.79 	 3.29   	 2.59 	2
 2.79 	 3.31 	 2.51 	2
 2.79 	 3.31 	 2.39 	2
 2.79 	 3.33 	 2.64 	0
 2.79 	 3.33 	 2.59 	1
 2.79 	 3.33 	 2.53 	2
 2.79 	 3.34 	 2.50 	0
 2.79 	 3.35 	 2.56 	1
 2.79 	 3.37 	 2.53 	1
 2.79 	 3.37 	 2.55 	2
 2.79 	 3.39 	 2.50 	2
 2.79 	 3.39 	 2.33 	1
 2.79 	 3.41 	 2.56  	0
 2.79 	 3.43 	 2.52 	2
 2.79 	 3.43 	 2.35 	2
 2.79 	 3.43 	 2.53 	2
 2.79 	 3.45 	 2.40 	0
 2.79 	 3.48 	 2.49 	0
 2.79 	 3.49 	 2.49 	1
 2.79 	 3.49 	 2.30 	1
 2.79 	 3.50 	 2.55 	1
 2.79 	 3.50 	 2.41 	2
 2.79 	 3.51 	 2.33 	2
 2.79 	 3.51 	 2.48 	0
 2.79 	 3.51 	 2.40 	2
 2.79 	 3.52 	 2.45 	2
 2.79 	 3.56 	 2.32 	2
 2.79 	 3.56 	 2.32 	0
 2.79 	 3.59 	 2.24 	2
 2.79 	 3.59  	 2.50 	1
 2.79 	 3.65  	 2.22 	2
 2.79 	 3.68 	 2.21 	2
 2.79 	 3.71 	 2.22 	0
 2.79 	 3.84 	 2.22 	2
 2.79  	 3.01 	 2.92  	1
 2.79  	 3.38  	 2.63 	0
 2.79  	 3.39  	 2.53  	1
 2.79  	 3.56  	 2.49  	1
 2.79  	 3.78  	 2.37  	1
 2.80 	 2.91 	 2.92 	2
 2.80 	 2.92 	 2.80  	0
 2.80 	 2.92 	 2.79 	0
 2.80 	 2.94 	 2.94 	1
 2.80 	 2.96 	 2.75 	2
 2.80 	 2.96 	 2.79 	1
 2.80 	 2.97 	 2.92 	1
 2.80 	 3.02 	 2.77 	1
 2.80 	 3.04 	 2.71 	0
 2.80 	 3.04 	 2.64 	2
 2.80 	 3.11 	 2.71 	1
 2.80 	 3.12 	 2.81 	1
 2.80 	 3.15 	 2.70 	0
 2.80 	 3.18 	 2.70 	0
 2.80 	 3.20 	 2.61 	1
 2.80 	 3.21 	 2.63 	1
 2.80 	 3.22 	 2.67 	0
 2.80 	 3.22 	 2.45 	1
 2.80 	 3.22 	 2.55 	2
 2.80 	 3.24 	 2.71 	0
 2.80 	 3.24 	 2.56 	2
 2.80 	 3.25 	 2.66 	2
 2.80 	 3.25 	 2.47 	0
 2.80 	 3.26 	 2.55 	2
 2.80 	 3.27 	 2.57 	2
 2.80 	 3.30 	 2.36 	2
 2.80 	 3.31 	 2.60 	0
 2.80 	 3.31 	 2.48 	2
 2.80 	 3.32 	 2.46 	1
 2.80 	 3.33 	 2.58 	2
 2.80 	 3.35 	 2.47 	1
 2.80 	 3.36 	 2.55 	1
 2.80 	 3.37 	 2.44 	1
 2.80 	 3.38 	 2.52 	0
 2.80 	 3.38 	 2.39  	2
 2.80 	 3.38 	 2.41 	1
 2.80 	 3.39 	 2.55 	1
 2.80 	 3.40 	 2.52 	2
 2.80 	 3.40 	 2.52 	2
 2.80 	 3.44 	 2.47 	0
 2.80 	 3.47 	 2.57 	1
 2.80 	 3.47 	 2.51 	1
 2.80 	 3.47 	 2.30 	1
 2.80 	 3.48 	 2.42 	2
 2.80 	 3.48 	 2.50 	2
 2.80 	 3.49 	 2.46 	2
 2.80 	 3.50 	 2.53 	2
 2.80 	 3.51 	 2.26 	2
 2.80 	 3.54 	 2.47 	0
 2.80 	 3.54 	 2.39 	2
 2.80 	 3.55 	 2.25 	2
 2.80 	 3.56 	 2.43  	2
 2.80 	 3.56 	 2.26 	2
 2.80 	 3.58 	 2.28 	1
 2.80 	 3.59 	 2.28 	2
 2.80 	 3.60 	 2.31 	1
 2.80 	 3.60 	 2.32 	2
 2.80 	 3.61 	 2.42 	1
 2.80 	 3.63 	 2.37 	1
 2.80 	 3.81 	 2.39 	1
 2.80 	 3.84 	 2.32 	1
 2.80 	 3.88 	 2.32 	2
 2.80  	 3.08 	 2.82 	0
 2.80  	 3.27  	 2.68  	1
 2.80  	 3.36  	 2.63  	1
 2.80  	 3.38 	 2.62 	2
 2.81 	 2.85 	 3.02 	2
 2.81 	 2.91 	 2.68 	2
 2.81 	 2.91  	 2.90 	0
 2.81 	 2.94 	 2.94 	0
 2.81 	 2.96 	 2.74 	0
 2.81 	 2.98 	 2.60 	1
 2.81 	 3.02 	 2.67 	0
 2.81 	 3.04 	 2.65 	2
 2.81 	 3.05 	 2.64 	0
 2.81 	 3.07 	 2.85 	1
 2.81 	 3.07 	 2.75 	0
 2.81 	 3.09 	 2.74 	2
 2.81 	 3.09 	 2.74 	2
 2.81 	 3.11 	 2.64 	0
 2.81 	 3.11 	 2.65 	1
 2.81 	 3.12 	 2.77 	1
 2.81 	 3.13 	 2.68 	2
 2.81 	 3.16 	 2.65 	1
 2.81 	 3.16 	 2.71 	1
 2.81 	 3.16 	 2.49 	2
 2.81 	 3.16 	 2.62 	0
 2.81 	 3.17 	 2.62 	2
 2.81 	 3.18 	 2.65 	2
 2.81 	 3.18 	 2.65 	2
 2.81 	 3.19 	 2.74 	2
 2.81 	 3.21 	 2.66 	2
 2.81 	 3.22 	 2.62 	1
 2.81 	 3.22 	 2.64 	1
 2.81 	 3.25 	 2.69 	2
 2.81 	 3.25 	 2.05 	1
 2.81 	 3.25 	 2.56 	2
 2.81 	 3.26 	 2.56 	1
 2.81 	 3.26 	 2.56 	1
 2.81 	 3.26 	 2.56 	1
 2.81 	 3.28 	 2.58 	0
 2.81 	 3.28 	 2.58 	0
 2.81 	 3.28 	 2.57 	1
 2.81 	 3.31 	 2.60 	1
 2.81 	 3.32 	 2.65 	1
 2.81 	 3.32 	 2.53 	0
 2.81 	 3.32 	 2.56 	0
 2.81 	 3.33 	 2.55 	1
 2.81 	 3.34 	 2.57 	0
 2.81 	 3.34 	 2.35 	2
 2.81 	 3.35 	 2.47 	1
 2.81 	 3.37 	 2.48 	2
 2.81 	 3.38 	 2.62 	0
 2.81 	 3.38 	 2.59 	2
 2.81 	 3.38 	 2.60 	2
 2.81 	 3.39 	 2.56 	2
 2.81 	 3.40 	 2.38 	2
 2.81 	 3.42 	 2.48 	0
 2.81 	 3.43 	 2.49   	0
 2.81 	 3.44 	 2.51 	2
 2.81 	 3.44 	 2.45 	0
 2.81 	 3.47 	 2.56 	0
 2.81 	 3.47 	 2.48 	2
 2.81 	 3.48 	 2.56 	2
 2.81 	 3.48 	 2.45 	0
 2.81 	 3.49 	 2.34 	1
 2.81 	 3.51 	 2.27 	1
 2.81 	 3.51 	 2.46 	0
 2.81 	 3.51 	 2.28 	2
 2.81 	 3.57 	 2.51 	0
 2.81 	 3.57 	 2.44 	0
 2.81 	 3.58 	 2.52 	0
 2.81 	 3.59 	 2.45 	1
 2.81 	 3.69 	 2.39 	1
 2.81 	 3.69 	 2.36 	2
 2.81 	 3.70 	 2.46 	2
 2.81 	 3.76 	 2.33 	0
 2.81 	 3.77 	 2.36 	1
 2.81  	 3.15 	 2.74 	0
 2.81  	 3.36 	 2.58  	2
 2.81  	 3.56 	 2.38 	1
 2.81  	 3.76  	 2.41  	0
 2.81   	 3.67  	 2.39  	0
 2.82 	 2.77 	 3.11 	1
 2.82 	 2.87 	 2.92 	0
 2.82 	 2.96 	 2.77 	1
 2.82 	 2.99 	 2.82 	2
 2.82 	 2.99 	 2.80 	1
 2.82 	 3.00 	 2.68 	2
 2.82 	 3.00 	 2.64 	0
 2.82 	 3.02 	 2.82 	0
 2.82 	 3.03 	 2.74 	2
 2.82 	 3.04 	 2.81 	1
 2.82 	 3.08 	 2.72 	1
 2.82 	 3.09 	 2.69 	1
 2.82 	 3.10 	 2.74 	2
 2.82 	 3.10 	 2.66  	1
 2.82 	 3.11 	 2.77 	2
 2.82 	 3.11 	 2.69 	2
 2.82 	 3.12 	 2.77  	2
 2.82 	 3.13 	 2.70 	2
 2.82 	 3.13 	 2.61 	0
 2.82 	 3.16 	 2.57 	1
 2.82 	 3.19 	 2.72 	2
 2.82 	 3.19 	 2.65 	2
 2.82 	 3.20  	 2.51 	1
 2.82 	 3.21 	 2.70 	0
 2.82 	 3.21 	 2.66 	2
 2.82 	 3.22 	 2.56 	2
 2.82 	 3.23 	 2.45 	1
 2.82 	 3.23 	 2.56 	0
 2.82 	 3.25 	 2.62 	0
 2.82 	 3.25 	 2.48 	0
 2.82 	 3.26 	 2.60 	0
 2.82 	 3.27 	 2.39 	0
 2.82 	 3.27 	 2.54 	2
 2.82 	 3.28 	 2.66 	2
 2.82 	 3.28 	 2.64 	0
 2.82 	 3.28 	 2.59 	0
 2.82 	 3.28 	 2.44 	0
 2.82 	 3.29 	 2.67 	2
 2.82 	 3.29 	 2.61 	0
 2.82 	 3.29 	 2.58 	1
 2.82 	 3.31 	 2.63 	1
 2.82 	 3.32 	 2.60  	1
 2.82 	 3.33 	 2.47 	2
 2.82 	 3.33 	 2.39 	0
 2.82 	 3.33 	 2.51 	1
 2.82 	 3.34 	 2.37 	1
 2.82 	 3.35 	 2.52 	1
 2.82 	 3.38 	 2.36 	0
 2.82 	 3.40 	 2.58 	0
 2.82 	 3.41 	 2.53 	2
 2.82 	 3.41 	 2.56 	1
 2.82 	 3.42 	 2.31 	1
 2.82 	 3.42 	 2.48  	2
 2.82 	 3.42 	 2.41 	0
 2.82 	 3.43 	 2.53 	1
 2.82 	 3.44 	 2.51 	0
 2.82 	 3.44 	 2.32 	2
 2.82 	 3.46 	 2.46 	2
 2.82 	 3.48 	 2.50 	1
 2.82 	 3.48 	 2.42 	1
 2.82 	 3.49 	 2.43 	1
 2.82 	 3.51 	 2.51 	2
 2.82 	 3.52 	 2.32 	2
 2.82 	 3.53 	 2.26 	2
 2.82 	 3.54 	 2.45 	0
 2.82 	 3.54 	 2.24 	2
 2.82 	 3.56 	 2.50 	2
 2.82 	 3.56 	 2.38 	1
 2.82 	 3.56 	 2.33 	2
 2.82 	 3.58 	 2.49 	2
 2.82 	 3.59 	 2.37 	1
 2.82 	 3.61 	 2.31 	2
 2.82 	 3.67 	 2.37 	2
 2.82 	 3.72 	 2.38 	0
 2.82 	 3.74 	 2.44 	2
 2.82 	 3.88 	 2.28 	1
 2.82  	 3.26  	 2.67  	1
 2.82  	 3.43 	 2.53 	1
 2.82  	 3.87  	 2.31  	0
 2.83 	 2.80 	 2.93 	0
 2.83 	 2.81  	 3.06 	0
 2.83 	 2.89 	 2.87  	1
 2.83 	 2.89 	 2.84 	0
 2.83 	 2.90 	 2.91 	0
 2.83 	 2.94 	 2.92 	0
 2.83 	 2.99 	 2.70  	2
 2.83 	 3.01 	 2.66 	2
 2.83 	 3.04  	 2.72 	2
 2.83 	 3.05 	 2.70 	1
 2.83 	 3.07 	 2.72 	0
 2.83 	 3.09 	 2.63 	2
 2.83 	 3.09 	 2.69 	2
 2.83 	 3.10  	 2.65 	0
 2.83 	 3.12 	 2.78 	0
 2.83 	 3.12 	 2.65 	1
 2.83 	 3.13 	 2.64 	2
 2.83 	 3.15 	 2.59 	1
 2.83 	 3.16 	 2.60 	0
 2.83 	 3.17 	 2.71 	0
 2.83 	 3.18 	 2.54 	1
 2.83 	 3.19 	 2.44 	1
 2.83 	 3.20 	 2.59 	0
 2.83 	 3.20 	 2.58 	1
 2.83 	 3.21 	 2.55 	0
 2.83 	 3.21 	 2.65 	1
 2.83 	 3.21 	 2.59 	0
 2.83 	 3.21 	 2.58 	1
 2.83 	 3.21  	 2.58 	0
 2.83 	 3.22 	 2.58 	2
 2.83 	 3.22 	 2.65 	1
 2.83 	 3.24 	 2.55 	1
 2.83 	 3.25 	 2.66 	2
 2.83 	 3.25 	 2.56 	2
 2.83 	 3.25 	 2.54 	1
 2.83 	 3.27 	 2.60 	2
 2.83 	 3.27 	 2.60 	1
 2.83 	 3.28 	 2.54  	1
 2.83 	 3.28 	 2.59 	0
 2.83 	 3.28 	 2.51 	0
 2.83 	 3.29 	 2.44 	2
 2.83 	 3.30 	 2.59 	0
 2.83 	 3.31 	 2.58 	2
 2.83 	 3.32 	 2.55 	0
 2.83 	 3.33 	 2.50 	2
 2.83 	 3.33  	 2.61 	0
 2.83 	 3.35 	 2.52 	2
 2.83 	 3.35 	 2.52 	0
 2.83 	 3.37 	 2.52  	2
 2.83 	 3.37 	 2.53 	2
 2.83 	 3.38 	 2.51  	2
 2.83 	 3.38 	 2.37 	1
 2.83 	 3.39 	 2.52  	0
 2.83 	 3.39 	 2.46 	2
 2.83 	 3.40 	 2.41 	1
 2.83 	 3.41 	 2.54 	1
 2.83 	 3.42 	 2.28 	1
 2.83 	 3.44 	 2.46  	2
 2.83 	 3.44 	 2.33 	2
 2.83 	 3.44 	 2.42 	2
 2.83 	 3.46 	 2.54 	1
 2.83 	 3.47 	 2.58  	0
 2.83 	 3.47 	 2.53 	2
 2.83 	 3.47 	 2.28 	2
 2.83 	 3.48 	 2.46 	2
 2.83 	 3.50  	 2.25 	1
 2.83 	 3.51 	 2.25 	1
 2.83 	 3.52 	 2.47 	2
 2.83 	 3.53 	 2.37  	1
 2.83 	 3.56 	 2.42 	1
 2.83 	 3.56 	 2.37 	1
 2.83 	 3.56 	 2.25 	2
 2.83 	 3.57 	 2.50 	2
 2.83 	 3.57  	 2.24 	1
 2.83 	 3.59 	 2.39 	0
 2.83 	 3.61 	 2.28 	2
 2.83 	 3.61 	 2.23 	2
 2.83 	 3.61 	 2.42 	1
 2.83 	 3.62 	 2.21 	2
 2.83 	 3.64  	 2.38 	0
 2.83 	 3.65 	 2.33 	0
 2.83 	 3.70 	 2.30 	0
 2.83 	 3.79 	 2.21 	2
 2.83 	 3.83 	 2.28 	1
 2.83  	 3.11 	 2.70 	2
 2.83  	 3.23 	 2.61 	2
 2.83  	 3.34 	 2.52 	0
 2.83  	 3.37  	 2.62  	2
 2.83  	 3.72 	 2.44 	0
 2.83  	 3.74  	 2.39  	0
 2.83  	 3.81  	 2.39  	1
 2.84 	 2.83 	 3.04 	2
 2.84 	 2.85 	 2.83 	0
 2.84 	 2.94 	 2.73 	2
 2.84 	 2.95 	 2.92 	1
 2.84 	 2.95 	 2.85 	0
 2.84 	 2.95 	 2.75 	1
 2.84 	 2.95 	 2.73 	1
 2.84 	 2.97 	 2.77 	1
 2.84 	 2.97 	 2.65 	0
 2.84 	 2.98 	 2.87 	2
 2.84 	 3.04 	 2.71 	2
 2.84 	 3.07 	 2.69 	2
 2.84 	 3.11 	 2.68 	2
 2.84 	 3.14 	 2.47 	1
 2.84 	 3.15 	 2.60 	0
 2.84 	 3.19 	 2.51 	2
 2.84 	 3.20 	 2.68 	1
 2.84 	 3.24 	 2.58 	2
 2.84 	 3.25 	 2.56 	0
 2.84 	 3.25 	 2.60 	2
 2.84 	 3.25 	 2.62 	1
 2.84 	 3.28 	 2.48 	2
 2.84 	 3.29 	 2.62 	1
 2.84 	 3.32 	  2.60 	0
 2.84 	 3.32 	 2.54 	2
 2.84 	 3.32 	 2.47 	0
 2.84 	 3.33 	 2.33 	2
 2.84 	 3.34 	 2.52 	1
 2.84 	 3.35 	 2.41 	1
 2.84 	 3.36 	 2.59 	1
 2.84 	 3.36 	 2.47 	1
 2.84 	 3.38 	 2.38 	2
 2.84 	 3.39 	 2.30 	2
 2.84 	 3.40 	 2.52 	2
 2.84 	 3.40 	 2.30 	1
 2.84 	 3.43 	 2.47 	1
 2.84 	 3.49 	 2.46 	1
 2.84 	 3.50 	 2.38 	1
 2.84 	 3.51 	 2.44 	0
 2.84 	 3.53 	 2.49 	0
 2.84 	 3.54 	 2.45 	1
 2.84 	 3.54 	 2.26 	0
 2.84 	 3.55 	 2.43 	0
 2.84 	 3.55 	 2.40 	1
 2.84 	 3.57 	 2.20 	1
 2.84 	 3.60 	 2.27 	1
 2.84 	 3.63  	 2.40 	1
 2.84 	 3.64 	 2.34 	1
 2.84 	 3.69 	 2.41 	2
 2.84 	 3.71 	 2.18 	0
 2.84 	 3.78 	 2.20 	0
 2.84 	 3.79 	 2.34 	0
 2.84  	 2.88 	 2.93 	0
 2.84  	 2.93 	 2.75 	0
 2.84  	 3.18 	 2.65 	2
 2.84  	 3.23 	 2.54 	2
 2.84  	 3.28 	 2.59 	1
 2.84  	 3.29 	 1.98 	2
 2.84  	 3.29 	 2.58 	0
 2.84  	 3.33  	 2.53  	0
 2.84  	 3.34 	 2.48 	2
 2.84  	 3.52  	 2.45  	2
 2.84  	 3.55 	 2.57  	1
 2.85 	 2.86 	 2.82  	0
 2.85 	 2.90 	 2.74 	0
 2.85 	 2.90 	 2.85 	2
 2.85 	 2.93 	 2.56 	2
 2.85 	 2.94 	 2.72 	1
 2.85 	 2.95  	 2.59 	1
 2.85 	 2.99 	 2.86 	2
 2.85 	 2.99 	 2.77 	1
 2.85 	 3.02 	 2.67 	2
 2.85 	 3.03 	 2.63 	0
 2.85 	 3.04 	 2.73 	0
 2.85 	 3.05 	 2.64 	0
 2.85 	 3.07 	 2.65 	2
 2.85 	 3.08 	 2.60 	0
 2.85 	 3.08 	 2.59 	2
 2.85 	 3.08  	 2.78 	0
 2.85 	 3.10 	 2.62 	2
 2.85 	 3.10 	 2.72 	0
 2.85 	 3.12 	 2.69 	0
 2.85 	 3.14 	 2.65 	1
 2.85 	 3.15 	 2.50 	2
 2.85 	 3.16 	 2.70 	0
 2.85 	 3.17 	 2.62 	0
 2.85 	 3.18 	 2.63 	1
 2.85 	 3.18  	 2.72 	1
 2.85 	 3.21 	 2.63 	2
 2.85 	 3.23 	 2.53 	2
 2.85 	 3.24 	 2.54 	0
 2.85 	 3.25 	 2.60 	2
 2.85 	 3.25 	 2.59 	2
 2.85 	 3.25 	 2.53 	1
 2.85 	 3.26 	 2.58 	0
 2.85 	 3.27 	 2.64 	1
 2.85 	 3.28 	 2.55  	0
 2.85 	 3.29 	 2.51 	1
 2.85 	 3.29 	 2.50 	1
 2.85 	 3.30 	 2.51 	2
 2.85 	 3.31 	 2.58 	2
 2.85 	 3.31 	 2.33 	2
 2.85 	 3.32 	 2.38 	0
 2.85 	 3.32 	 2.47  	1
 2.85 	 3.35 	 2.52 	2
 2.85 	 3.36 	 2.53 	2
 2.85 	 3.37 	 2.52 	2
 2.85 	 3.40 	 2.44 	1
 2.85 	 3.41 	 2.02 	2
 2.85 	 3.41 	 2.44 	2
 2.85 	 3.44 	 2.44 	1
 2.85 	 3.45 	 2.28 	1
 2.85 	 3.51 	 2.25 	0
 2.85 	 3.52 	 2.26 	0
 2.85 	 3.54 	 2.33 	1
 2.85 	 3.56 	 2.46 	0
 2.85 	 3.58 	 2.34 	1
 2.85 	 3.59 	 2.23 	2
 2.85 	 3.61 	 2.26 	1
 2.85 	 3.70  	 2.39 	0
 2.85 	 3.72 	 2.24 	2
 2.85 	 3.79 	 2.23 	1
 2.85 	 3.81 	 2.37 	1
 2.85 	 3.88 	 2.26 	2
 2.85 	 3.91 	 2.31 	2
 2.85  	 3.03	 2.83 	1
 2.85  	 3.29  	 2.57  	0
 2.85  	 3.53 	 2.49 	1
 2.85  	 3.62 	 2.21 	1
 2.86 	 2.75 	 2.83 	2
 2.86 	 2.76 	 3.05 	2
 2.86 	 2.85 	 2.82 	0
 2.86 	 2.97 	 2.65 	1
 2.86 	 2.97 	 2.70 	0
 2.86 	 2.99 	 2.84  	1
 2.86 	 3.03 	 2.70 	2
 2.86 	 3.04 	 2.80 	1
 2.86 	 3.04 	 2.70 	0
 2.86 	 3.04 	 2.76 	0
 2.86 	 3.04  	 2.78 	2
 2.86 	 3.05 	 2.69  	0
 2.86 	 3.05 	 2.66 	2
 2.86 	 3.06 	 2.80  	0
 2.86 	 3.06 	 2.78  	1
 2.86 	 3.08 	 2.70 	2
 2.86 	 3.09 	 2.64 	2
 2.86 	 3.13 	 2.71  	0
 2.86 	 3.13 	 2.67 	1
 2.86 	 3.14 	 2.63 	2
 2.86 	 3.14 	 2.65 	0
 2.86 	 3.15 	 2.55 	1
 2.86 	 3.15 	 2.64 	2
 2.86 	 3.16 	 2.68 	2
 2.86 	 3.17 	 2.62 	1
 2.86 	 3.18 	 2.64 	2
 2.86 	 3.18 	 2.47 	1
 2.86 	 3.18 	 2.58 	1
 2.86 	 3.19 	 2.45 	0
 2.86 	 3.20 	 2.67 	0
 2.86 	 3.20 	 2.59 	1
 2.86 	 3.21 	 2.53 	0
 2.86 	 3.22 	 2.55 	1
 2.86 	 3.22 	 2.50 	2
 2.86 	 3.23 	 2.62 	1
 2.86 	 3.23 	 2.58 	0
 2.86 	 3.24 	 2.45 	1
 2.86 	 3.25 	 2.57 	1
 2.86 	 3.27 	 2.63 	1
 2.86 	 3.27 	 2.35 	1
 2.86 	 3.32 	 2.36 	0
 2.86 	 3.32 	 2.46 	0
 2.86 	 3.34 	 2.56 	1
 2.86 	 3.34 	 2.52 	1
 2.86 	 3.34 	 2.46 	1
 2.86 	 3.34 	 2.44 	1
 2.86 	 3.35 	 2.39 	0
 2.86 	 3.37 	 2.51 	2
 2.86 	 3.38 	 2.48 	0
 2.86 	 3.38 	 2.48 	0
 2.86 	 3.39 	 2.37 	1
 2.86 	 3.39 	 2.43 	1
 2.86 	 3.41 	 2.56 	0
 2.86 	 3.44 	 2.52 	0
 2.86 	 3.44 	 2.40 	2
 2.86 	 3.44 	 2.46 	2
 2.86 	 3.45 	 2.46 	2
 2.86 	 3.47 	 2.49 	0
 2.86 	 3.48 	 2.42 	0
 2.86 	 3.50 	 2.45 	0
 2.86 	 3.50 	 2.31 	0
 2.86 	 3.51 	 2.35 	2
 2.86 	 3.53 	 2.31 	2
 2.86 	 3.53  	 2.34  	2
 2.86 	 3.55 	 2.40 	0
 2.86 	 3.61 	 2.32 	2
 2.86 	 3.63 	 2.35 	2
 2.86 	 3.63 	 2.36 	2
 2.86 	 3.63 	 2.33 	1
 2.86 	 3.73 	 2.31 	1
 2.86 	 4.21 	 2.20 	2
 2.86  	  3.24 	 2.63 	0
 2.86  	 3.39 	 2.29 	1
 2.86  	 3.43 	 2.43 	1
 2.86  	 3.56  	 2.40  	0
 2.86   	 3.44  	 2.46   	0
 2.87 	 2.80 	 2.85 	1
 2.87 	 2.90 	 2.80 	0
 2.87 	 2.91 	 2.82 	0
 2.87 	 2.95 	 2.86 	2
 2.87 	 2.98 	 2.67 	1
 2.87 	 3.00 	 2.63 	2
 2.87 	 3.01 	 2.64 	1
 2.87 	 3.04 	 2.72 	1
 2.87 	 3.07 	 2.64 	2
 2.87 	 3.07 	 2.55 	1
 2.87 	 3.08 	 2.70 	1
 2.87 	 3.10	 2.68 	2
 2.87 	 3.11 	 2.67 	1
 2.87 	 3.12 	 2.56 	0
 2.87 	 3.12 	 2.56 	0
 2.87 	 3.12 	 2.57 	0
 2.87 	 3.14 	 2.49 	2
 2.87 	 3.14 	 2.58 	0
 2.87 	 3.14 	 2.56 	2
 2.87 	 3.15 	 2.72 	2
 2.87 	 3.17 	 2.58 	2
 2.87 	 3.18 	 2.63 	2
 2.87 	 3.22 	 2.45 	1
 2.87 	 3.23 	 2.48 	0
 2.87 	 3.23 	 2.56 	2
 2.87 	 3.23 	 2.53 	0
 2.87 	 3.24 	 2.58 	1
 2.87 	 3.24 	 2.42 	0
 2.87 	 3.24 	 2.42 	0
 2.87 	 3.25 	 2.53 	1
 2.87 	 3.25 	 2.53 	1
 2.87 	 3.25 	 2.47 	0
 2.87 	 3.26 	 2.58 	0
 2.87 	 3.28 	 2.48 	0
 2.87 	 3.28 	 2.48 	0
 2.87 	 3.28 	 2.54 	2
 2.87 	 3.33 	 2.36 	2
 2.87 	 3.35 	 2.44 	1
 2.87 	 3.36 	 2.55 	0
 2.87 	 3.37  	 2.56 	2
 2.87 	 3.40 	 2.47 	2
 2.87 	 3.41 	 2.52 	0
 2.87 	 3.41 	 2.32 	1
 2.87 	 3.41 	 2.43 	1
 2.87 	 3.43 	 2.46 	2
 2.87 	 3.43 	 2.41 	1
 2.87 	 3.44 	 2.48 	2
 2.87 	 3.44 	 2.25 	1
 2.87 	 3.44 	 2.37 	0
 2.87 	 3.46 	 2.44 	2
 2.87 	 3.47 	 2.50 	2
 2.87 	 3.49 	 2.41 	2
 2.87 	 3.50 	 2.36 	2
 2.87 	 3.51 	 2.43 	1
 2.87 	 3.53 	 2.38 	2
 2.87 	 3.53 	 2.37  	2
 2.87 	 3.53 	 2.41 	0
 2.87 	 3.55 	 2.48 	2
 2.87 	 3.57 	 2.38 	2
 2.87 	 3.60 	 2.38 	0
 2.87 	 3.63 	 2.38  	1
 2.87 	 3.63 	 2.19 	2
 2.87 	 3.67 	 2.33 	2
 2.87 	 3.71 	 2.39 	2
 2.87 	 3.74 	 2.32 	1
 2.87  	 2.94  	 2.88 	0
 2.87  	 3.30  	 2.53  	0
 2.87  	 3.44 	 2.52 	0
 2.87  	 3.56  	 2.47  	1
 2.88 	 2.84 	 2.93 	0
 2.88 	 2.85 	 2.97 	2
 2.88 	 2.86 	 2.76 	1
 2.88 	 2.87 	 2.80 	1
 2.88 	 2.89 	 2.80 	1
 2.88 	 2.91 	 2.76 	0
 2.88 	 2.98 	 2.70 	1
 2.88 	 3.00 	 2.62 	2
 2.88 	 3.01 	 2.67 	1
 2.88 	 3.05 	 2.62 	0
 2.88 	 3.05 	 2.48 	1
 2.88 	 3.06 	 2.57 	2
 2.88 	 3.07 	 2.60 	2
 2.88 	 3.08 	 2.64 	2
 2.88 	 3.09 	 2.65 	2
 2.88 	 3.10 	 2.63  	1
 2.88 	 3.10 	 2.65 	1
 2.88 	 3.13 	 2.69 	0
 2.88 	 3.13 	 2.56 	2
 2.88 	 3.15 	 2.61 	2
 2.88 	 3.16 	 2.71 	0
 2.88 	 3.16 	 2.61 	2
 2.88 	 3.16 	 2.49 	0
 2.88 	 3.18 	 2.56 	0
 2.88 	 3.19 	 2.60 	2
 2.88 	 3.19 	 2.53 	2
 2.88 	 3.20 	 2.52 	0
 2.88 	 3.20 	 2.46 	0
 2.88 	 3.22 	 2.51 	1
 2.88 	 3.22 	 2.56 	2
 2.88 	 3.25 	 2.54 	0
 2.88 	 3.28 	 2.60 	0
 2.88 	 3.29 	 2.58  	1
 2.88 	 3.29 	 2.51 	1
 2.88 	 3.29 	 2.38 	1
 2.88 	 3.30 	 2.52 	1
 2.88 	 3.30 	 2.50 	1
 2.88 	 3.31 	 2.59 	2
 2.88 	 3.32  	 2.56  	1
 2.88 	 3.34 	 2.37 	2
 2.88 	 3.35 	 2.50 	2
 2.88 	 3.35 	 2.38 	1
 2.88 	 3.37 	 2.40 	2
 2.88 	 3.38 	 2.52 	1
 2.88 	 3.38 	 2.43 	0
 2.88 	 3.41 	 2.34 	0
 2.88 	 3.44 	 2.47 	1
 2.88 	 3.45 	 2.47 	2
 2.88 	 3.45 	 2.48 	1
 2.88 	 3.45 	 2.46 	0
 2.88 	 3.49 	 2.44 	2
 2.88 	 3.49  	 2.30 	1
 2.88 	 3.51 	 2.48 	1
 2.88 	 3.51 	 2.46 	1
 2.88 	 3.52 	 2.45 	0
 2.88 	 3.52 	 2.34 	0
 2.88 	 3.53 	 2.22 	2
 2.88 	 3.53 	 2.25 	2
 2.88 	 3.54 	 2.43 	1
 2.88 	 3.54 	 2.40 	0
 2.88 	 3.55 	 2.38 	2
 2.88 	 3.57 	 2.36 	2
 2.88 	 3.58 	 2.34 	0
 2.88 	 3.64 	 2.31 	0
 2.88 	 3.66 	 2.18 	2
 2.88 	 3.76 	 2.18 	0
 2.88 	 3.81 	 2.31 	0
 2.88  	 3.10 	 2.71 	2
 2.88  	 3.16 	 2.43 	2
 2.88  	 3.42 	 2.32 	1
 2.88  	 3.44   	 2.53  	2
 2.88  	 3.53 	 2.45  	0
 2.88  	 3.79  	 2.38  	0
 2.88  	 3.80  	 2.36  	2
 2.88  	 4.14 	 2.20   	2
 2.89 	 2.80 	 2.78 	1
 2.89 	 2.80 	 2.82 	2
 2.89 	 2.89 	 2.83 	0
 2.89 	 2.90 	 2.80 	2
 2.89 	 2.92 	 2.73 	0
 2.89 	 2.94 	 2.85 	1
 2.89 	 2.97 	 2.77 	2
 2.89 	 3.01 	 2.70 	2
 2.89 	 3.04 	 2.45 	0
 2.89 	 3.05 	 2.56  	0
 2.89 	 3.06 	 2.64 	1
 2.89 	 3.10 	 2.62 	0
 2.89 	 3.13 	 2.65  	1
 2.89 	 3.15 	 2.40 	2
 2.89 	 3.16 	 2.61 	2
 2.89 	 3.16 	 2.61 	1
 2.89 	 3.16 	 2.48 	0
 2.89 	 3.20 	 2.50 	0
 2.89 	 3.20 	 2.48 	2
 2.89 	 3.21 	 2.59 	2
 2.89 	 3.22 	 2.53 	2
 2.89 	 3.23 	 3.57  	2
 2.89 	 3.23 	 2.51 	2
 2.89 	 3.24 	 2.57 	1
 2.89 	 3.24  	 2.57 	1
 2.89 	 3.25 	 2.63 	1
 2.89 	 3.27 	 2.54 	2
 2.89 	 3.27 	 2.55 	1
 2.89 	 3.28 	 2.53 	2
 2.89 	 3.29 	 2.47 	1
 2.89 	 3.30 	 2.52 	0
 2.89 	 3.30 	 2.27 	0
 2.89 	 3.30 	 2.32 	1
 2.89 	 3.31 	 2.57  	2
 2.89 	 3.31 	 2.46 	1
 2.89 	 3.32 	 2.52 	0
 2.89 	 3.32 	 2.47  	2
 2.89 	 3.32 	 2.46 	0
 2.89 	 3.33 	 2.49 	1
 2.89 	 3.33 	 2.36 	2
 2.89 	 3.33 	 2.49 	1
 2.89 	 3.35 	 2.34 	0
 2.89 	 3.35 	 2.45 	1
 2.89 	 3.36 	 2.43 	1
 2.89 	 3.37 	 2.29 	2
 2.89 	 3.37 	 2.43 	2
 2.89 	 3.40 	 2.44 	2
 2.89 	 3.40 	 2.41 	2
 2.89 	 3.43 	 2.45 	0
 2.89 	 3.43 	 3.29 	2
 2.89 	 3.44 	 2.35 	2
 2.89 	 3.45 	 2.33 	2
 2.89 	 3.46 	 2.23 	2
 2.89 	 3.47 	 2.37 	1
 2.89 	 3.48 	 2.40 	0
 2.89 	 3.49 	 2.42 	1
 2.89 	 3.52 	 2.33 	0
 2.89 	 3.55 	 2.33  	2
 2.89 	 3.56 	 2.37 	0
 2.89 	 3.56 	 2.32 	1
 2.89 	 3.57 	 2.20 	0
 2.89 	 3.58 	 2.20 	2
 2.89 	 3.61 	 2.35 	2
 2.89 	 3.61 	 2.21 	1
 2.89 	 3.62 	 2.38 	1
 2.89 	 3.63 	 2.73 	1
 2.89 	 3.83 	 2.31 	2
 2.89  	  3.43  	 2.44  	1
 2.89  	 2.98 	 2.68 	2
 2.89  	 3.24 	 2.58 	1
 2.89  	 3.25 	 2.48 	1
 2.89  	 3.41 	 2.35 	1
 2.89  	 3.46  	 2.46  	2
 2.89  	 3.75  	 2.33 	2
 2.90 	  3.46 	 2.28 	1
 2.90 	 2.81 	 2.77 	2
 2.90 	 2.89  	 2.92   	1
 2.90 	 2.93 	 2.77 	1
 2.90 	 2.95 	 2.69 	1
 2.90 	 2.96 	 2.70 	2
 2.90 	 3.00 	 2.58 	2
 2.90 	 3.00 	 2.62  	0
 2.90 	 3.04 	 2.57 	0
 2.90 	 3.05 	 2.70 	0
 2.90 	 3.05 	 2.63 	0
 2.90 	 3.06 	 2.70 	2
 2.90 	 3.07 	 2.74 	0
 2.90 	 3.07 	 2.61 	2
 2.90 	 3.08 	 2.43 	1
 2.90 	 3.08 	 2.66 	0
 2.90 	 3.09 	 2.61 	0
 2.90 	 3.09 	 2.64 	2
 2.90 	 3.09 	 2.62 	0
 2.90 	 3.09 	 2.56 	1
 2.90 	 3.11 	 2.69 	0
 2.90 	 3.11 	 2.57 	1
 2.90 	 3.12 	 2.53 	2
 2.90 	 3.13 	 2.62 	2
 2.90 	 3.15 	 2.42 	2
 2.90 	 3.15 	 2.57 	2
 2.90 	 3.15 	 2.67 	1
 2.90 	 3.16 	 2.68 	2
 2.90 	 3.17 	 2.47 	0
 2.90 	 3.18 	 2.57 	0
 2.90 	 3.18 	 2.48 	1
 2.90 	 3.18 	 2.54 	2
 2.90 	 3.19 	 2.56 	1
 2.90 	 3.20 	 2.61 	1
 2.90 	 3.21 	 2.64  	1
 2.90 	 3.21 	 2.67 	0
 2.90 	 3.24 	 2.63 	0
 2.90 	 3.25 	 2.55 	0
 2.90 	 3.32 	 2.47 	2
 2.90 	 3.32 	 2.46 	2
 2.90 	 3.32 	 2.50 	2
 2.90 	 3.32 	 2.39 	2
 2.90 	 3.34 	 2.54 	2
 2.90 	 3.34 	 2.50 	0
 2.90 	 3.35 	 2.48 	1
 2.90 	 3.37 	 2.33 	0
 2.90 	 3.40 	 2.39 	0
 2.90 	 3.41 	 2.40 	2
 2.90 	 3.41 	 2.44 	1
 2.90 	 3.42 	 2.30 	0
 2.90 	 3.46 	 2.38 	0
 2.90 	 3.46 	 2.42 	2
 2.90 	 3.46 	 2.42 	0
 2.90 	 3.47   	 2.45  	2
 2.90 	 3.48 	 2.23 	2
 2.90 	 3.49 	 2.38 	2
 2.90 	 3.49 	 2.27 	0
 2.90 	 3.49 	 2.24 	2
 2.90 	 3.49 	 2.23 	0
 2.90 	 3.50 	 2.40 	1
 2.90 	 3.50 	 2.31 	2
 2.90 	 3.53 	 2.42 	2
 2.90 	 3.58 	 2.42 	1
 2.90 	 3.60 	 2.20 	2
 2.90 	 3.60 	 2.36 	0
 2.90 	 3.60 	 2.32 	0
 2.90 	 3.62 	 2.25 	2
 2.90 	 3.62 	 2.17 	0
 2.90 	 3.64 	 2.13 	2
 2.90 	 3.71 	 2.24 	0
 2.90 	 3.73  	 2.33 	0
 2.90 	 3.75 	 2.34  	1
 2.90  	 3.30 	 2.57 	2
 2.90  	 3.36 	 2.55  	2
 2.90  	 3.52 	 2.46 	1
 2.90  	 3.54  	 2.39  	2
 2.90  	 3.59  	 2.38  	2
 2.90  	 3.67  	 2.34  	1
 2.91 	 2.47 	 3.21 	0
 2.91 	 2.69 	 3.13 	1
 2.91 	 2.84 	 2.79 	1
 2.91 	 2.89 	 2.76 	0
 2.91 	 2.94 	 2.64 	1
 2.91 	 2.97 	 2.73 	2
 2.91 	 2.98 	 2.68 	2
 2.91 	 2.98 	 2.79  	0
 2.91 	 3.01 	 2.78 	1
 2.91 	 3.02 	 2.67 	0
 2.91 	 3.03 	 2.62 	0
 2.91 	 3.05 	 2.61 	0
 2.91 	 3.05 	 2.54 	1
 2.91 	 3.09 	 2.57 	1
 2.91 	 3.10 	 2.69  	0
 2.91 	 3.10 	 2.61 	1
 2.91 	 3.10 	 2.55 	2
 2.91 	 3.13 	 2.66  	1
 2.91 	 3.15 	 2.60 	1
 2.91 	 3.15 	 2.53 	0
 2.91 	 3.17 	 2.55 	2
 2.91 	 3.17 	 2.55 	2
 2.91 	 3.18 	 2.57 	0
 2.91 	 3.19 	 2.60 	1
 2.91 	 3.19 	 2.53 	2
 2.91 	 3.20 	 2.59  	1
 2.91 	 3.21 	 2.61 	0
 2.91 	 3.21 	 2.51 	1
 2.91 	 3.23 	 2.43 	2
 2.91 	 3.25 	 2.52 	2
 2.91 	 3.26 	 2.57 	1
 2.91 	 3.26 	 2.50 	0
 2.91 	 3.28 	 2.59 	1
 2.91 	 3.28 	 2.51 	2
 2.91 	 3.28 	 2.40  	0
 2.91 	 3.30 	 2.57 	0
 2.91 	 3.30 	 2.5 	1
 2.91 	 3.31 	 2.32 	2
 2.91 	 3.31 	 2.44 	2
 2.91 	 3.33 	 2.34 	2
 2.91 	 3.35 	 2.45 	2
 2.91 	 3.37 	 2.43 	1
 2.91 	 3.38 	 2.47 	0
 2.91 	 3.39 	 2.40 	1
 2.91 	 3.47 	 2.42 	2
 2.91 	 3.48 	 2.41 	2
 2.91 	 3.49 	 2.41 	1
 2.91 	 3.50 	 2.43  	0
 2.91 	 3.50 	 2.28 	2
 2.91 	 3.51 	 2.43 	2
 2.91 	 3.54 	 2.26 	2
 2.91 	 3.60 	 2.23 	0
 2.91 	 3.62 	 2.36 	1
 2.91 	 3.66 	 2.30 	0
 2.91 	 3.71 	 2.32 	2
 2.91 	 3.78 	 2.26  	0
 2.91 	 3.80 	 2.33  	1
 2.91 	 4.01 	 2.25 	2
 2.91  	 3.15 	 2.45 	0
 2.91  	 3.58 	 2.38  	0
 2.91  	 3.64 	 2.25 	0
 2.91   	 3.20 	 2.59 	2
 2.92 	 2.72 	 3.12 	1
 2.92 	 2.77 	 2.82 	0
 2.92 	 2.85 	 2.82 	2
 2.92 	 2.93 	 2.87 	1
 2.92 	 2.95 	 2.64 	1
 2.92 	 2.98 	 2.65 	1
 2.92 	 3.06 	 2.63 	0
 2.92 	 3.07 	 2.69  	2
 2.92 	 3.07 	 2.62 	0
 2.92 	 3.09 	 2.63 	2
 2.92 	 3.12 	 2.62 	1
 2.92 	 3.13 	 2.52 	0
 2.92 	 3.14 	 2.58 	2
 2.92 	 3.15 	 2.52 	1
 2.92 	 3.16 	 2.58 	1
 2.92 	 3.17 	 2.59 	0
 2.92 	 3.18 	 2.57 	2
 2.92 	 3.18 	 2.58 	0
 2.92 	 3.20 	 2.51 	2
 2.92 	 3.21 	 2.40 	2
 2.92 	 3.24 	 2.47 	0
 2.92 	 3.24 	 2.48 	0
 2.92 	 3.25 	 2.58 	0
 2.92 	 3.26 	 2.56 	2
 2.92 	 3.26 	 2.36 	0
 2.92 	 3.28 	 2.50 	0
 2.92 	 3.29 	 2.53 	0
 2.92 	 3.33 	 2.47 	0
 2.92 	 3.34 	 2.45 	0
 2.92 	 3.34 	 2.48  	0
 2.92 	 3.34 	 2.38 	2
 2.92 	 3.35 	 2.46 	2
 2.92 	 3.35 	 2.45  	0
 2.92 	 3.35 	 2.28 	2
 2.92 	 3.35 	 2.39 	2
 2.92 	 3.38 	 2.49  	2
 2.92 	 3.39 	 2.37 	2
 2.92 	 3.41 	 2.46 	0
 2.92 	 3.42 	 2.43 	0
 2.92 	 3.43 	 2.35 	1
 2.92 	 3.44 	 2.29 	2
 2.92 	 3.45 	 2.28 	1
 2.92 	 3.46 	 2.41 	1
 2.92 	 3.46 	 2.37 	2
 2.92 	 3.50 	 2.40  	2
 2.92 	 3.50 	 2.43 	0
 2.92 	 3.50 	 2.26 	2
 2.92 	 3.54 	 2.39 	2
 2.92 	 3.57 	 2.37 	0
 2.92 	 3.57 	 2.20 	1
 2.92 	 3.59 	 2.17 	1
 2.92 	 3.61  	 2.35 	0
 2.92 	 3.63 	 2.34 	1
 2.92 	 3.64 	 2.22 	2
 2.92 	 3.70 	 2.30 	1
 2.92 	 3.72 	 2.39 	2
 2.92 	 3.76 	 2.27 	0
 2.92 	 3.80 	 2.27 	0
 2.92 	 3.90 	 2.23 	0
 2.92  	 3.17 	 2.65 	0
 2.92  	 3.30  	 2.56 	2
 2.92  	 3.31  	 2.55 	2
 2.92  	 3.45 	 2.46 	1
 2.92  	 3.56  	 2.36  	2
 2.92  	 3.84  	 2.25  	1
 2.93 	 2.86 	 2.73 	1
 2.93 	 2.92 	 2.83 	0
 2.93 	 2.95 	 2.68 	2
 2.93 	 2.95 	 2.72 	0
 2.93 	 2.95 	 2.71 	0
 2.93 	 3.02 	 2.66 	2
 2.93 	 3.04 	 2.62 	1
 2.93 	 3.08 	 2.62 	1
 2.93 	 3.09  	 2.54 	1
 2.93 	 3.10 	 2.68 	1
 2.93 	 3.10 	 2.53 	2
 2.93 	 3.13 	 2.61 	0
 2.93 	 3.15 	  2.61 	0
 2.93 	 3.15 	 2.47 	1
 2.93 	 3.16 	 2.53 	1
 2.93 	 3.16 	 2.51 	0
 2.93 	 3.17 	 2.56 	1
 2.93 	 3.18 	 2.47 	0
 2.93 	 3.18 	 2.48 	0
 2.93 	 3.19 	 2.52  	1
 2.93 	 3.2 	 2.54 	2
 2.93 	 3.20 	 2.48 	0
 2.93 	 3.23 	 2.63 	0
 2.93 	 3.25 	 2.50 	2
 2.93 	 3.27 	 2.56 	1
 2.93 	 3.29 	 2.54 	1
 2.93 	 3.32 	 2.45 	2
 2.93 	 3.32 	 2.43 	1
 2.93 	 3.34 	 2.51 	2
 2.93 	 3.34 	 2.34 	2
 2.93 	 3.40 	 2.34 	1
 2.93 	 3.41 	 2.39 	0
 2.93 	 3.42 	 2.49 	1
 2.93 	 3.44 	 2.31 	2
 2.93 	 3.45 	 2.41 	1
 2.93 	 3.45 	 2.22 	2
 2.93 	 3.45 	 2.43 	0
 2.93 	 3.46 	 2.38 	2
 2.93 	 3.46 	 2.37 	2
 2.93 	 3.46 	 2.22 	2
 2.93 	 3.47 	 2.48 	2
 2.93 	 3.47 	 2.45 	2
 2.93 	 3.47 	 2.39 	0
 2.93 	 3.47 	 2.35 	2
 2.93 	 3.48 	 2.38  	2
 2.93 	 3.49 	 2.47 	0
 2.93 	 3.49 	 2.39 	1
 2.93 	 3.53 	 2.36 	1
 2.93 	 3.53 	 2.20 	2
 2.93 	 3.55 	 2.43 	0
 2.93 	 3.61 	 2.34 	2
 2.93 	 3.79 	 2.09 	1
 2.93  	 3.40  	 2.43  	1
 2.94 	 2.83 	 2.77 	2
 2.94 	 2.91 	 2.81 	1
 2.94 	 2.91 	 2.76 	0
 2.94 	 2.93 	 2.71 	2
 2.94 	 2.96 	 2.79 	0
 2.94 	 2.98 	 2.71 	1
 2.94 	 2.99 	 2.70 	1
 2.94 	 3.04 	 2.63 	1
 2.94 	 3.06 	 2.56 	1
 2.94 	 3.07 	 2.74 	1
 2.94 	 3.08 	 2.61 	2
 2.94 	 3.11	 3.66 	0
 2.94 	 3.11 	 2.61 	0
 2.94 	 3.11 	 2.51 	0
 2.94 	 3.12 	 2.45 	2
 2.94 	 3.13 	 2.62 	1
 2.94 	 3.16 	 2.49 	2
 2.94 	 3.16 	 2.51 	2
 2.94 	 3.17 	 2.54 	1
 2.94 	 3.17 	 2.55 	2
 2.94 	 3.18 	 2.52 	2
 2.94 	 3.18 	 2.52 	0
 2.94 	 3.19 	 2.62 	0
 2.94 	 3.19 	 2.43 	2
 2.94 	 3.20 	 2.54 	0
 2.94 	 3.21 	 2.54 	2
 2.94 	 3.21 	 2.46 	1
 2.94 	 3.22 	 2.44 	2
 2.94 	 3.23 	 2.55 	1
 2.94 	 3.24 	 2.39 	2
 2.94 	 3.26 	 2.57 	2
 2.94 	 3.26 	 2.45 	1
 2.94 	 3.26 	 2.50 	2
 2.94 	 3.27 	 2.57 	1
 2.94 	 3.28 	 2.46 	0
 2.94 	 3.30 	 2.45 	1
 2.94 	 3.30 	 2.47 	1
 2.94 	 3.31 	 2.54 	0
 2.94 	 3.32 	 2.45 	2
 2.94 	 3.32 	 2.45 	2
 2.94 	 3.33 	 2.47 	2
 2.94 	 3.33 	 2.47 	1
 2.94 	 3.34 	 2.51 	2
 2.94 	 3.34 	 2.52 	2
 2.94 	 3.34 	 2.43 	2
 2.94 	 3.35 	 2.49 	2
 2.94 	 3.35 	 2.32 	1
 2.94 	 3.37 	 2.44 	2
 2.94 	 3.38 	 2.51 	2
 2.94 	 3.38 	 2.49 	0
 2.94 	 3.38 	 2.47 	0
 2.94 	 3.38 	 2.43 	1
 2.94 	 3.39 	 2.49 	2
 2.94 	 3.39 	 2.37 	1
 2.94 	 3.40 	 2.37 	1
 2.94 	 3.44 	 2.36 	2
 2.94 	 3.45 	 2.39 	2
 2.94 	 3.46 	 2.25 	2
 2.94 	 3.48 	 2.40 	1
 2.94 	 3.49 	 2.22 	2
 2.94 	 3.49 	 2.26 	2
 2.94 	 3.50 	 2.34 	2
 2.94 	 3.51 	 2.43 	0
 2.94 	 3.55 	 2.40 	1
 2.94 	 3.56 	 2.35 	1
 2.94 	 3.59  	 2.37  	0
 2.94 	 3.67 	 2.37 	0
 2.94 	 3.67 	 2.12  	2
 2.94 	 3.68 	 2.36 	2
 2.94 	 3.73 	 2.27 	1
 2.94 	 3.74 	 2.09 	0
 2.94 	 3.80 	 2.30 	2
 2.94 	 3.86 	 2.08 	2
 2.94  	 3.26  	 2.49  	2
 2.94  	 3.34 	 2.51 	2
 2.94  	 3.41 	 2.45 	2
 2.94  	 3.61 	 2.39 	2
 2.94  	 3.71  	 2.29   	0
 2.95 	 2.88 	 2.68 	1
 2.95 	 2.89 	 2.76  	1
 2.95 	 2.98 	 2.60 	0
 2.95 	 3.00 	 2.59 	2
 2.95 	 3.00 	 2.65 	2
 2.95 	 3.01 	 2.66 	2
 2.95 	 3.03 	 2.68 	2
 2.95 	 3.04 	 2.58 	0
 2.95 	 3.05 	 2.51 	1
 2.95 	 3.07 	 2.66 	0
 2.95 	 3.08 	 2.62  	0
 2.95 	 3.09 	 2.60 	2
 2.95 	 3.10 	 2.65 	2
 2.95 	 3.10 	 2.59 	2
 2.95 	 3.11 	 2.57 	1
 2.95 	 3.11 	 2.54 	0
 2.95 	 3.12 	 2.57 	1
 2.95 	 3.14 	 2.52 	2
 2.95 	 3.14 	 2.56 	1
 2.95 	 3.15 	 2.39 	2
 2.95 	 3.17 	 2.45 	1
 2.95 	 3.18 	 2.48 	1
 2.95 	 3.20 	 2.58 	1
 2.95 	 3.20 	 2.51 	2
 2.95 	 3.21 	 2.46 	1
 2.95 	 3.21 	 2.47 	2
 2.95 	 3.24 	 2.47 	1
 2.95 	 3.25 	 2.53 	1
 2.95 	 3.26 	 2.50 	0
 2.95 	 3.27 	 2.47 	0
 2.95 	 3.28 	 2.52 	0
 2.95 	 3.30 	 2.55 	2
 2.95 	 3.30  	 2.78 	0
 2.95 	 3.33 	 2.45 	1
 2.95 	 3.33 	 2.33 	2
 2.95 	 3.35 	 2.24 	0
 2.95 	 3.35 	 2.25 	2
 2.95 	 3.36 	 2.45 	1
 2.95 	 3.36 	 2.41 	0
 2.95 	 3.38 	 2.38 	2
 2.95 	 3.38 	 2.46 	0
 2.95 	 3.40 	 2.38 	2
 2.95 	 3.40 	 2.38 	1
 2.95 	 3.41 	 2.34 	0
 2.95 	 3.42 	 2.41 	2
 2.95 	 3.46 	 2.37 	0
 2.95 	 3.46 	 2.39 	1
 2.95 	 3.47 	 2.25 	2
 2.95 	 3.47 	 2.25 	2
 2.95 	 3.48  	 2.38  	2
 2.95 	 3.49 	 2.39 	2
 2.95 	 3.49 	 2.33 	2
 2.95 	 3.50 	 2.19 	0
 2.95 	 3.51 	 2.35 	0
 2.95 	 3.52 	 2.40 	0
 2.95 	 3.54 	 2.29 	2
 2.95 	 3.54 	 2.35 	2
 2.95 	 3.57 	 2.17 	0
 2.95 	 3.62 	 2.37  	0
 2.95 	 3.62 	 2.29  	0
 2.95 	 3.62 	 2.21 	2
 2.95 	 3.63 	 2.37 	2
 2.95 	 3.63 	 2.14 	1
 2.95 	 3.64 	 2.32 	1
 2.95 	 3.69 	 2.30 	2
 2.95 	 3.76 	 2.29 	2
 2.95 	 3.78 	 2.16 	2
 2.95 	 3.79 	 2.09  	2
 2.95 	 3.82 	 2.25 	2
 2.95  	 3.24  	 2.55 	2
 2.95  	 3.42  	 2.46  	1
 2.95  	 3.48  	 2.39  	2
 2.95  	 3.50  	 2.36  	2
 2.95  	 3.62  	 2.30 	0
 2.95   	 3.72  	 2.28  	1
 2.96 	 2.83 	 2.78 	2
 2.96 	 2.94 	 2.69 	1
 2.96 	 2.95 	 2.78 	1
 2.96 	 2.95 	 2.62 	2
 2.96 	 2.98 	 2.71 	0
 2.96 	 2.98 	 2.64  	1
 2.96 	 3.01 	 2.57 	0
 2.96 	 3.01 	 2.66 	0
 2.96 	 3.02 	 2.74 	1
 2.96 	 3.04 	 2.57 	2
 2.96 	 3.09 	 2.61 	1
 2.96 	 3.10 	 2.58 	1
 2.96 	 3.12 	 2.67 	1
 2.96 	 3.12 	 2.57  	1
 2.96 	 3.14 	 2.53 	2
 2.96 	 3.18 	 2.61 	0
 2.96 	 3.20 	 2.58 	0
 2.96 	 3.20 	 2.49 	0
 2.96 	 3.21 	 2.47 	2
 2.96 	 3.21 	 2.45 	1
 2.96 	 3.22 	 2.39 	1
 2.96 	 3.23 	 2.40 	2
 2.96 	 3.26 	 2.51 	2
 2.96 	 3.26 	 2.51 	2
 2.96 	 3.26 	 2.37 	2
 2.96 	 3.27 	 2.54 	2
 2.96 	 3.27 	 2.36 	2
 2.96 	 3.28 	 2.53 	2
 2.96 	 3.32 	 2.31 	1
 2.96 	 3.32 	 2.48 	0
 2.96 	 3.33 	 2.39 	2
 2.96 	 3.34 	 2.46 	2
 2.96 	 3.34 	 2.45 	0
 2.96 	 3.35 	 2.31 	2
 2.96 	 3.36 	 2.36 	1
 2.96 	 3.37 	 2.47 	1
 2.96 	 3.37 	 2.36 	2
 2.96 	 3.38 	 2.48 	1
 2.96 	 3.39 	 2.23 	1
 2.96 	 3.40 	 2.41 	2
 2.96 	 3.45 	 2.44 	2
 2.96 	 3.48 	 2.21 	0
 2.96 	 3.48 	 3.47 	1
 2.96 	 3.49 	 2.33 	0
 2.96 	 3.50 	 2.35 	1
 2.96 	 3.54 	 2.35 	0
 2.96 	 3.54 	 2.28 	0
 2.96 	 3.55 	 2.18 	1
 2.96 	 3.55 	 2.19 	0
 2.96 	 3.58 	 2.35 	1
 2.96 	 3.61 	 2.32 	1
 2.96 	 3.61 	 2.32 	2
 2.96 	 3.62 	 2.30 	1
 2.96 	 3.64 	 2.21 	1
 2.96 	 3.75 	 2.23 	1
 2.96 	 3.76 	 2.24 	2
 2.96 	 3.93 	 2.12 	0
 2.96  	 2.91  	 2.84 	2
 2.96  	 3.10 	 2.56 	2
 2.96  	 3.13 	 2.65 	0
 2.96  	 3.23  	 2.52  	0
 2.96  	 3.33 	 2.34 	2
 2.96  	 3.61 	 2.13 	1
 2.96  	 3.76  	 2.28  	0
 2.97 	 2.81 	 2.83 	2
 2.97 	 2.91 	 2.82  	2
 2.97 	 2.97 	 2.76  	1
 2.97 	 2.97 	 2.71 	0
 2.97 	 3.01 	 2.66 	2
 2.97 	 3.01 	 2.58 	1
 2.97 	 3.05 	 2.63 	2
 2.97 	 3.06 	 2.60 	2
 2.97 	 3.07 	 2.63 	2
 2.97 	 3.07 	 2.54  	0
 2.97 	 3.09  	 2.48 	2
 2.97 	 3.12 	 2.52 	2
 2.97 	 3.13 	 2.51 	1
 2.97 	 3.14 	 2.63 	0
 2.97 	 3.14 	 2.51 	2
 2.97 	 3.15 	 2.57 	0
 2.97 	 3.16 	 2.46 	0
 2.97 	 3.16 	 2.49 	0
 2.97 	 3.16 	 2.44 	2
 2.97 	 3.18 	 2.54 	2
 2.97 	 3.19 	 2.59 	2
 2.97 	 3.20 	 2.59 	0
 2.97 	 3.20 	 2.54 	2
 2.97 	 3.20 	 2.47 	1
 2.97 	 3.21 	 2.53 	2
 2.97 	 3.22 	 2.48 	1
 2.97 	 3.24 	 2.47 	2
 2.97 	 3.25 	 2.44 	0
 2.97 	 3.26 	 2.41 	0
 2.97 	 3.26  	 2.55 	0
 2.97 	 3.27 	 2.45 	0
 2.97 	 3.28 	 2.47 	2
 2.97 	 3.30 	 2.55  	0
 2.97 	 3.30 	 2.52 	2
 2.97 	 3.32 	 2.46 	2
 2.97 	 3.33 	 2.52 	2
 2.97 	 3.34 	 2.53 	0
 2.97 	 3.36 	 2.41 	1
 2.97 	 3.36 	 2.45 	1
 2.97 	 3.37 	 2.38 	2
 2.97 	 3.37 	 2.30 	1
 2.97 	 3.38 	 2.43 	2
 2.97 	 3.40 	 2.38 	0
 2.97 	 3.43 	 2.33 	2
 2.97 	 3.45 	 2.38 	1
 2.97 	 3.45 	 2.19 	2
 2.97 	 3.46 	 2.18 	1
 2.97 	 3.47 	 2.34 	2
 2.97 	 3.49 	 2.29 	1
 2.97 	 3.53  	 2.41  	2
 2.97 	 3.56 	 2.22 	0
 2.97 	 3.69  	 2.06 	2
 2.97 	 3.74 	 2.31 	0
 2.97 	 3.74 	 2.27 	0
 2.97 	 3.74 	 2.20 	0
 2.97 	 3.79 	 2.29 	2
 2.97 	 3.80 	 2.08 	1
 2.97  	 3.08 	 2.68 	0
 2.97  	 3.28  	 2.52  	2
 2.97  	 3.46  	 2.44 	1
 2.98 	 2.91 	 2.80 	0
 2.98 	 2.91 	 2.69 	1
 2.98 	 2.95 	 2.73 	2
 2.98 	 2.96 	 2.60 	0
 2.98 	 2.97 	 2.72 	2
 2.98 	 2.97  	 2.75 	1
 2.98 	 2.98 	 2.57 	0
 2.98 	 2.99 	 2.57 	0
 2.98 	 3.05 	 2.60 	2
 2.98 	 3.06 	 2.60 	0
 2.98 	 3.06 	 2.53 	0
 2.98 	 3.07 	 2.63 	1
 2.98 	 3.07 	 2.55 	1
 2.98 	 3.08 	 2.49 	2
 2.98 	 3.08 	 2.59 	2
 2.98 	 3.10 	 2.53 	1
 2.98 	 3.11 	 2.64  	0
 2.98 	 3.11 	 2.49 	0
 2.98 	 3.14 	 2.63 	1
 2.98 	 3.17 	 2.47 	1
 2.98 	 3.17 	 2.50 	0
 2.98 	 3.18 	 2.56 	2
 2.98 	 3.20 	 2.53 	1
 2.98 	 3.22 	 2.52 	0
 2.98 	 3.22 	 2.39 	2
 2.98 	 3.25 	 2.50 	0
 2.98 	 3.26 	 2.53 	2
 2.98 	 3.27 	 2.42 	0
 2.98 	 3.27 	 2.46 	2
 2.98 	 3.29 	 2.52 	1
 2.98 	 3.30 	 2.52 	0
 2.98 	 3.31 	 2.53 	2
 2.98 	 3.31 	 2.37 	2
 2.98 	 3.31  	 2.44 	2
 2.98 	 3.33 	 2.25 	1
 2.98 	 3.34 	 2.48 	1
 2.98 	 3.34 	 2.41 	2
 2.98 	 3.34 	 2.44 	0
 2.98 	 3.35 	 2.43 	1
 2.98 	 3.36 	 2.43 	0
 2.98 	 3.37 	 2.41 	0
 2.98 	 3.37 	 2.31 	0
 2.98 	 3.37 	 2.42 	0
 2.98 	 3.40 	 2.48 	2
 2.98 	 3.40 	 2.33 	1
 2.98 	 3.42 	 2.44 	0
 2.98 	 3.42 	 2.24 	0
 2.98 	 3.44 	 2.32 	0
 2.98 	 3.45 	 2.42 	0
 2.98 	 3.45 	 2.35 	1
 2.98 	 3.45 	 2.35 	2
 2.98 	 3.46 	 2.31 	1
 2.98 	 3.48 	 2.28 	0
 2.98 	 3.51 	 3.16 	1
 2.98 	 3.53 	 2.30 	0
 2.98 	 3.55 	 2.34 	2
 2.98 	 3.58 	 2.30 	0
 2.98 	 3.59 	 2.15 	1
 2.98 	 3.66 	 2.27  	2
 2.98 	 3.70 	 2.22 	1
 2.98 	 3.81 	 2.21 	2
 2.98 	 3.82 	 2.21 	0
 2.98 	 3.85 	 2.19 	2
 2.98  	 2.84 	 2.80 	2
 2.98  	 3.31 	 2.50  	1
 2.98  	 3.72   	 2.31 	2
 2.99 	 2.76 	 2.92 	0
 2.99 	 2.93 	 2.63 	1
 2.99 	 2.94 	 2.62 	0
 2.99 	 2.98 	 2.67 	1
 2.99 	 2.98 	 2.59 	1
 2.99 	 3.01 	 2.57 	2
 2.99 	 3.02 	 2.67 	2
 2.99 	 3.03 	 2.61 	2
 2.99 	 3.05 	 2.59 	0
 2.99 	 3.12 	 2.49 	1
 2.99 	 3.12 	 2.55 	0
 2.99 	 3.13 	 2.55 	0
 2.99 	 3.14 	 2.54 	0
 2.99 	 3.17 	 2.56 	0
 2.99 	 3.17  	 2.60 	2
 2.99 	 3.17  	 2.59  	2
 2.99 	 3.20 	 2.49 	1
 2.99 	 3.20 	 2.36  	0
 2.99 	 3.20 	 2.37 	0
 2.99 	 3.21 	 2.52 	0
 2.99 	 3.22 	 2.53 	0
 2.99 	 3.23 	 2.51 	0
 2.99 	 3.24 	 2.41 	0
 2.99 	 3.24 	 2.41 	0
 2.99 	 3.25 	 2.49 	0
 2.99 	 3.27  	 2.49 	1
 2.99 	 3.28 	 2.43 	2
 2.99 	 3.28 	 2.46 	1
 2.99 	 3.29 	 2.48 	1
 2.99 	 3.29 	 2.40 	2
 2.99 	 3.31 	 2.43 	2
 2.99 	 3.32 	 2.45 	1
 2.99 	 3.33 	 2.23 	2
 2.99 	 3.37 	 2.37 	0
 2.99 	 3.38 	 2.43 	1
 2.99 	 3.38 	 2.30 	1
 2.99 	 3.38 	 2.28 	2
 2.99 	 3.38 	 2.37 	1
 2.99 	 3.39 	 2.48  	1
 2.99 	 3.41 	 2.20 	1
 2.99 	 3.41 	 2.28 	0
 2.99 	 3.42 	 2.32 	0
 2.99 	 3.42  	 2.32 	1
 2.99 	 3.45 	 2.38 	2
 2.99 	 3.45 	 2.19 	0
 2.99 	 3.46  	 2.42 	0
 2.99 	 3.47 	 2.34 	1
 2.99 	 3.47 	 2.34 	0
 2.99 	 3.47 	 2.39 	2
 2.99 	 3.49 	 2.41 	2
 2.99 	 3.49 	 2.41 	2
 2.99 	 3.49 	 2.40 	1
 2.99 	 3.52 	 2.37 	2
 2.99 	 3.53 	 2.16 	1
 2.99 	 3.53 	 2.28 	1
 2.99 	 3.60 	 2.14 	2
 2.99 	 3.62 	 2.27 	2
 2.99 	 3.62 	 2.34 	1
 2.99 	 3.67 	 2.12 	1
 2.99 	 3.70 	 2.23 	2
 2.99 	 3.77 	 2.52 	2
 2.99 	 3.78 	 2.15 	2
 2.99 	 3.83 	 2.24 	0
 2.99 	 3.89 	 2.21 	0
 2.99  	 3.69   	 2.33 	2
 20.17 	 10.46 	 1.11 	2
 20.87 	 8.95 	 1.13 	2
 20.94 	 8.80 	 1.13 	2
 20.95  	 9.72  	 1.12   	0
 21.05	 11.60  	 1.11  	2
 21.79 	 11.85 	 1.09 	0
 22.53 	 11.43 	 1.07 	2
 23.69 	 11.72 	 1.07 	2
 24.71 	 9.73 	 1.09 	2
 24.90 	 10.64 	 1.10 	2
 25.14 	 10.02 	 1.09 	0
 27.97 	 9.59 	 1.08 	2
 28.70 	 10.47 	 1.06 	2
 28.81  	 12.22 	 1.07 	2
 29.02 	 13.18 	 1.05 	2
 3.00	 3.28 	 2.46 	2
 3.00	 3.40 	 2.38 	1
 3.00	 3.44  	 2.43 	2
 3.00	 3.49 	 2.40 	0
 3.00 	 2.83 	 2.84 	2
 3.00 	 2.86 	 2.79 	0
 3.00 	 2.97 	 2.64 	2
 3.00 	 3.00 	 2.61 	2
 3.00 	 3.00 	 2.60 	0
 3.00 	 3.01 	 2.63 	1
 3.00 	 3.03 	 2.67 	1
 3.00 	 3.04 	 2.56 	0
 3.00 	 3.07 	 2.57 	2
 3.00 	 3.07 	 2.53 	1
 3.00 	 3.09 	 2.48 	2
 3.00 	 3.12 	 2.44  	1
 3.00 	 3.13 	 2.56 	2
 3.00 	 3.14 	 2.53 	2
 3.00 	 3.15 	 2.45 	2
 3.00 	 3.16 	 2.53 	0
 3.00 	 3.17 	 2.48 	2
 3.00 	 3.19 	 2.51 	2
 3.00 	 3.22 	 2.53 	2
 3.00 	 3.22 	 2.48 	2
 3.00 	 3.23 	 2.45 	2
 3.00 	 3.26 	 2.49 	1
 3.00 	 3.26 	 2.44 	0
 3.00 	 3.29 	 2.40 	2
 3.00 	 3.32 	 2.41 	0
 3.00 	 3.32 	 2.41 	0
 3.00 	 3.32 	 2.42 	2
 3.00 	 3.34 	 2.37 	0
 3.00 	 3.35 	 2.49 	2
 3.00 	 3.36 	 2.42 	2
 3.00 	 3.36 	 2.39 	2
 3.00 	 3.36 	 2.38 	0
 3.00 	 3.38 	 2.44 	1
 3.00 	 3.38 	 2.23 	2
 3.00 	 3.38 	 2.32 	1
 3.00 	 3.38 	 2.35 	0
 3.00 	 3.39  	 2.37  	2
 3.00 	 3.40 	 2.38 	1
 3.00 	 3.40 	 2.35 	1
 3.00 	 3.40 	 2.39 	1
 3.00 	 3.41 	 2.39 	2
 3.00 	 3.41 	 2.39 	1
 3.00 	 3.41 	 3.12 	0
 3.00 	 3.43 	 2.37 	1
 3.00 	 3.44 	 2.37 	0
 3.00 	 3.44 	 2.27 	2
 3.00 	 3.44 	 2.32 	2
 3.00 	 3.45 	 2.20 	1
 3.00 	 3.46 	 2.31 	0
 3.00 	 3.50 	 2.27 	1
 3.00 	 3.52 	 2.34 	2
 3.00 	 3.54 	 2.36 	2
 3.00 	 3.54  	 2.34  	2
 3.00 	 3.55 	 2.32 	0
 3.00 	 3.56 	 2.15 	2
 3.00 	 3.62 	 2.25 	0
 3.00 	 3.63 	 2.34 	0
 3.00 	 3.63 	 2.23 	1
 3.00 	 3.67 	 2.26  	1
 3.00 	 3.67 	 2.21 	2
 3.00 	 3.69 	 2.15 	2
 3.00 	 3.73 	 2.22 	1
 3.00  	 3.41 	 2.38 	1
 3.01	 3.47 	 2.37 	0
 3.01 	 2.89 	 2.63  	0
 3.01 	 2.94 	 2.64 	0
 3.01 	 2.94 	 2.58 	0
 3.01 	 2.97 	 2.62 	1
 3.01 	 3.00 	 2.62 	2
 3.01 	 3.02 	 2.50 	0
 3.01 	 3.03 	 2.58 	1
 3.01 	 3.08 	 2.50 	2
 3.01 	 3.09 	 2.56 	0
 3.01 	 3.10 	 2.52 	0
 3.01 	 3.12 	 2.60 	2
 3.01 	 3.16 	 2.37 	0
 3.01 	 3.17 	 2.49 	1
 3.01 	 3.17 	 2.40 	0
 3.01 	 3.17  	 2.55  	2
 3.01 	 3.23 	 2.44 	1
 3.01 	 3.23 	 2.48 	1
 3.01 	 3.25 	 2.28 	2
 3.01 	 3.26 	 2.31 	2
 3.01 	 3.28 	 2.41 	1
 3.01 	 3.31 	 2.43 	1
 3.01 	 3.32 	 2.43 	2
 3.01 	 3.33 	 2.39 	1
 3.01 	 3.34 	 2.33 	2
 3.01 	 3.34 	 2.25 	2
 3.01 	 3.35 	 2.35 	0
 3.01 	 3.37 	 2.46 	2
 3.01 	 3.37 	 2.25 	1
 3.01 	 3.40 	 2.45 	2
 3.01 	 3.41 	 2.37 	1
 3.01 	 3.42 	 2.37 	0
 3.01 	 3.44 	 2.36 	2
 3.01 	 3.44 	 2.16 	2
 3.01 	 3.46 	 2.17 	2
 3.01 	 3.49 	 2.34 	2
 3.01 	 3.50 	 2.36 	2
 3.01 	 3.51 	 2.28 	2
 3.01 	 3.51 	 2.32 	2
 3.01 	 3.53 	 2.34 	0
 3.01 	 3.57 	 2.14 	1
 3.01 	 3.59 	 2.19 	2
 3.01 	 3.63 	 2.18 	2
 3.01 	 3.68 	 2.11 	1
 3.01 	 3.70 	 2.24 	2
 3.01  	 3.02 	 2.59 	1
 3.01  	 3.38  	 2.38  	1
 3.01  	 3.58  	 2.30  	2
 3.02 	 2.76 	 2.78 	1
 3.02 	 2.90 	 2.74 	2
 3.02 	 2.92 	 2.64 	1
 3.02 	 2.96  	 2.57 	1
 3.02 	 2.99 	 2.62 	2
 3.02 	 3.02 	 2.70 	2
 3.02 	 3.03 	 2.54 	0
 3.02 	 3.06 	 2.54 	1
 3.02 	 3.09 	 2.66 	2
 3.02 	 3.09 	 2.63 	1
 3.02 	 3.09 	 2.50 	2
 3.02 	 3.12 	 2.45 	1
 3.02 	 3.14 	 2.52 	1
 3.02 	 3.15 	 2.39 	0
 3.02 	 3.17  	 2.52  	2
 3.02 	 3.18 	 2.49 	0
 3.02 	 3.21 	 2.50 	2
 3.02 	 3.21 	 2.46 	0
 3.02 	 3.22 	 2.34 	0
 3.02 	 3.26 	 2.51 	2
 3.02 	 3.26 	 2.50 	2
 3.02 	 3.26 	 2.38 	1
 3.02 	 3.27 	 2.41 	1
 3.02 	 3.29 	 2.31 	0
 3.02 	 3.29 	 2.25 	2
 3.02 	 3.29 	 2.37 	2
 3.02 	 3.30 	 2.42 	1
 3.02 	 3.32 	 2.39 	2
 3.02 	 3.33 	 2.44 	0
 3.02 	 3.34 	 2.40 	1
 3.02 	 3.34 	 2.37 	2
 3.02 	 3.34  	 2.47 	0
 3.02 	 3.36 	 2.37 	0
 3.02 	 3.37 	 2.28 	2
 3.02 	 3.37 	 2.37 	2
 3.02 	 3.39 	 2.45 	1
 3.02 	 3.39 	 2.36 	1
 3.02 	 3.39 	 2.36 	1
 3.02 	 3.40 	 2.38 	0
 3.02 	 3.40 	 2.19 	1
 3.02 	 3.46 	 2.25 	2
 3.02 	 3.47 	 2.30 	2
 3.02 	 3.47  	 2.18 	0
 3.02 	 3.48 	 2.32 	1
 3.02 	 3.50 	 2.33 	1
 3.02 	 3.53 	 2.26 	2
 3.02 	 3.54 	 2.31 	1
 3.02 	 3.60 	 2.19 	0
 3.02 	 3.63 	 2.25 	2
 3.02 	 3.64 	 2.26 	1
 3.02 	 3.68 	 2.29 	1
 3.02 	 3.78 	 2.17 	0
 3.02 	 3.84 	 2.04 	2
 3.02 	 3.94 	 2.10 	1
 3.02  	 2.92 	 2.62 	0
 3.02  	 3.04 	 2.54 	1
 3.02  	 3.07 	 2.52 	0
 3.02  	 3.72   	 2.29  	2
 3.02  	 3.75  	 2.22  	0
 3.03	 3.37 	 2.33 	0
 3.03 	 2.81 	 2.67 	0
 3.03 	 2.82 	 2.72 	0
 3.03 	 2.83 	 2.70 	2
 3.03 	 2.96  	 2.56 	0
 3.03 	 2.97 	 2.57 	2
 3.03 	 3.00 	 2.51 	0
 3.03 	 3.01 	 2.51 	0
 3.03 	 3.05 	 2.56 	2
 3.03 	 3.08 	 2.58 	0
 3.03 	 3.11 	 2.55 	1
 3.03 	 3.12 	 2.62 	2
 3.03 	 3.13 	 2.53  	0
 3.03 	 3.13 	 2.56 	0
 3.03 	 3.14 	 2.48 	0
 3.03 	 3.14  	 2.53 	0
 3.03 	 3.17 	 2.50 	1
 3.03 	 3.18 	 2.49 	2
 3.03 	 3.21 	 2.36 	2
 3.03 	 3.25 	 2.46 	1
 3.03 	 3.25 	 2.41 	2
 3.03 	 3.26 	 2.47 	2
 3.03 	 3.27 	 2.45 	1
 3.03 	 3.28 	 2.43 	1
 3.03 	 3.29 	 2.30 	1
 3.03 	 3.29 	 2.31 	2
 3.03 	 3.29 	 2.38 	2
 3.03 	 3.30 	 2.41 	2
 3.03 	 3.30 	 2.33 	0
 3.03 	 3.31 	 2.24 	1
 3.03 	 3.31 	 2.35 	2
 3.03 	 3.32 	 2.48 	0
 3.03 	 3.32 	 2.47 	0
 3.03 	 3.32  	 2.38 	1
 3.03 	 3.34 	 2.36 	0
 3.03 	 3.47 	 2.28 	2
 3.03 	 3.49 	 2.17 	1
 3.03 	 3.52 	 2.18 	0
 3.03 	 3.54 	 2.28 	2
 3.03 	 3.58 	 2.29  	1
 3.03 	 3.58 	 2.27  	1
 3.03 	 3.59 	 2.25 	2
 3.03 	 3.62 	 2.27 	0
 3.03 	 3.63 	 2.30 	1
 3.03 	 3.70 	 2.07 	2
 3.03 	 3.70 	 2.06 	2
 3.03 	 3.82 	 2.17 	1
 3.03 	 3.88 	 2.23  	2
 3.03  	 2.79 	 2.71 	1
 3.03  	 3.74  	 2.23  	0
 3.04 	 2.96 	 2.54 	0
 3.04 	 2.97  	 2.73 	1
 3.04 	 2.98 	 2.58 	1
 3.04 	 2.98 	 2.54 	0
 3.04 	 2.98 	 2.49 	1
 3.04 	 3.04 	 2.57 	2
 3.04 	 3.04 	 2.36 	0
 3.04 	 3.08 	 2.62 	0
 3.04 	 3.09 	 2.57 	2
 3.04 	 3.13 	 2.44 	2
 3.04 	 3.14 	 2.47 	1
 3.04 	 3.15 	 2.52  	2
 3.04 	 3.16 	 2.43 	1
 3.04 	 3.17 	 2.55 	1
 3.04 	 3.17 	 2.49  	1
 3.04 	 3.17 	 2.34 	2
 3.04 	 3.18 	 2.47 	0
 3.04 	 3.20 	 2.44 	0
 3.04 	 3.20 	 2.47 	1
 3.04 	 3.20 	 2.42 	1
 3.04 	 3.21 	 2.41 	1
 3.04 	 3.24 	 2.47 	2
 3.04 	 3.24 	 2.44 	2
 3.04 	 3.26 	 2.34 	1
 3.04 	 3.27 	 2.43 	2
 3.04 	 3.28 	 2.39 	2
 3.04 	 3.29 	 2.41 	0
 3.04 	 3.30 	 2.33 	1
 3.04 	 3.30 	 2.33 	2
 3.04 	 3.32 	 2.35 	1
 3.04 	 3.32 	 2.36 	2
 3.04 	 3.32 	 2.41 	0
 3.04 	 3.32 	 2.24 	2
 3.04 	 3.34 	 2.39  	1
 3.04 	 3.34 	 2.34 	0
 3.04 	 3.36 	 2.32  	1
 3.04 	 3.36  	 2.37 	2
 3.04 	 3.40 	 2.19 	2
 3.04 	 3.43 	 2.30 	1
 3.04 	 3.45 	 2.22 	1
 3.04 	 3.47 	 2.32 	1
 3.04 	 3.48 	 2.41 	2
 3.04 	 3.48 	 2.22 	2
 3.04 	 3.50 	 2.11 	0
 3.04 	 3.50 	 2.18 	1
 3.04 	 3.50 	 2.15 	2
 3.04 	 3.50 	 2.28 	2
 3.04 	 3.52 	 2.31 	1
 3.04 	 3.52 	 2.33 	2
 3.04 	 3.54 	 2.34 	1
 3.04 	 3.55 	 2.34 	1
 3.04 	 3.55 	 2.29 	0
 3.04 	 3.55  	 2.37  	1
 3.04 	 3.56 	 2.22 	0
 3.04 	 3.56 	 2.26 	2
 3.04 	 3.56 	 2.25 	0
 3.04 	 3.57 	 2.11 	0
 3.04 	 3.57 	 2.13 	1
 3.04 	 3.61 	 2.28 	2
 3.04 	 3.66 	 2.28  	1
 3.04 	 3.68 	 2.24 	0
 3.05 	 2.65 	 3.03	1
 3.05 	 2.88 	 2.71 	2
 3.05 	 2.97 	 2.70 	1
 3.05 	 3.01 	 2.63 	1
 3.05 	 3.03	 2.58 	0
 3.05 	 3.05 	 2.45 	1
 3.05 	 3.05 	 2.51 	1
 3.05 	 3.06 	 2.41 	2
 3.05 	 3.06 	 2.44 	1
 3.05 	 3.06  	 2.56 	1
 3.05 	 3.09 	 2.52  	2
 3.05 	 3.10 	 2.47 	0
 3.05 	 3.11 	 2.50 	0
 3.05 	 3.11 	 2.50 	0
 3.05 	 3.13 	 2.50 	1
 3.05 	 3.15 	 2.45 	2
 3.05 	 3.15 	 2.44 	1
 3.05 	 3.17 	 2.51 	1
 3.05 	 3.17  	 2.47 	2
 3.05 	 3.19 	 2.36 	2
 3.05 	 3.21 	 2.51 	2
 3.05 	 3.21 	 2.41 	2
 3.05 	 3.21 	 2.42  	2
 3.05 	 3.22 	 2.45 	2
 3.05 	 3.24 	 2.36 	1
 3.05 	 3.25 	 2.42 	1
 3.05 	 3.25 	 2.38 	0
 3.05 	 3.27 	 2.42 	2
 3.05 	 3.28 	 2.37 	1
 3.05 	 3.29 	 2.24 	0
 3.05 	 3.30 	 2.35 	0
 3.05 	 3.31 	 2.45 	1
 3.05 	 3.31 	 2.31 	0
 3.05 	 3.33 	 2.45 	1
 3.05 	 3.33 	 2.35 	2
 3.05 	 3.36 	 2.43 	0
 3.05 	 3.36 	 2.24 	1
 3.05 	 3.38 	 2.43 	2
 3.05 	 3.38 	 2.31 	2
 3.05 	 3.38  	 2.26 	2
 3.05 	 3.39 	 2.44 	2
 3.05 	 3.39 	 2.31  	0
 3.05 	 3.41 	 2.42 	2
 3.05 	 3.42 	 2.24 	1
 3.05 	 3.43 	 2.38 	2
 3.05 	 3.46 	 2.17 	1
 3.05 	 3.49  	 2.37 	0
 3.05 	 3.50 	 2.37 	1
 3.05 	 3.50 	 2.31 	0
 3.05 	 3.51 	 2.32 	2
 3.05 	 3.52 	 2.20 	0
 3.05 	 3.55 	 2.25 	2
 3.05 	 3.59 	 2.21 	1
 3.05 	 3.59  	 2.34 	2
 3.05 	 3.61 	 2.24 	2
 3.05 	 3.61  	 2.31  	1
 3.05 	 3.63 	 2.26 	1
 3.05 	 3.67 	 2.26 	2
 3.05 	 3.67 	 2.29 	1
 3.05 	 3.79 	 2.20 	2
 3.05  	 3.18  	 2.55 	2
 3.05  	 3.19  	 2.52  	2
 3.05  	 3.31   	 2.46  	2
 3.05  	 4.04  	 2.14  	0
 3.06	 3.23 	 2.39 	0
 3.06	 3.27 	 2.45 	1
 3.06	 3.30 	 2.05 	1
 3.06 	 2.71 	 2.79 	2
 3.06 	 2.86 	 2.77 	0
 3.06 	 2.88 	 2.62 	0
 3.06 	 2.90 	 2.75 	2
 3.06 	 2.95 	 2.65 	0
 3.06 	 2.96 	 2.52 	0
 3.06 	 2.98 	 2.54 	0
 3.06 	 3.01 	 2.61 	1
 3.06 	 3.04 	 2.50 	0
 3.06 	 3.05 	 2.54 	0
 3.06 	 3.07 	 2.45 	2
 3.06 	 3.10 	 2.41 	2
 3.06 	 3.11 	 2.44 	2
 3.06 	 3.12 	 2.46 	0
 3.06 	 3.13 	 2.50 	0
 3.06 	 3.14 	 2.41 	2
 3.06 	 3.15 	 2.42 	1
 3.06 	 3.17  	 2.30 	2
 3.06 	 3.18 	 2.42 	1
 3.06 	 3.22 	 2.40 	2
 3.06 	 3.22 	 2.40 	2
 3.06 	 3.22 	 2.41 	2
 3.06 	 3.23 	 2.43 	1
 3.06 	 3.23 	 2.40 	0
 3.06 	 3.24 	 2.38 	2
 3.06 	 3.24 	 2.45 	1
 3.06 	 3.26 	 2.41 	0
 3.06 	 3.26 	 2.39 	1
 3.06 	 3.27 	 2.46 	2
 3.06 	 3.31 	 2.43 	0
 3.06 	 3.33 	 2.34 	0
 3.06 	 3.33 	 2.39 	0
 3.06 	 3.34 	 2.35 	2
 3.06 	 3.38 	 2.43 	1
 3.06 	 3.41 	 2.22 	2
 3.06 	 3.42 	 2.27 	2
 3.06 	 3.43 	 2.41  	2
 3.06 	 3.43 	 2.34 	1
 3.06 	 3.44 	 2.39 	0
 3.06 	 3.44 	 2.32 	1
 3.06 	 3.47 	 2.36 	0
 3.06 	 3.47 	 2.25 	1
 3.06 	 3.47 	 2.28 	1
 3.06 	 3.50 	 2.30 	0
 3.06 	 3.51 	 2.36 	2
 3.06 	 3.52 	 2.25 	2
 3.06 	 3.53 	 2.18 	1
 3.06 	 3.53  	 2.34 	2
 3.06 	 3.60 	 2.19 	2
 3.06 	 3.61 	 2.24 	1
 3.06 	 3.66 	 2.17 	2
 3.06 	 3.68 	 2.20 	0
 3.06 	 3.70 	 2.22 	0
 3.06 	 3.71 	 2.29 	2
 3.06 	 3.72 	 2.22 	0
 3.06  	 3.08 	 2.51 	2
 3.06  	 3.20 	 2.40 	0
 3.06  	 3.22 	 2.48  	1
 3.06  	 3.22 	 2.49  	1
 3.07 	 2.81 	 2.77 	2
 3.07 	 2.91 	 2.66 	2
 3.07 	 2.97 	 2.55  	2
 3.07 	 3.01 	 2.53 	0
 3.07 	 3.07 	 2.50 	0
 3.07 	 3.08 	 2.47 	1
 3.07 	 3.10 	 2.51 	1
 3.07 	 3.11 	 2.44 	2
 3.07 	 3.12 	 2.53 	0
 3.07 	 3.13 	 2.52 	1
 3.07 	 3.15 	 2.55 	0
 3.07 	 3.16 	 2.39 	1
 3.07 	 3.18 	 2.45 	0
 3.07 	 3.19 	 2.44 	0
 3.07 	 3.21 	 2.47 	1
 3.07 	 3.21 	 2.38 	2
 3.07 	 3.21 	 2.38 	2
 3.07 	 3.22 	 2.40 	2
 3.07 	 3.23 	 2.46 	0
 3.07 	 3.23 	 2.43 	0
 3.07 	 3.24 	 2.45 	0
 3.07 	 3.28 	 2.35 	2
 3.07 	 3.30 	 2.41 	2
 3.07 	 3.32 	 2.39 	1
 3.07 	 3.33 	 2.37 	0
 3.07 	 3.34 	 2.33 	2
 3.07 	 3.34 	 2.33 	1
 3.07 	 3.37 	 2.31 	2
 3.07 	 3.37 	 2.31 	0
 3.07 	 3.40 	 2.23 	2
 3.07 	 3.42 	 2.29 	2
 3.07 	 3.44 	 2.33 	1
 3.07 	 3.46 	 2.22 	0
 3.07 	 3.49 	 2.24 	0
 3.07 	 3.49 	 2.25 	0
 3.07 	 3.49  	 2.28 	1
 3.07 	 3.52 	 2.16 	1
 3.07 	 3.52 	 2.25 	2
 3.07 	 3.53 	 2.33  	0
 3.07 	 3.53 	 2.14 	2
 3.07 	 3.55 	 2.27 	2
 3.07 	 3.60 	 2.33 	1
 3.07 	 3.61 	 2.15 	2
 3.07 	 3.63 	 2.32 	2
 3.07 	 3.65 	 2.29 	1
 3.07 	 3.67 	 2.17 	0
 3.07 	 3.68 	 2.24  	1
 3.07 	 3.68 	 2.21 	2
 3.07 	 3.73 	 2.20 	2
 3.07  	 3.36 	 2.40  	1
 3.07  	 3.57  	 2.32  	2
 3.07  	 3.75  	 2.20  	2
 3.07  	 3.80  	 2.20  	0
 3.07  	 4.01	 2.17  	2
 3.08	 3.92 	 2.19 	0
 3.08 	 2.80 	 2.67 	0
 3.08 	 2.89 	 2.59 	2
 3.08 	 2.96 	 2.68 	0
 3.08 	 3.00 	 2.63 	2
 3.08 	 3.00 	 2.61 	2
 3.08 	 3.03 	 2.55 	2
 3.08 	 3.03 	 2.56 	2
 3.08 	 3.06 	 2.58 	2
 3.08 	 3.07 	 2.56 	2
 3.08 	 3.09 	 2.53 	1
 3.08 	 3.10 	 2.39 	2
 3.08 	 3.12 	 2.53 	0
 3.08 	 3.12 	 2.46 	2
 3.08 	 3.17 	 2.53 	1
 3.08 	 3.17 	 2.42 	2
 3.08 	 3.17  	 2.44 	1
 3.08 	 3.18 	 2.34 	2
 3.08 	 3.18 	 2.43 	2
 3.08 	 3.18  	 2.46 	2
 3.08 	 3.20 	 2.45 	2
 3.08 	 3.21 	 2.25 	2
 3.08 	 3.21 	 2.44 	2
 3.08 	 3.21 	 2.40  	1
 3.08 	 3.23 	 2.50 	2
 3.08 	 3.25 	 2.45 	2
 3.08 	 3.25 	 2.41 	0
 3.08 	 3.26 	 2.38 	2
 3.08 	 3.26 	 2.43  	2
 3.08 	 3.26 	 2.37 	2
 3.08 	 3.27 	 2.22 	2
 3.08 	 3.28 	 2.40 	2
 3.08 	 3.29 	 2.39 	1
 3.08 	 3.29 	 2.22 	1
 3.08 	 3.29 	 2.39 	2
 3.08 	 3.30 	 2.44 	2
 3.08 	 3.31 	 2.20 	2
 3.08 	 3.31 	 2.38 	2
 3.08 	 3.32 	 2.33 	2
 3.08 	 3.33 	 2.37 	1
 3.08 	 3.34 	 2.37 	1
 3.08 	 3.34 	 2.30 	2
 3.08 	 3.37 	 2.19 	1
 3.08 	 3.38 	 2.18 	0
 3.08 	 3.39 	 2.34 	2
 3.08 	 3.39 	 2.28 	0
 3.08 	 3.41 	 2.34 	2
 3.08 	 3.42 	 2.28 	1
 3.08 	 3.44 	 2.26 	2
 3.08 	 3.47 	 2.35 	2
 3.08 	 3.47 	 2.13 	0
 3.08 	 3.47 	 2.27 	2
 3.08 	 3.49 	 2.28 	1
 3.08 	 3.52 	 2.13 	0
 3.08 	 3.56 	 2.22 	2
 3.08 	 3.62  	 2.30  	0
 3.08 	 3.70  	 2.26 	1
 3.08 	 3.79 	 2.18 	0
 3.08  	 3.64  	 2.26  	2
 3.09	 3.37 	 2.22 	0
 3.09 	 2.93 	 2.54 	2
 3.09 	 2.94 	 2.64 	0
 3.09 	 2.95 	 2.64 	0
 3.09 	 2.99 	 2.63 	2
 3.09 	 3.00 	 2.48 	0
 3.09 	 3.04 	 2.46  	2
 3.09 	 3.05 	 2.59 	2
 3.09 	 3.06 	 2.58 	0
 3.09 	 3.07 	 2.54 	0
 3.09 	 3.09 	 2.50 	2
 3.09 	 3.10	 2.55 	1
 3.09 	 3.10 	 2.41 	1
 3.09 	 3.11 	 2.48 	1
 3.09 	 3.11 	 2.32 	2
 3.09 	 3.15 	 2.46  	2
 3.09 	 3.15 	 2.36 	1
 3.09 	 3.19 	 2.44 	1
 3.09 	 3.20 	 2.33 	2
 3.09 	 3.22 	 2.49 	2
 3.09 	 3.22 	 2.38 	0
 3.09 	 3.23 	 2.38 	2
 3.09 	 3.23  	 2.44 	0
 3.09 	 3.24 	 2.46 	2
 3.09 	 3.24 	 2.31 	2
 3.09 	 3.27 	 2.45 	2
 3.09 	 3.27 	 2.27 	2
 3.09 	 3.30 	 2.33 	2
 3.09 	 3.35 	 2.35 	2
 3.09 	 3.36 	 2.37 	0
 3.09 	 3.37 	 2.34 	2
 3.09 	 3.39 	 2.29 	1
 3.09 	 3.40 	 2.27 	2
 3.09 	 3.41 	 2.17 	1
 3.09 	 3.43 	 2.26 	2
 3.09 	 3.45 	 1.95 	2
 3.09 	 3.46 	 2.14 	2
 3.09 	 3.48 	 2.29 	0
 3.09 	 3.49 	 2.15 	2
 3.09 	 3.49 	 2.23 	0
 3.09 	 3.49 	 2.28 	2
 3.09 	 3.49 	 2.30 	2
 3.09 	 3.50 	 2.17 	2
 3.09 	 3.51 	 2.15 	0
 3.09 	 3.53 	 2.33 	2
 3.09 	 3.54 	 2.32 	0
 3.09 	 3.56 	 2.26 	1
 3.09 	 3.57 	 2.22 	1
 3.09 	 3.58 	 2.29 	1
 3.09 	 3.61 	 2.27 	2
 3.09 	 3.62 	 2.22 	1
 3.09 	 3.79 	 2.15 	2
 3.09 	 3.84 	 2.17 	2
 3.09 	 3.86 	 2.20 	0
 3.09 	 3.91 	 2.15 	0
 3.09 	 4.02 	 2.09 	1
 3.09  	 3.23 	 2.40 	0
 3.09  	 3.49  	 2.31  	1
 3.09  	 3.58  	 2.26  	1
 3.09  	 3.74  	 1.93  	0
 3.10	 3.24 	 2.42 	0
 3.10	 3.36 	 2.34 	1
 3.10 	 2.88 	 2.57 	2
 3.10 	 2.91 	 2.69  	0
 3.10 	 2.94 	 2.59 	2
 3.10 	 2.94 	 2.50 	2
 3.10 	 2.96 	 2.65 	1
 3.10 	 2.99 	 2.46 	0
 3.10 	 3.02 	 2.59  	0
 3.10 	 3.03 	 2.49  	2
 3.10 	 3.05 	 2.52 	2
 3.10 	 3.05 	 2.52 	2
 3.10 	 3.06 	 2.60 	2
 3.10 	 3.06 	 2.45 	0
 3.10 	 3.07 	 2.44 	0
 3.10 	 3.08 	 2.45 	2
 3.10 	 3.13 	 2.40 	0
 3.10 	 3.14 	 2.49 	2
 3.10 	 3.16 	 2.47 	0
 3.10 	 3.18 	 2.43 	0
 3.10 	 3.19 	 2.47 	0
 3.10 	 3.20 	 2.42 	2
 3.10 	 3.20 	 2.33 	1
 3.10 	 3.21 	 2.41 	0
 3.10 	 3.21 	 2.23 	1
 3.10 	 3.24 	 2.31 	2
 3.10 	 3.24 	 2.30 	2
 3.10 	 3.25 	 2.36 	0
 3.10 	 3.25 	 2.36 	0
 3.10 	 3.26 	 2.48 	0
 3.10 	 3.29 	 2.31 	2
 3.10 	 3.30 	 2.40 	2
 3.10 	 3.31 	 2.23 	1
 3.10 	 3.31 	 2.35 	2
 3.10 	 3.31 	 2.27 	1
 3.10 	 3.32 	 2.39 	2
 3.10 	 3.37 	 2.34 	1
 3.10 	 3.38 	 2.31 	1
 3.10 	 3.41 	 2.29 	0
 3.10 	 3.42 	 2.35 	2
 3.10 	 3.42 	 2.19 	2
 3.10 	 3.44 	 2.29 	0
 3.10 	 3.46 	 2.36 	1
 3.10 	 3.47 	 2.15 	0
 3.10 	 3.49  	 2.33 	2
 3.10 	 3.51 	 2.36 	1
 3.10 	 3.52 	 2.27 	2
 3.10 	 3.52 	 2.12 	2
 3.10 	 3.53 	 2.25 	1
 3.10 	 3.56 	 2.27  	1
 3.10 	 3.56 	 2.14 	0
 3.10 	 3.57 	 2.30 	0
 3.10 	 3.57 	 2.22 	1
 3.10 	 3.57 	 2.25 	2
 3.10 	 3.58 	 2.22 	0
 3.10 	 3.60 	 2.29 	2
 3.10 	 3.62 	 2.10 	1
 3.10 	 3.65  	 2.21 	2
 3.10 	 3.69  	 2.27 	2
 3.10 	 3.72 	 2.20 	2
 3.10 	 3.74 	 2.21 	0
 3.10 	 3.76 	 2.17 	2
 3.10 	 3.88 	 2.39 	0
 3.10  	 3.10 	 2.54  	2
 3.10  	 3.31  	 2.40  	0
 3.10  	 3.37  	 2.34  	1
 3.10  	 3.40  	 2.37  	1
 3.10  	 3.57  	 2.26  	0
 3.10  	 3.71 	 2.23   	2
 3.10  	 3.75  	 2.20  	1
 3.10  	 4.08  	 2.09   	1
 3.11	 3.19	 2.41	1
 3.11	 3.32 	 2.38 	0
 3.11	 3.35 	 2.36 	0
 3.11	 3.51 	 2.20 	0
 3.11 	 2.89 	 2.63 	0
 3.11 	 2.91 	 2.52 	2
 3.11 	 2.92 	 2.55 	2
 3.11 	 2.92 	 2.57 	0
 3.11 	 2.94 	 2.51 	1
 3.11 	 3.00 	 2.49 	0
 3.11 	 3.06  	 2.48 	2
 3.11 	 3.10 	 2.38 	0
 3.11 	 3.12 	 2.43 	2
 3.11 	 3.12 	 2.42 	2
 3.11 	 3.13 	 2.54 	0
 3.11 	 3.14 	 2.51 	1
 3.11 	 3.14 	 2.45 	0
 3.11 	 3.14 	 2.47 	0
 3.11 	 3.19 	 2.35 	2
 3.11 	 3.23 	 2.41 	2
 3.11 	 3.24 	 2.36 	1
 3.11 	 3.25 	 2.41 	2
 3.11 	 3.26  	 2.45 	1
 3.11 	 3.27 	 2.26 	0
 3.11 	 3.28 	 2.35 	1
 3.11 	 3.30 	 2.32 	0
 3.11 	 3.33 	 2.30 	1
 3.11 	 3.35 	 2.34 	1
 3.11 	 3.35 	 2.18 	0
 3.11 	 3.38 	 2.33 	1
 3.11 	 3.38 	 2.34 	2
 3.11 	 3.39 	 2.29 	2
 3.11 	 3.39 	 2.16 	1
 3.11 	 3.40 	 2.15 	0
 3.11 	 3.40 	 2.28 	2
 3.11 	 3.41 	 2.15 	0
 3.11 	 3.41 	 2.23 	1
 3.11 	 3.44 	 2.22 	2
 3.11 	 3.46 	 2.34 	0
 3.11 	 3.47 	 2.24 	2
 3.11 	 3.48 	 2.26 	1
 3.11 	 3.50 	 2.10 	0
 3.11 	 3.52 	 2.20 	1
 3.11 	 3.58  	 2.28  	1
 3.11 	 3.59 	 2.08 	0
 3.11 	 3.61 	 2.20  	2
 3.11 	 3.63 	 2.23 	2
 3.11 	 3.64 	 2.27 	2
 3.11 	 3.67 	 2.23 	0
 3.11 	 3.71 	 2.15 	2
 3.11 	 3.74 	 2.18 	0
 3.11 	 3.76 	 2.19 	1
 3.11 	 3.77 	 2.03 	2
 3.11 	 3.79 	 2.22 	1
 3.11 	 3.86 	 2.14 	2
 3.11 	 3.87 	 2.19 	1
 3.11  	 3.69  	 2.22  	1
 3.12	 3.21 	 2.43 	1
 3.12 	 2.98 	 2.63 	1
 3.12 	 3.00 	 2.50 	2
 3.12 	 3.01 	 2.50 	2
 3.12 	 3.04 	 2.38 	2
 3.12 	 3.04 	 2.40 	1
 3.12 	 3.05 	 2.55 	0
 3.12 	 3.05 	 2.49 	1
 3.12 	 3.06 	 2.45 	2
 3.12 	 3.10 	 2.55 	2
 3.12 	 3.13 	 2.45 	1
 3.12 	 3.14 	 2.47 	1
 3.12 	 3.16 	 2.37 	0
 3.12 	 3.18 	 2.39 	1
 3.12 	 3.23 	 2.41 	2
 3.12 	 3.23 	 2.32 	1
 3.12 	 3.23 	 2.31 	2
 3.12 	 3.25 	 2.31 	0
 3.12 	 3.26  	 2.34 	0
 3.12 	 3.28 	 2.29 	1
 3.12 	 3.28 	 2.31 	2
 3.12 	 3.30 	 2.33 	2
 3.12 	 3.31 	 2.36 	1
 3.12 	 3.32 	 2.31 	1
 3.12 	 3.33 	 2.40 	0
 3.12 	 3.34 	 2.39 	2
 3.12 	 3.34 	 2.30 	0
 3.12 	 3.37 	 2.31 	1
 3.12 	 3.37 	 2.21 	0
 3.12 	 3.38 	 2.36 	2
 3.12 	 3.40 	 2.33 	2
 3.12 	 3.40 	 2.27 	0
 3.12 	 3.40  	 2.32 	2
 3.12 	 3.41 	 2.37 	1
 3.12 	 3.42 	 2.30 	2
 3.12 	 3.42 	 2.28 	0
 3.12 	 3.47 	 2.30 	0
 3.12 	 3.48 	 2.18 	1
 3.12 	 3.49 	 2.18 	0
 3.12 	 3.49 	 2.18 	2
 3.12 	 3.53 	 2.26 	2
 3.12 	 3.55 	 2.09 	2
 3.12 	 3.56 	 2.11 	1
 3.12 	 3.57 	 2.25 	2
 3.12 	 3.58 	 2.07 	2
 3.12 	 3.63 	 2.18 	2
 3.12 	 3.64 	 2.07 	2
 3.12 	 3.71 	 2.15 	2
 3.12 	 3.73 	 2.17 	1
 3.12 	 3.74 	 2.19  	2
 3.12 	 3.75 	 2.13 	1
 3.12 	 3.79 	 2.12 	0
 3.12 	 3.82 	 2.19 	2
 3.12  	 3.12  	 2.53  	2
 3.12  	 3.67  	 2.26 	2
 3.12  	 3.70  	 2.21   	0
 3.12  	 3.75  	 2.17  	2
 3.12  	 4.16  	 2.08  	2
 3.12   	 3.42 	 2.35 	2
 3.13 	 2.84 	 2.75 	1
 3.13 	 2.95 	 2.52 	0
 3.13 	 2.95 	 2.51 	2
 3.13 	 2.97 	 2.48  	0
 3.13 	 2.98 	 2.62 	2
 3.13 	 3.02 	 2.34 	2
 3.13 	 3.02 	 2.52  	2
 3.13 	 3.03 	 2.54 	0
 3.13 	 3.06 	 2.59 	1
 3.13 	 3.09 	 2.43 	1
 3.13 	 3.11 	 2.55 	1
 3.13 	 3.11 	 2.45 	2
 3.13 	 3.11 	 2.46  	2
 3.13 	 3.11 	 2.41 	0
 3.13 	 3.17 	 2.49 	2
 3.13 	 3.27 	 2.36 	0
 3.13 	 3.28 	 2.38 	2
 3.13 	 3.29 	 2.41 	1
 3.13 	 3.32 	 2.41 	2
 3.13 	 3.32 	 2.30 	1
 3.13 	 3.32 	 2.23 	2
 3.13 	 3.34 	 2.23 	2
 3.13 	 3.36 	 2.34 	2
 3.13 	 3.39 	 2.31 	2
 3.13 	 3.41  	 2.36  	0
 3.13 	 3.43 	 2.25 	0
 3.13 	 3.47 	 2.27 	2
 3.13 	 3.48 	 2.34 	2
 3.13 	 3.49 	 2.23 	0
 3.13 	 3.50 	 2.27 	2
 3.13 	 3.53 	 2.16 	1
 3.13 	 3.54 	 2.29 	0
 3.13 	 3.54 	 2.21 	2
 3.13 	 3.55 	 2.22 	2
 3.13 	 3.56 	 2.22 	1
 3.13 	 3.61 	 2.21 	1
 3.13 	 3.62 	 2.02 	1
 3.13 	 3.65 	 2.08 	1
 3.13 	 3.68 	 2.23 	2
 3.13 	 3.70 	 2.21 	1
 3.13 	 3.71 	 2.18 	2
 3.13 	 3.86 	 2.13 	1
 3.13  	  3.31  	 2.35  	1
 3.13  	 2.96 	 2.59 	0
 3.13  	 3.17 	 2.43 	1
 3.13  	 3.17  	 2.46  	0
 3.13  	 3.31   	 2.38   	2
 3.13  	 3.74  	 2.22 	0
 3.13  	 3.84 	 2.16  	2
 3.14 	 2.84  	  2.75 	2
 3.14 	 2.88 	 2.40 	2
 3.14 	 2.95 	 2.62 	1
 3.14 	 2.98 	 2.58 	0
 3.14 	 3.02 	 2.31 	2
 3.14 	 3.04 	 2.48 	1
 3.14 	 3.04 	 2.46 	1
 3.14 	 3.05 	 2.51 	1
 3.14 	 3.09 	 2.54 	0
 3.14 	 3.09 	 2.42 	0
 3.14 	 3.12 	 2.49 	0
 3.14 	 3.14 	 2.42 	0
 3.14 	 3.16 	 2.46 	2
 3.14 	 3.17 	 2.43 	1
 3.14 	 3.18 	 2.43 	2
 3.14 	 3.20 	 2.36  	2
 3.14 	 3.26 	 2.32 	2
 3.14 	 3.26 	 2.29 	2
 3.14 	 3.27 	 2.28 	2
 3.14 	 3.27 	 2.35 	2
 3.14 	 3.27 	 2.35 	0
 3.14 	 3.28 	 2.32 	0
 3.14 	 3.28 	 2.34 	2
 3.14 	 3.29 	 3.37 	1
 3.14 	 3.30 	 2.40 	2
 3.14 	 3.30 	 2.37 	0
 3.14 	 3.34 	 2.38 	1
 3.14 	 3.38 	 2.27 	1
 3.14 	 3.39 	 2.37 	0
 3.14 	 3.40 	 2.26 	0
 3.14 	 3.41 	 2.20 	0
 3.14 	 3.44 	 2.31 	1
 3.14 	 3.45 	 2.35 	2
 3.14 	 3.46 	 2.26 	2
 3.14 	 3.47 	 2.15 	0
 3.14 	 3.48 	 2.25 	0
 3.14 	 3.50 	 2.15 	1
 3.14 	 3.50 	 2.21 	0
 3.14 	 3.52 	 2.25 	2
 3.14 	 3.52 	 2.14 	1
 3.14 	 3.54 	 2.13 	1
 3.14 	 3.55 	 2.09 	2
 3.14 	 3.57 	 2.19 	1
 3.14 	 3.57 	 2.18 	0
 3.14 	 3.58 	 2.09 	1
 3.14 	 3.70 	 2.04 	2
 3.14 	 3.88 	 2.17 	0
 3.14  	 3.31  	 2.35  	0
 3.14  	 3.59 	 2.27  	1
 3.14  	 3.61  	 2.24  	0
 3.14  	 3.66  	 2.25  	1
 3.15 	 2.82 	 2.77 	0
 3.15 	 2.98 	 2.46 	0
 3.15 	 3.09 	 2.42 	0
 3.15 	 3.16 	 2.34 	0
 3.15 	 3.19 	 2.40 	2
 3.15 	 3.20 	 2.34 	1
 3.15 	 3.20 	 2.42 	2
 3.15 	 3.22  	 2.40 	2
 3.15 	 3.24 	 2.26 	1
 3.15 	 3.27 	 2.40 	0
 3.15 	 3.28 	 2.39 	0
 3.15 	 3.28 	 2.35 	0
 3.15 	 3.28 	 2.35 	2
 3.15 	 3.28 	 2.29 	1
 3.15 	 3.30 	 2.27 	2
 3.15 	 3.31 	 2.36 	2
 3.15 	 3.33 	 2.38 	0
 3.15 	 3.34 	 2.29 	1
 3.15 	 3.35 	 2.36 	2
 3.15 	 3.36 	 2.31 	1
 3.15 	 3.36 	 2.26 	0
 3.15 	 3.37 	 2.28 	2
 3.15 	 3.43 	 2.33 	2
 3.15 	 3.43 	 2.29 	2
 3.15 	 3.44 	 2.24 	0
 3.15 	 3.48 	 2.25 	0
 3.15 	 3.48 	 2.25 	2
 3.15 	 3.48 	 2.22 	2
 3.15 	 3.48 	 2.26 	2
 3.15 	 3.51 	 2.31 	2
 3.15 	 3.52 	 2.26 	0
 3.15 	 3.52 	 2.22 	1
 3.15 	 3.54 	 2.24 	1
 3.15 	 3.57 	 2.30 	1
 3.15 	 3.59 	 2.20 	2
 3.15 	 3.60 	 2.23  	0
 3.15 	 3.60 	 2.22 	1
 3.15 	 3.60 	 2.21 	0
 3.15 	 3.67 	 2.19  	0
 3.15 	 3.68 	 2.17 	2
 3.15 	 3.70 	 2.17 	1
 3.15 	 3.71 	 2.18 	0
 3.15 	 3.80 	 2.06 	0
 3.15  	 3.10 	 2.53 	0
 3.15  	 3.22 	 2.42 	2
 3.15  	 3.27 	 2.19 	1
 3.15  	 3.61  	 2.21  	2
 3.16 	 2.87 	 2.53 	0
 3.16 	 2.88 	 2.55 	2
 3.16 	 2.93 	 2.53 	0
 3.16 	 2.94 	 2.56 	2
 3.16 	 2.95 	 2.50 	1
 3.16 	 3.02 	 2.45 	2
 3.16 	 3.03 	 2.43 	0
 3.16 	 3.05 	 2.42 	0
 3.16 	 3.09 	 2.38 	0
 3.16 	 3.10 	 2.41 	1
 3.16 	 3.13 	 2.51 	0
 3.16 	 3.16 	 2.42 	1
 3.16 	 3.18 	 2.39 	0
 3.16 	 3.20 	 2.43 	1
 3.16 	 3.28 	 2.35 	2
 3.16 	 3.29 	 2.39 	2
 3.16 	 3.30 	 2.14 	0
 3.16 	 3.32 	 2.33 	2
 3.16 	 3.33 	 2.27 	1
 3.16 	 3.34 	 2.28 	0
 3.16 	 3.36 	 2.31 	0
 3.16 	 3.37 	 2.13 	2
 3.16 	 3.39 	 2.07 	2
 3.16 	 3.39 	 2.29 	0
 3.16 	 3.41 	 2.32 	1
 3.16 	 3.41 	 2.17 	1
 3.16 	 3.41 	 2.28 	0
 3.16 	 3.44 	 2.22 	2
 3.16 	 3.45 	 2.18 	2
 3.16 	 3.45 	 2.20 	2
 3.16 	 3.46 	 2.10 	1
 3.16 	 3.48 	 2.24 	2
 3.16 	 3.52 	 2.29 	1
 3.16 	 3.53 	 2.18 	1
 3.16 	 3.54 	 2.30 	2
 3.16 	 3.54 	 2.09 	0
 3.16 	 3.62 	 2.11 	1
 3.16 	 3.62 	 2.16 	0
 3.16 	 3.64 	 2.22 	0
 3.16 	 3.65 	 2.14 	1
 3.16 	 3.65 	 2.23 	1
 3.16 	 3.65 	 2.18 	2
 3.16 	 3.67 	 2.14 	2
 3.16 	 3.75 	 2.01 	1
 3.16  	 3.24 	 2.34 	0
 3.16  	 3.29  	 2.35  	1
 3.16  	 3.44  	 2.26  	1
 3.16  	 3.56  	 2.23  	2
 3.17 	 2.62 	 2.78  	2
 3.17 	 2.98 	 2.62 	1
 3.17 	 2.99 	 2.50 	0
 3.17 	 3.02 	 2.56 	0
 3.17 	 3.07 	 2.40 	0
 3.17 	 3.08 	 2.42 	2
 3.17 	 3.11 	 2.45 	1
 3.17 	 3.15 	 2.36 	0
 3.17 	 3.17 	 2.36 	2
 3.17 	 3.19 	 2.47 	1
 3.17 	 3.19 	 2.31 	2
 3.17 	 3.20 	 2.40 	0
 3.17 	 3.21 	 2.42 	2
 3.17 	 3.25 	 2.41 	0
 3.17 	 3.29 	 2.40 	0
 3.17 	 3.29 	 2.33 	2
 3.17 	 3.31 	 2.30 	1
 3.17 	 3.31 	 2.24 	0
 3.17 	 3.32 	 2.33 	0
 3.17 	 3.32 	 2.39 	1
 3.17 	 3.32 	 2.37 	0
 3.17 	 3.33 	 2.34 	0
 3.17 	 3.33 	 2.30 	1
 3.17 	 3.35 	 2.29  	2
 3.17 	 3.36 	 2.36 	2
 3.17 	 3.37 	 2.31 	1
 3.17 	 3.40 	 2.30 	2
 3.17 	 3.41 	 2.24 	0
 3.17 	 3.42 	 2.25 	1
 3.17 	 3.43 	 2.23 	2
 3.17 	 3.44 	 2.33 	2
 3.17 	 3.44 	 2.28 	0
 3.17 	 3.44 	 2.14 	1
 3.17 	 3.45 	 2.21 	1
 3.17 	 3.46 	 2.22 	0
 3.17 	 3.46 	 2.21 	1
 3.17 	 3.49 	 2.19 	1
 3.17 	 3.53 	 2.18 	1
 3.17 	 3.53 	 2.14 	1
 3.17 	 3.55 	 2.23 	2
 3.17 	 3.56 	 2.07 	0
 3.17 	 3.56 	 2.15 	0
 3.17 	 3.56 	 2.16 	2
 3.17 	 3.59 	 2.26 	0
 3.17 	 3.59 	 2.21 	0
 3.17 	 3.60  	 2.14 	0
 3.17 	 3.65 	 2.22 	0
 3.17 	 3.67 	 2.23 	2
 3.17 	 3.87 	 2.08 	1
 3.17  	 3.05 	 2.38 	2
 3.17  	 3.85  	 2.11 	0
 3.17  	 3.96  	 2.12  	2
 3.18 	 2.99 	 2.47 	0
 3.18 	 3.09 	 2.48 	0
 3.18 	 3.10 	 2.46  	1
 3.18 	 3.14 	 2.49 	2
 3.18 	 3.17 	 2.37 	0
 3.18 	 3.18 	 2.29 	2
 3.18 	 3.18 	 2.33 	0
 3.18 	 3.22 	 2.39 	2
 3.18 	 3.23 	 2.25 	2
 3.18 	 3.24 	 2.37 	2
 3.18 	 3.25 	 2.42 	2
 3.18 	 3.25 	 2.35 	0
 3.18 	 3.25 	 2.32 	2
 3.18 	 3.25 	 2.27 	2
 3.18 	 3.26 	 2.42 	2
 3.18 	 3.26 	 2.42 	1
 3.18 	 3.27 	 2.33 	2
 3.18 	 3.29 	 2.28 	0
 3.18 	 3.31 	 2.38 	2
 3.18 	 3.31  	 2.35 	1
 3.18 	 3.35 	 2.30 	2
 3.18 	 3.35 	 2.24 	0
 3.18 	 3.37 	 2.32 	0
 3.18 	 3.38 	 2.32 	2
 3.18 	 3.41 	 2.21 	2
 3.18 	 3.41 	 2.24 	2
 3.18 	 3.42 	 2.11 	0
 3.18 	 3.44 	 2.33 	1
 3.18 	 3.45 	 2.27 	1
 3.18 	 3.47 	 2.25 	2
 3.18 	 3.49 	 2.22 	2
 3.18 	 3.50 	 2.25 	2
 3.18 	 3.54  	 2.15 	2
 3.18 	 3.55 	 2.27 	2
 3.18 	 3.55 	 2.27 	1
 3.18 	 3.55 	 2.22 	2
 3.18 	 3.56 	 2.06 	2
 3.18 	 3.65 	 2.25 	0
 3.18 	 3.70 	 2.46 	0
 3.18 	 3.71 	 2.17 	1
 3.18 	 3.72 	 2.21 	0
 3.18 	 3.85 	 2.07 	0
 3.18 	 3.87 	 2.11 	2
 3.18 	 4.09 	 2.11	2
 3.18  	 2.85 	 2.64 	0
 3.18  	 3.28  	 2.35  	1
 3.18  	 3.50 	 2.32 	0
 3.18  	 3.91 	 2.10  	2
 3.18   	 3.47  	 2.25  	2
 3.19 	 2.83 	 2.69  	1
 3.19 	 2.87 	 2.52 	0
 3.19 	 2.88 	 2.51 	2
 3.19 	 2.91 	 2.63 	2
 3.19 	 2.99 	 2.57 	2
 3.19 	 3.15 	 2.37 	2
 3.19 	 3.16  	 2.45  	2
 3.19 	 3.17 	 2.44 	0
 3.19 	 3.19 	 2.46 	1
 3.19 	 3.22 	 2.33 	2
 3.19 	 3.23 	 2.35 	1
 3.19 	 3.25 	 2.40  	2
 3.19 	 3.26 	 2.38 	0
 3.19 	 3.26 	 2.29 	2
 3.19 	 3.27 	 2.38 	0
 3.19 	 3.27 	 2.31 	2
 3.19 	 3.29 	 2.33 	0
 3.19 	 3.30 	 2.27 	2
 3.19 	 3.30 	 2.30 	1
 3.19 	 3.32 	 2.28 	2
 3.19 	 3.33 	 2.14 	1
 3.19 	 3.33 	 2.26 	0
 3.19 	 3.33 	 2.27 	2
 3.19 	 3.33 	 2.31 	2
 3.19 	 3.33 	 2.34 	1
 3.19 	 3.35 	 2.19 	2
 3.19 	 3.41 	 2.23 	0
 3.19 	 3.41  	 2.32 	2
 3.19 	 3.42 	 2.28 	1
 3.19 	 3.42 	 2.25 	1
 3.19 	 3.45 	 2.23 	2
 3.19 	 3.47 	 2.23 	2
 3.19 	 3.50 	 2.24  	0
 3.19 	 3.52 	 2.23 	0
 3.19 	 3.54 	 2.17 	0
 3.19 	 3.55 	 2.15 	1
 3.19 	 3.56 	 2.24 	0
 3.19 	 3.56 	 2.09 	2
 3.19 	 3.56 	 2.21 	2
 3.19 	 3.57 	 2.26 	0
 3.19 	 3.57 	 2.18 	2
 3.19 	 3.68 	 2.22 	2
 3.19 	 3.69 	 2.01 	2
 3.19 	 3.74 	 2.10 	2
 3.19 	 3.92 	 2.06 	1
 3.19  	 3.27  	 2.39  	1
 3.19  	 3.43  	 2.31  	2
 3.19  	 3.51  	 2.22  	2
 3.19  	 3.55 	 2.20 	1
 3.19  	 3.76  	 2.16  	0
 3.20 	 2.74 	 2.70 	0
 3.20 	 2.93  	 2.61  	1
 3.20 	 2.99 	 2.45 	1
 3.20 	 3.01 	 2.52 	0
 3.20 	 3.01 	 2.46 	1
 3.20 	 3.02 	 2.51 	0
 3.20 	 3.11 	 2.35 	0
 3.20 	 3.12 	 2.41 	1
 3.20 	 3.15 	 2.40 	1
 3.20 	 3.17 	 2.42 	1
 3.20 	 3.19 	 2.38 	2
 3.20 	 3.22 	 2.31 	0
 3.20 	 3.22 	 2.33 	2
 3.20 	 3.22 	 2.30 	2
 3.20 	 3.24 	 2.37 	2
 3.20 	 3.24 	 2.17 	0
 3.20 	 3.26 	 2.29 	0
 3.20 	 3.27 	 2.38 	2
 3.20 	 3.27 	 2.27 	0
 3.20 	 3.28 	 2.35 	2
 3.20 	 3.30 	 2.32 	1
 3.20 	 3.30 	 2.32 	1
 3.20 	 3.33 	 2.30 	1
 3.20 	 3.33 	 2.30 	2
 3.20 	 3.36 	 2.34  	0
 3.20 	 3.36 	 2.25 	2
 3.20 	 3.38 	 2.32 	0
 3.20 	 3.42 	 2.20 	0
 3.20 	 3.42 	 2.26  	2
 3.20 	 3.43 	 2.32 	1
 3.20 	 3.43 	 2.27 	1
 3.20 	 3.43 	 2.24 	0
 3.20 	 3.45 	 2.17 	1
 3.20 	 3.46 	 2.25 	0
 3.20 	 3.47 	 2.19 	0
 3.20 	 3.48 	 2.25 	2
 3.20 	 3.51 	 2.14 	2
 3.20 	 3.58 	 1.97 	0
 3.20 	 3.58 	 2.21 	1
 3.20 	 3.58  	 2.16 	1
 3.20 	 3.59 	 2.24  	2
 3.20 	 3.63 	 2.16  	1
 3.20 	 3.64 	 2.23 	2
 3.20 	 3.71 	 2.04 	2
 3.20 	 3.72 	 2.06 	2
 3.20 	 3.88 	 2.10  	2
 3.20 	 4.74 	 1.92 	0
 3.20  	 3.70  	 2.16  	0
 3.21 	 2.84 	 2.63 	2
 3.21 	 2.97 	 2.53 	0
 3.21 	 2.98 	 2.39 	2
 3.21 	 3.06 	 2.43 	0
 3.21 	 3.09 	 2.50 	0
 3.21 	 3.13 	 2.38 	1
 3.21 	 3.17 	 2.35 	2
 3.21 	 3.18 	 2.42 	0
 3.21 	 3.21 	 2.44 	1
 3.21 	 3.21 	 2.33 	2
 3.21 	 3.22 	 2.41 	1
 3.21 	 3.22 	 2.39 	2
 3.21 	 3.22 	 2.25 	2
 3.21 	 3.22 	 2.33 	2
 3.21 	 3.23 	 2.29 	2
 3.21 	 3.24  	 2.40  	1
 3.21 	 3.27 	 2.30 	2
 3.21 	 3.27 	 2.34 	1
 3.21 	 3.27 	 2.30 	0
 3.21 	 3.28 	 2.34 	2
 3.21 	 3.30 	 2.32 	2
 3.21 	 3.30 	 2.29 	2
 3.21 	 3.31 	 2.31 	2
 3.21 	 3.32 	 2.27 	0
 3.21 	 3.35 	 2.32 	1
 3.21 	 3.35 	 2.19 	2
 3.21 	 3.39 	 2.34 	1
 3.21 	 3.49 	 2.16 	0
 3.21 	 3.49 	 2.15 	1
 3.21 	 3.49  	 2.28 	1
 3.21 	 3.53 	 2.03 	1
 3.21 	 3.54 	 2.15 	2
 3.21 	 3.58 	 2.19 	1
 3.21 	 3.62 	 2.24 	0
 3.21 	 3.72 	 2.20 	2
 3.21 	 3.73 	 2.13 	2
 3.21 	 3.74 	 2.12 	1
 3.21 	 3.74 	 2.00 	2
 3.21 	 3.78 	 2.07 	0
 3.21  	 3.28  	 2.39 	1
 3.21  	 3.40 	 2.19 	1
 3.21  	 3.60 	 2.23  	0
 3.21  	 3.75  	 2.13  	0
 3.21  	 3.85 	 2.09 	0
 3.22 	 2.65 	 2.75 	1
 3.22 	 2.82  	 2.64 	1
 3.22 	 2.96  	 2.47 	0
 3.22 	 3.13 	 2.44 	2
 3.22 	 3.18 	 2.38 	1
 3.22 	 3.22 	 2.21 	1
 3.22 	 3.25 	 2.40 	2
 3.22 	 3.29 	 2.35 	1
 3.22 	 3.30 	 2.31 	2
 3.22 	 3.31 	 2.21 	1
 3.22 	 3.31 	 2.24 	2
 3.22 	 3.32 	 2.33 	2
 3.22 	 3.34 	 2.20 	2
 3.22 	 3.34 	 2.24 	0
 3.22 	 3.35 	 2.25 	2
 3.22 	 3.37 	 2.22 	2
 3.22 	 3.38 	 2.30 	0
 3.22 	 3.38  	 2.26 	1
 3.22 	 3.39 	 2.28 	2
 3.22 	 3.42 	 2.13 	2
 3.22 	 3.43 	 2.24 	1
 3.22 	 3.44 	 2.21 	0
 3.22 	 3.45  	 2.30  	0
 3.22 	 3.46 	 2.28 	2
 3.22 	 3.46 	 2.24 	2
 3.22 	 3.46  	 2.23  	1
 3.22 	 3.47 	 2.28 	0
 3.22 	 3.47 	 2.15 	2
 3.22 	 3.51 	 2.23 	2
 3.22 	 3.51 	 2.07 	1
 3.22 	 3.53 	 2.15 	2
 3.22 	 3.54 	 2.05 	2
 3.22 	 3.58 	 2.14 	2
 3.22 	 3.60 	 2.10 	2
 3.22 	 3.68 	 2.15 	0
 3.22 	 3.75 	 2.18 	2
 3.22 	 3.76 	 2.07 	2
 3.22 	 3.84 	 2.06 	0
 3.22  	 3.67  	 2.22 	0
 3.23 	 2.97 	 2.58 	1
 3.23 	 3.0 	 2.26 	2
 3.23 	 3.05 	 2.34 	0
 3.23 	 3.08 	 2.38 	1
 3.23 	 3.09 	 2.37 	2
 3.23 	 3.12 	 2.40 	2
 3.23 	 3.13 	 2.37 	2
 3.23 	 3.13 	 2.34 	1
 3.23 	 3.14 	 2.29 	1
 3.23 	 3.15 	 2.41 	2
 3.23 	 3.18 	 2.40 	2
 3.23 	 3.18 	 2.28 	0
 3.23 	 3.23 	 2.27 	2
 3.23 	 3.27 	 2.29 	1
 3.23 	 3.30 	 2.30 	2
 3.23 	 3.30 	 2.32 	0
 3.23 	 3.30 	 2.31 	2
 3.23 	 3.32 	 2.25 	1
 3.23 	 3.33 	 2.33 	1
 3.23 	 3.33 	 2.35 	2
 3.23 	 3.38 	 2.26 	2
 3.23 	 3.38 	 2.30 	2
 3.23 	 3.41 	 2.29 	0
 3.23 	 3.41 	 2.10 	0
 3.23 	 3.41 	 2.18 	0
 3.23 	 3.42 	 2.23 	2
 3.23 	 3.43 	 2.24 	2
 3.23 	 3.43 	 2.27 	2
 3.23 	 3.45 	 2.13 	0
 3.23 	 3.46 	 2.07 	0
 3.23 	 3.47  	 2.23 	2
 3.23 	 3.48 	 2.22 	2
 3.23 	 3.48 	 2.21 	1
 3.23 	 3.49 	 2.06 	1
 3.23 	 3.52 	 2.17 	0
 3.23 	 3.56 	 2.24 	1
 3.23 	 3.57 	 2.20 	0
 3.23 	 3.59 	 2.18 	2
 3.23 	 3.62 	 2.21 	0
 3.23 	 3.66 	 2.13 	2
 3.23 	 3.67 	 2.12 	2
 3.23 	 3.68 	 2.15 	2
 3.23 	 3.69 	 2.01 	2
 3.23 	 3.70 	 2.20 	1
 3.23 	 3.76 	 2.11 	0
 3.23 	 3.77 	 2.08 	0
 3.23 	 3.82 	 2.11 	2
 3.23  	 2.90 	 2.61 	0
 3.23  	 3.05  	 2.51 	1
 3.23  	 3.45  	 2.29  	0
 3.23  	 3.55  	 2.20  	0
 3.23  	 3.88 	 2.12  	1
 3.23  	 3.93  	 2.13  	0
 3.24 	 2.76  	 2.75  	0
 3.24 	 2.84 	 2.49 	2
 3.24 	 2.91 	 2.46 	1
 3.24 	 2.99 	 2.54 	0
 3.24 	 2.99 	 2.44 	2
 3.24 	 3.01 	 2.40 	1
 3.24 	 3.05 	 2.44 	0
 3.24 	 3.05 	 2.44 	0
 3.24 	 3.07 	 2.42 	2
 3.24 	 3.11 	 2.37 	1
 3.24 	 3.13 	 2.35 	0
 3.24 	 3.18 	 2.25 	2
 3.24 	 3.21 	 2.35 	2
 3.24 	 3.21 	 2.35  	1
 3.24 	 3.22 	 2.41 	0
 3.24 	 3.23 	 2.42 	2
 3.24 	 3.23 	 2.42 	2
 3.24 	 3.24 	 2.35 	1
 3.24 	 3.27  	 2.33 	2
 3.24 	 3.32 	 2.31 	1
 3.24 	 3.34 	 2.20 	1
 3.24 	 3.39 	 2.33 	0
 3.24 	 3.39 	 2.25 	2
 3.24 	 3.39 	 2.25 	2
 3.24 	 3.40 	 2.24 	2
 3.24 	 3.41 	 2.26 	2
 3.24 	 3.41 	 2.26 	0
 3.24 	 3.41 	 2.21 	0
 3.24 	 3.43 	 2.19 	0
 3.24 	 3.45 	 2.17  	1
 3.24 	 3.45 	 2.22 	1
 3.24 	 3.48 	 2.18 	2
 3.24 	 3.48 	 2.19 	2
 3.24 	 3.50 	 2.21 	0
 3.24 	 3.51 	 2.28 	2
 3.24 	 3.51 	 2.05 	2
 3.24 	 3.51 	 2.15 	2
 3.24 	 3.52 	 2.06 	2
 3.24 	 3.52  	 2.25 	2
 3.24 	 3.56 	 2.12 	0
 3.24 	 3.58 	 2.25 	1
 3.24 	 3.61 	 2.01 	1
 3.24 	 3.65 	 1.99 	2
 3.24 	 3.73 	 2.18 	1
 3.24 	 3.82 	 1.99 	2
 3.24 	 3.91  	 2.11 	2
 3.24  	 3.26 	 2.38 	2
 3.24  	 3.48 	 2.06 	2
 3.24  	 3.54  	 2.26 	0
 3.24  	 3.65 	 2.03  	0
 3.24  	 3.98  	 2.05  	0
 3.24  	 3.98  	 2.05  	1
 3.25 	 2.85 	 2.64 	0
 3.25 	 2.89 	 2.47 	1
 3.25 	 2.95 	 2.42 	2
 3.25 	 3.01 	 2.49 	2
 3.25 	 3.04 	 2.44 	2
 3.25 	 3.06 	 2.32 	2
 3.25 	 3.08 	 2.43 	0
 3.25 	 3.09 	 2.32 	2
 3.25 	 3.10 	 2.44 	0
 3.25 	 3.12 	 2.47 	2
 3.25 	 3.12 	 2.40 	1
 3.25 	 3.13 	 2.47 	0
 3.25 	 3.16 	 2.30 	2
 3.25 	 3.18 	 2.39 	2
 3.25 	 3.18 	 2.18 	2
 3.25 	 3.19 	 2.29  	2
 3.25 	 3.19 	 2.37 	2
 3.25 	 3.19 	 2.32 	1
 3.25 	 3.24 	 2.34 	2
 3.25 	 3.25 	 2.28 	2
 3.25 	 3.26 	 2.25 	2
 3.25 	 3.26 	 2.28 	0
 3.25 	 3.28 	 2.25 	2
 3.25 	 3.29 	 2.25 	0
 3.25 	 3.30 	 2.25 	2
 3.25 	 3.31 	 2.13 	1
 3.25 	 3.32 	 2.27 	2
 3.25 	 3.37 	 2.22 	0
 3.25 	 3.40 	 2.27 	1
 3.25 	 3.42 	 2.19 	1
 3.25 	 3.44 	 2.44 	2
 3.25 	 3.45 	 2.07 	2
 3.25 	 3.46 	 2.17 	0
 3.25 	 3.48 	 2.22 	2
 3.25 	 3.48  	 2.14 	1
 3.25 	 3.50 	 2.10 	0
 3.25 	 3.52 	 2.20 	1
 3.25 	 3.52 	 2.05 	2
 3.25 	 3.53 	 2.25  	2
 3.25 	 3.56 	 2.18 	0
 3.25 	 3.60 	 2.04 	2
 3.25 	 3.63 	 2.14 	2
 3.25 	 3.64 	 2.14 	2
 3.25 	 3.70 	 2.09 	2
 3.25 	 3.70  	 1.98 	2
 3.25 	 3.74 	 2.11 	1
 3.25 	 3.75 	 2.11 	1
 3.25  	 3.22 	 2.37  	0
 3.26 	 2.86 	 2.66 	1
 3.26 	 2.90 	 2.45 	1
 3.26 	 2.97  	 2.56  	2
 3.26 	 3.01	 2.39 	2
 3.26 	 3.06 	 2.35 	2
 3.26 	 3.13 	 2.34 	1
 3.26 	 3.15 	 2.33 	0
 3.26 	 3.16 	 2.39 	1
 3.26 	 3.16 	 2.22 	2
 3.26 	 3.19 	 2.27 	2
 3.26 	 3.20  	 2.35 	1
 3.26 	 3.22 	 2.31  	0
 3.26 	 3.23 	 2.37 	0
 3.26 	 3.25 	 2.30 	1
 3.26 	 3.25 	 2.30 	2
 3.26 	 3.28 	 2.31 	0
 3.26 	 3.30 	 2.20 	0
 3.26 	 3.31 	 2.14 	1
 3.26 	 3.32 	 2.21 	0
 3.26 	 3.35 	 2.16 	2
 3.26 	 3.40 	 2.28 	2
 3.26 	 3.42 	 2.11 	1
 3.26 	 3.44  	 2.24 	1
 3.26 	 3.45 	 2.20 	2
 3.26 	 3.46 	 2.22 	0
 3.26 	 3.46 	 2.23 	2
 3.26 	 3.49 	 2.13 	2
 3.26 	 3.50 	 2.21 	2
 3.26 	 3.51 	 2.18 	2
 3.26 	 3.55 	 2.22 	2
 3.26 	 3.56 	 2.13 	0
 3.26 	 3.57 	 2.04 	1
 3.26 	 3.58 	 2.15 	2
 3.26 	 3.58 	 2.03 	2
 3.26 	 3.60 	 2.15 	2
 3.26 	 3.62 	 2.01	2
 3.26 	 3.64 	 2.16 	2
 3.26 	 3.64 	 2.10 	0
 3.26 	 3.70 	 1.98 	2
 3.26 	 3.80 	 2.10 	2
 3.26 	 4.01 	 2.11	0
 3.26 	 4.08 	 2.02 	1
 3.26  	 2.93 	 2.58 	1
 3.26  	 3.29  	 2.34  	2
 3.26  	 3.37 	 2.31 	2
 3.26  	 3.87  	 2.08  	2
 3.26   	 3.30  	 2.35  	1
 3.27 	 2.71 	 2.71 	0
 3.27 	 2.93 	 2.59 	1
 3.27 	 3.00 	 2.50 	1
 3.27 	 3.02 	 2.35 	2
 3.27 	 3.04 	 2.35 	0
 3.27 	 3.06  	 2.48 	1
 3.27 	 3.11 	 2.39 	1
 3.27 	 3.11 	 2.33 	2
 3.27 	 3.18 	 2.29 	2
 3.27 	 3.18 	 2.36 	2
 3.27 	 3.19 	 2.31 	2
 3.27 	 3.20 	 2.35 	2
 3.27 	 3.25 	 2.29 	1
 3.27 	 3.27 	 2.26 	2
 3.27 	 3.27 	 1.90 	0
 3.27 	 3.28 	 2.31 	2
 3.27 	 3.28 	 2.31 	1
 3.27 	 3.31 	 2.30 	1
 3.27 	 3.34 	 2.28 	1
 3.27 	 3.34 	 2.19 	0
 3.27 	 3.34 	 2.24 	2
 3.27 	 3.34  	 2.33 	2
 3.27 	 3.36 	 2.22 	1
 3.27 	 3.40 	 2.07	2
 3.27 	 3.40 	 2.08 	2
 3.27 	 3.42 	 2.28 	1
 3.27 	 3.45 	 2.22 	2
 3.27 	 3.45 	 2.21 	1
 3.27 	 3.46  	 2.22 	1
 3.27 	 3.47 	 2.06 	1
 3.27 	 3.54 	 2.19 	0
 3.27 	 3.55  	 2.23   	2
 3.27 	 3.56 	 2.21 	1
 3.27 	 3.58 	 2.17 	2
 3.27 	 3.58 	 2.14 	2
 3.27 	 3.58 	 2.14 	2
 3.27 	 3.60 	 2.17 	2
 3.27 	 3.63 	 2.21 	1
 3.27 	 3.66 	 2.06 	2
 3.27 	 3.69 	 2.04 	2
 3.27 	 3.76 	 2.07 	2
 3.27 	 3.94 	 2.09 	2
 3.27  	 3.50  	 2.19  	2
 3.27  	 3.57  	 2.22 	0
 3.28 	 2.97 	 2.38 	2
 3.28 	 3.07 	 2.47 	1
 3.28 	 3.07 	 2.39 	2
 3.28 	 3.11 	 2.37 	1
 3.28 	 3.16 	 2.36 	1
 3.28 	 3.20 	 2.32 	0
 3.28 	 3.21 	 2.27 	2
 3.28 	 3.22 	 2.25 	1
 3.28 	 3.23 	 2.37 	0
 3.28 	 3.24 	 2.14 	0
 3.28 	 3.24 	 2.21 	2
 3.28 	 3.25 	 2.35 	2
 3.28 	 3.25 	 2.15 	2
 3.28 	 3.27 	 2.21 	0
 3.28 	 3.27 	 2.28 	2
 3.28 	 3.29 	 2.29 	2
 3.28 	 3.30 	 2.18 	1
 3.28 	 3.34 	 2.13 	2
 3.28 	 3.34 	 2.03  	2
 3.28 	 3.36 	 2.23 	2
 3.28 	 3.37 	 2.23 	2
 3.28 	 3.37 	 2.20 	2
 3.28 	 3.38 	 2.21 	0
 3.28 	 3.40 	 2.24 	0
 3.28 	 3.41 	 2.20 	0
 3.28 	 3.45 	 2.19 	0
 3.28 	 3.45 	 2.06 	0
 3.28 	 3.51  	 2.22 	2
 3.28 	 3.52 	 2.14 	2
 3.28 	 3.53 	 2.20 	2
 3.28 	 3.55 	 2.14 	2
 3.28 	 3.57 	 2.16 	2
 3.28 	 3.64 	 2.10 	2
 3.28 	 3.79 	 2.04 	0
 3.28  	 3.58  	 2.21   	0
 3.28  	 3.62 	 2.19 	0
 3.28  	 3.72  	 2.15  	2
 3.28  	 3.84 	 2.03 	1
 3.29 	 2.99 	 2.37 	1
 3.29 	 2.99 	 2.47 	0
 3.29 	 3.09	 2.41 	1
 3.29 	 3.13 	 2.39 	2
 3.29 	 3.15 	 2.27 	1
 3.29 	 3.17 	 2.31 	2
 3.29 	 3.18 	 2.35 	1
 3.29 	 3.18 	 2.25 	1
 3.29 	 3.19 	 2.34 	1
 3.29 	 3.21 	 2.38  	0
 3.29 	 3.23 	 2.34 	0
 3.29 	 3.24 	 2.32 	2
 3.29 	 3.24 	 2.29 	0
 3.29 	 3.24 	 2.20 	2
 3.29 	 3.25 	 2.30 	0
 3.29 	 3.26 	 2.27 	1
 3.29 	 3.29 	 2.29 	2
 3.29 	 3.33 	 2.27 	0
 3.29 	 3.34 	 2.24 	0
 3.29 	 3.34 	 2.28 	1
 3.29 	 3.34 	 2.23 	2
 3.29 	 3.35 	 2.22 	2
 3.29 	 3.40 	 2.06 	2
 3.29 	 3.42 	 2.22 	0
 3.29 	 3.43 	 2.28 	1
 3.29 	 3.44 	 2.27 	1
 3.29 	 3.44 	 2.18 	0
 3.29 	 3.47 	 2.19 	0
 3.29 	 3.50 	 2.17 	0
 3.29 	 3.50 	 2.15 	2
 3.29 	 3.51 	 2.12 	1
 3.29 	 3.52 	 2.21 	2
 3.29 	 3.53 	 2.23 	0
 3.29 	 3.57 	 2.15 	2
 3.29 	 3.58 	 2.15 	2
 3.29 	 3.58 	 2.02 	2
 3.29 	 3.59 	 2.17 	0
 3.29 	 3.60 	 2.19 	2
 3.29 	 3.62 	 2.16 	2
 3.29 	 3.67 	 1.98 	0
 3.29 	 3.71 	 2.10 	1
 3.29 	 3.72 	 2.08 	2
 3.29 	 3.78 	 2.05 	2
 3.29 	 3.81 	 2.07 	0
 3.29 	 3.81 	 2.06 	2
 3.29  	 3.50 	 2.21 	2
 3.29  	 3.53 	 2.23 	2
 3.29  	 3.57 	 2.16 	1
 3.30 	 2.93 	 2.44 	2
 3.30 	 3.03 	 2.48 	2
 3.30 	 3.04 	 2.35 	2
 3.30 	 3.10 	 2.34 	2
 3.30 	 3.12  	 2.38 	2
 3.30 	 3.19 	 2.33 	2
 3.30 	 3.20 	 2.28 	2
 3.30 	 3.23 	 2.32 	0
 3.30 	 3.23 	 2.31 	2
 3.30 	 3.25 	 2.29 	2
 3.30 	 3.25 	 2.22 	0
 3.30 	 3.25 	 2.31 	0
 3.30 	 3.27 	 2.24 	0
 3.30 	 3.32 	 2.22 	2
 3.30 	 3.33 	 2.13 	2
 3.30 	 3.34 	 2.26 	1
 3.30 	 3.35 	 2.25 	2
 3.30 	 3.35 	 2.24 	1
 3.30 	 3.36 	 2.22 	0
 3.30 	 3.37 	 2.24 	1
 3.30 	 3.38 	 2.20 	2
 3.30 	 3.40 	 2.27 	1
 3.30 	 3.45 	 2.22 	0
 3.30 	 3.50 	 2.04 	2
 3.30 	 3.50  	 2.14 	2
 3.30 	 3.53 	 2.21 	1
 3.30 	 3.57 	 2.12 	1
 3.30 	 3.62 	 2.13 	1
 3.30 	 3.63 	 2.14 	0
 3.30 	 3.65 	 2.11 	2
 3.30 	 3.65 	 2.10 	2
 3.30 	 3.66 	 2.06 	0
 3.30 	 3.66 	 2.10 	0
 3.30 	 3.67 	 2.17  	0
 3.30 	 3.79 	 2.09 	1
 3.30  	 3.37 	 2.27 	2
 3.30  	 3.50  	 2.17  	2
 3.30  	 3.61  	 2.15  	1
 3.31 	 2.63 	 2.66 	1
 3.31 	 2.91 	 2.46 	1
 3.31 	 2.95 	 2.43 	2
 3.31 	 2.95 	 2.48  	1
 3.31 	 2.99 	 2.34 	0
 3.31 	 3.01	 2.49 	0
 3.31 	 3.01 	 2.46 	1
 3.31 	 3.11 	 2.36 	1
 3.31 	 3.11 	 2.34 	0
 3.31 	 3.15 	 2.34 	2
 3.31 	 3.17 	 2.29 	0
 3.31 	 3.25 	 2.19 	2
 3.31 	 3.26 	 2.32 	2
 3.31 	 3.27  	 2.17 	0
 3.31 	 3.29 	 2.31 	2
 3.31 	 3.29 	 2.33 	2
 3.31 	 3.31 	 2.27 	2
 3.31 	 3.32 	 2.15 	2
 3.31 	 3.34 	 2.27 	0
 3.31 	 3.35 	 2.09 	0
 3.31 	 3.36 	 2.14 	2
 3.31 	 3.39 	 2.16 	0
 3.31 	 3.39 	 2.19 	2
 3.31 	 3.43 	 2.21 	2
 3.31 	 3.43 	 2.05  	2
 3.31 	 3.49 	 2.22 	1
 3.31 	 3.49 	 2.24 	1
 3.31 	 3.53 	 2.20 	2
 3.31 	 3.58 	 2.19 	2
 3.31 	 3.58 	 2.21 	1
 3.31 	 3.59  	 2.15 	1
 3.31 	 3.60 	 2.10 	1
 3.31 	 3.63 	 2.14  	0
 3.31 	 3.67 	 2.17  	1
 3.31 	 3.70 	 2.13 	2
 3.31 	 3.83 	 2.09 	0
 3.31 	 3.99 	 2.07  	2
 3.31 	 4.04 	 1.96 	2
 3.31     	 3.14 	 2.42 	0
 3.32 	 2.82 	 2.64 	1
 3.32 	 3.02 	 2.43 	1
 3.32 	 3.02 	 2.35 	2
 3.32 	 3.03 	 2.44 	1
 3.32 	 3.03 	 2.33 	0
 3.32 	 3.07 	 2.45 	0
 3.32 	 3.08 	 2.36 	1
 3.32 	 3.13 	 2.19 	2
 3.32 	 3.15 	 2.42 	2
 3.32 	 3.20 	 2.31 	0
 3.32 	 3.21 	 2.29 	1
 3.32 	 3.24 	 2.29 	1
 3.32 	 3.24 	 2.26 	0
 3.32 	 3.25 	 2.26  	1
 3.32 	 3.26 	 2.21 	2
 3.32 	 3.28 	 2.30 	1
 3.32 	 3.32 	 2.26 	1
 3.32 	 3.32 	 2.22 	0
 3.32 	 3.33 	 2.17 	0
 3.32 	 3.34 	 2.08 	0
 3.32 	 3.37 	 2.20 	2
 3.32 	 3.44 	 2.24 	1
 3.32 	 3.45 	 2.11 	2
 3.32 	 3.46 	 2.09 	1
 3.32 	 3.46 	 2.03 	2
 3.32 	 3.46 	 2.16 	2
 3.32 	 3.47  	 2.23  	2
 3.32 	 3.51 	 2.08 	2
 3.32 	 3.53 	 2.15 	1
 3.32 	 3.55 	 2.12 	1
 3.32 	 3.57 	 2.17 	2
 3.32 	 3.57 	 2.21 	2
 3.32 	 3.57 	 2.01 	0
 3.32 	 3.57 	 2.17 	1
 3.32 	 3.59 	 2.06 	2
 3.32 	 3.60 	 2.15 	1
 3.32 	 3.60 	 2.16 	1
 3.32 	 3.61 	 2.00 	1
 3.32 	 3.66 	 2.11 	0
 3.32 	 3.72 	 2.10	0
 3.32 	 3.72 	 2.14 	2
 3.32 	 3.81 	 1.97 	2
 3.32  	 3.28 	 2.36 	1
 3.32  	 3.47 	 2.24 	1
 3.32  	 3.48  	 2.20  	2
 3.32  	 3.59 	 2.19 	2
 3.32  	 3.77 	 2.11 	1
 3.32  	 3.88 	 2.09  	0
 3.32   	 3.45 	 2.22 	0
 3.33 	 2.87 	 2.46 	1
 3.33 	 2.97 	 2.38 	0
 3.33 	 3.06 	 2.35 	2
 3.33 	 3.07 	 2.32 	2
 3.33 	 3.11 	 2.42 	1
 3.33 	 3.17 	 2.32 	2
 3.33 	 3.24 	 2.32 	2
 3.33 	 3.31 	 2.29 	1
 3.33 	 3.31 	 2.09 	2
 3.33 	 3.34 	 2.27 	1
 3.33 	 3.34 	 2.17 	1
 3.33 	 3.35 	 2.24 	2
 3.33 	 3.41 	 2.12 	2
 3.33 	 3.42 	 2.13  	1
 3.33 	 3.43 	 2.20 	0
 3.33 	 3.43 	 2.19 	2
 3.33 	 3.44 	 2.19 	1
 3.33 	 3.49 	 2.19 	2
 3.33 	 3.54 	 2.13 	0
 3.33 	 3.54 	 2.02 	1
 3.33 	 3.54 	 2.13 	1
 3.33 	 3.55 	 2.06 	2
 3.33 	 3.66 	 2.18 	1
 3.33 	 3.67 	 2.07 	0
 3.33 	 3.69  	 2.07 	2
 3.33 	 3.77 	 2.04 	1
 3.33 	 3.85 	 2.04 	2
 3.33 	 3.87 	 1.93 	0
 3.33 	 3.90 	 2.10 	0
 3.33 	 3.98 	 1.99 	2
 3.33 	 3.99 	 2.09  	1
 3.33 	 4.22 	 1.97 	0
 3.33  	 3.07 	 2.32 	2
 3.33  	 3.46  	 2.24  	2
 3.33  	 3.48 	 2.18 	2
 3.33  	 3.61 	 2.11 	0
 3.34 	 3.07 	 2.33 	0
 3.34 	 3.08 	 2.43 	1
 3.34 	 3.18 	 2.32 	1
 3.34 	 3.19 	 2.32 	1
 3.34 	 3.21 	 2.24 	0
 3.34 	 3.22 	 2.35 	2
 3.34 	 3.22 	 2.31 	1
 3.34 	 3.24 	 2.29 	0
 3.34 	 3.25 	 2.22 	0
 3.34 	 3.31 	 2.25 	0
 3.34 	 3.31 	 2.10 	1
 3.34 	 3.32 	 2.10 	0
 3.34 	 3.36  	 2.25 	2
 3.34 	 3.38 	 2.07 	1
 3.34 	 3.39 	 2.20 	1
 3.34 	 3.41 	 2.22 	2
 3.34 	 3.44 	 2.04 	2
 3.34 	 3.44  	 2.23 	2
 3.34 	 3.46 	 2.14 	2
 3.34 	 3.50 	 2.04 	0
 3.34 	 3.54 	 2.19  	2
 3.34 	 3.60 	 2.09 	2
 3.34 	 3.72 	 1.99 	2
 3.34 	 3.75 	 2.14 	2
 3.34  	 3.53  	 2.19  	0
 3.35 	 2.90 	 2.41 	0
 3.35 	 2.96 	 2.40 	2
 3.35 	 2.98 	 2.39 	0
 3.35 	 3.08 	 2.27 	0
 3.35 	 3.13 	 2.28 	2
 3.35 	 3.14 	 2.33 	1
 3.35 	 3.15 	 2.26 	2
 3.35 	 3.19 	 2.25 	0
 3.35 	 3.20 	 2.19 	1
 3.35 	 3.21 	 2.24 	2
 3.35 	 3.23 	 2.24 	1
 3.35 	 3.23  	 2.28 	1
 3.35 	 3.24 	 2.33 	2
 3.35 	 3.26 	 2.28 	1
 3.35 	 3.27 	 2.33 	1
 3.35 	 3.28 	 2.27 	2
 3.35 	 3.29 	 2.25 	2
 3.35 	 3.29 	 2.24 	2
 3.35 	 3.29 	 2.27 	2
 3.35 	 3.30 	 2.30 	2
 3.35 	 3.37 	 2.17 	2
 3.35 	 3.37 	 2.24 	0
 3.35 	 3.38 	 2.24 	1
 3.35 	 3.38 	 2.26 	0
 3.35 	 3.38 	 2.23 	0
 3.35 	 3.39 	 2.23 	2
 3.35 	 3.41 	 2.16 	2
 3.35 	 3.41 	 2.22 	2
 3.35 	 3.44 	 2.13 	1
 3.35 	 3.46 	 2.13 	0
 3.35 	 3.47 	 2.15 	2
 3.35 	 3.48 	 2.21 	0
 3.35 	 3.48 	 2.12 	1
 3.35 	 3.51 	 2.14  	2
 3.35 	 3.51 	 2.17 	2
 3.35 	 3.51 	 2.12 	0
 3.35 	 3.54 	 2.06 	2
 3.35 	 3.57 	 2.19 	2
 3.35 	 3.57 	 2.18 	0
 3.35 	 3.59 	 2.19  	2
 3.35 	 3.60 	 2.12 	1
 3.35 	 3.64 	 2.10 	1
 3.35 	 3.66 	 2.14 	2
 3.35 	 3.66 	 2.12 	1
 3.35 	 3.71 	 2.10 	1
 3.35 	 3.71 	 2.06 	2
 3.35 	 4.08 	 1.99 	0
 3.35  	 3.45 	 2.07 	2
 3.35  	 3.46 	 2.12 	1
 3.35  	 3.47  	 3.04  	0
 3.35  	 3.55  	 2.14  	0
 3.36 	 2.91 	 2.48 	1
 3.36 	 2.92 	 2.54 	2
 3.36 	 2.98 	 2.34 	2
 3.36 	 3.04 	 2.41 	2
 3.36 	 3.06 	 2.44 	2
 3.36 	 3.08 	 2.38 	2
 3.36 	 3.08 	 2.38 	2
 3.36 	 3.15 	 2.25 	1
 3.36 	 3.20 	 2.34 	2
 3.36 	 3.20 	 2.29 	0
 3.36 	 3.22 	 2.35 	2
 3.36 	 3.24 	 2.25  	2
 3.36 	 3.24  	 2.33 	2
 3.36 	 3.28 	 2.27 	2
 3.36 	 3.33 	 2.14 	0
 3.36 	 3.34 	 2.27 	2
 3.36 	 3.35 	 2.20 	1
 3.36 	 3.37 	 2.25 	1
 3.36 	 3.40 	 2.15 	2
 3.36 	 3.40 	 2.16 	1
 3.36 	 3.41 	 2.22 	2
 3.36 	 3.42 	 2.05 	1
 3.36 	 3.44 	 2.18 	2
 3.36 	 3.44 	 2.19 	2
 3.36 	 3.45 	 2.05 	0
 3.36 	 3.47 	 2.20 	2
 3.36 	 3.48  	 2.05 	1
 3.36 	 3.49 	 2.18 	1
 3.36 	 3.49 	 2.05 	2
 3.36 	 3.50 	 2.03 	2
 3.36 	 3.54 	 3.15 	0
 3.36 	 3.56 	 2.15 	0
 3.36 	 3.61 	 2.07 	1
 3.36 	 3.62  	 2.16  	2
 3.36 	 3.67 	 2.09 	1
 3.36 	 3.67 	 2.06 	2
 3.36 	 3.71 	 2.12 	2
 3.36 	 3.74 	 2.03 	0
 3.36 	 3.84 	 2.06 	0
 3.36 	 3.87 	 1.95 	1
 3.36 	 3.89  	 2.00 	0
 3.36 	 3.90 	 2.03 	2
 3.36 	 3.99 	 2.04 	0
 3.36  	 3.19 	 2.35  	2
 3.36  	 3.26 	 2.36 	1
 3.36  	 3.50 	 2.17 	2
 3.37 	 2.99 	 2.48 	2
 3.37 	 3.11 	 2.33 	2
 3.37 	 3.18 	 2.34 	0
 3.37 	 3.21 	 2.30 	2
 3.37 	 3.21 	 2.35 	2
 3.37 	 3.21 	 2.25 	2
 3.37 	 3.21 	 2.21 	1
 3.37 	 3.23 	 2.16 	2
 3.37 	 3.29 	 2.25 	0
 3.37 	 3.29  	 2.29 	2
 3.37 	 3.33 	 2.27 	1
 3.37 	 3.33 	 2.25 	1
 3.37 	 3.35 	 2.23 	0
 3.37 	 3.36 	 2.23  	1
 3.37 	 3.37 	 2.13 	2
 3.37 	 3.38 	 2.21  	2
 3.37 	 3.38 	 2.17 	2
 3.37 	 3.39 	 2.22 	0
 3.37 	 3.42 	 2.25 	2
 3.37 	 3.45 	 2.17 	2
 3.37 	 3.45 	 2.09 	1
 3.37 	 3.46 	 2.16 	1
 3.37 	 3.49 	 2.22 	2
 3.37 	 3.51 	 2.11 	2
 3.37 	 3.51 	 2.17 	2
 3.37 	 3.53 	 2.12 	2
 3.37 	 3.54 	 2.07 	0
 3.37 	 3.57 	 2.04 	0
 3.37 	 3.58 	 2.11 	0
 3.37 	 3.61 	 2.07 	1
 3.37 	 3.68 	 2.07 	2
 3.37 	 3.79 	 2.03 	2
 3.37 	 3.85 	 1.99 	1
 3.37 	 3.87 	 1.97 	2
 3.37 	 3.87 	 2.02 	0
 3.37 	 3.88 	 2.01 	2
 3.37 	 3.97 	 1.97 	2
 3.37 	 4.25 	 1.98 	0
 3.37  	 3.46  	 2.23 	2
 3.38 	 2.89 	 2.40  	2
 3.38 	 3.03 	 2.26 	2
 3.38 	 3.03 	 2.33 	0
 3.38 	 3.10 	 2.27 	0
 3.38 	 3.14 	 2.38 	2
 3.38 	 3.14 	 2.33 	0
 3.38 	 3.17 	 2.34 	0
 3.38 	 3.17 	 2.20 	0
 3.38 	 3.19 	 2.36 	2
 3.38 	 3.19 	 2.20 	1
 3.38 	 3.22 	 2.30 	2
 3.38 	 3.23 	 2.32 	1
 3.38 	 3.27 	 2.20 	0
 3.38 	 3.27 	 2.16 	0
 3.38 	 3.29 	 2.18 	2
 3.38 	 3.31 	 2.22 	2
 3.38 	 3.34 	 2.22 	1
 3.38 	 3.37 	 2.19 	0
 3.38 	 3.39 	 2.13 	2
 3.38 	 3.40 	 2.26 	2
 3.38 	 3.40 	 2.02 	0
 3.38 	 3.42 	 2.16 	2
 3.38 	 3.42 	 2.09 	1
 3.38 	 3.43 	 2.23 	2
 3.38 	 3.44 	 2.15 	1
 3.38 	 3.45 	 2.13 	1
 3.38 	 3.49 	 2.12 	0
 3.38 	 3.50 	 2.16 	2
 3.38 	 3.50 	 2.17 	0
 3.38 	 3.52 	 2.12 	2
 3.38 	 3.53 	 2.15 	1
 3.38 	 3.59 	 2.07 	0
 3.38 	 3.65 	 2.06 	2
 3.38 	 3.65 	 1.93 	2
 3.38 	 3.76 	 2.10  	0
 3.38 	 3.76 	 2.07 	2
 3.38 	 3.84 	 2.01 	1
 3.38 	 3.87 	 2.03 	2
 3.38 	 4.01 	 2.03  	1
 3.38 	 4.41 	 1.79  	2
 3.38  	 2.91 	 2.49 	0
 3.38  	 3.17 	 2.37  	0
 3.38  	 3.24 	 2.33 	2
 3.38  	 3.57 	 1.99 	2
 3.38  	 3.66 	 2.13 	1
 3.38   	 3.49  	 2.20   	1
 3.39 	  2.99 	 2.46  	2
 3.39 	 2.92 	 2.37 	2
 3.39 	 3.04  	 2.41 	2
 3.39 	 3.12 	 2.35 	2
 3.39 	 3.17 	 2.24 	0
 3.39 	 3.20 	 2.29 	2
 3.39 	 3.24 	 2.16 	1
 3.39 	 3.29 	 2.20 	2
 3.39 	 3.30 	 2.28 	2
 3.39 	 3.30 	 2.23 	1
 3.39 	 3.30 	 2.26 	1
 3.39 	 3.32 	 2.13 	2
 3.39 	 3.33 	 2.26 	2
 3.39 	 3.33 	 2.06 	2
 3.39 	 3.39 	 2.23 	2
 3.39 	 3.41 	 2.18 	0
 3.39 	 3.41 	 2.10 	0
 3.39 	 3.43 	 2.22 	2
 3.39 	 3.44 	 2.13 	2
 3.39 	 3.47 	 2.17 	0
 3.39 	 3.47 	 2.06 	0
 3.39 	 3.49 	 2.12 	2
 3.39 	 3.52 	 2.18 	1
 3.39 	 3.60 	 2.15 	1
 3.39 	 3.61 	 2.07  	1
 3.39 	 3.66 	 2.09 	2
 3.39 	 3.77 	 2.07 	2
 3.39 	 3.78 	 1.93 	0
 3.39 	 3.83 	 2.04 	2
 3.39  	 3.33 	 2.18 	2
 3.39  	 3.46 	 2.15 	1
 3.40 	 2.84 	 2.57  	0
 3.40 	 2.93 	 2.50 	2
 3.40 	 2.94 	 2.48 	0
 3.40 	 3.01 	 2.32 	0
 3.40 	 3.09 	 2.30 	2
 3.40 	 3.12 	 2.20 	2
 3.40 	 3.16 	 2.36 	1
 3.40 	 3.16 	 2.24 	2
 3.40 	 3.17 	 2.19 	0
 3.40 	 3.19 	 2.27 	0
 3.40 	 3.22 	 2.28 	2
 3.40 	 3.23 	 2.26 	2
 3.40 	 3.24 	 2.16 	2
 3.40 	 3.24 	 2.27 	1
 3.40 	 3.30 	 2.19 	0
 3.40 	 3.34 	 2.13 	2
 3.40 	 3.36 	 2.11 	0
 3.40 	 3.37 	 2.18 	0
 3.40 	 3.38 	 2.18 	0
 3.40 	 3.38 	 2.18 	1
 3.40 	 3.38  	 2.18 	2
 3.40 	 3.39 	 2.20 	0
 3.40 	 3.43 	 2.20 	2
 3.40 	 3.44 	 2.14 	2
 3.40 	 3.44 	 2.12 	2
 3.40 	 3.45 	 2.19 	2
 3.40 	 3.46 	 2.21 	1
 3.40 	 3.48 	 2.14 	2
 3.40 	 3.51 	 2.17 	2
 3.40 	 3.51 	 2.00 	2
 3.40 	 3.51 	 2.00 	2
 3.40 	 3.53 	 2.15 	0
 3.40 	 3.60  	 2.15 	1
 3.40 	 3.66 	 2.08 	2
 3.40 	 3.74 	 1.94 	0
 3.40 	 3.93 	 2.00 	0
 3.40  	 3.38  	 2.25 	2
 3.40  	 3.40  	 2.22 	1
 3.40  	 3.49  	 2.19  	1
 3.41 	 2.95 	 2.35 	0
 3.41 	 2.98 	 2.33 	2
 3.41 	 3.05 	 2.40 	2
 3.41 	 3.09 	 2.31 	2
 3.41 	 3.21 	 2.23 	2
 3.41 	 3.22 	 2.22 	0
 3.41 	 3.24 	 2.29  	1
 3.41 	 3.28 	 2.23 	1
 3.41 	 3.31 	 2.22 	2
 3.41 	 3.32 	 2.18 	0
 3.41 	 3.33 	 2.21 	2
 3.41 	 3.33 	 2.20 	2
 3.41 	 3.33 	 2.15 	0
 3.41 	 3.34 	 2.23  	0
 3.41 	 3.35 	 2.17 	2
 3.41 	 3.39 	 2.18 	0
 3.41 	 3.39 	 2.15 	0
 3.41 	 3.39 	 2.15 	0
 3.41 	 3.40 	 2.13 	0
 3.41 	 3.40 	 2.19 	2
 3.41 	 3.42 	 2.08 	1
 3.41 	 3.43 	 2.15 	0
 3.41 	 3.45 	 2.17 	1
 3.41 	 3.48 	 2.13 	1
 3.41 	 3.52 	 2.07 	2
 3.41 	 3.53 	 2.10 	2
 3.41 	 3.56 	 2.06 	2
 3.41 	 3.57 	 2.12 	0
 3.41 	 3.63  	 2.02 	2
 3.41 	 3.67 	 2.05 	1
 3.41 	 3.68 	 2.05 	0
 3.41 	 3.79 	 2.10 	2
 3.41 	 3.81 	 2.05 	1
 3.41 	 3.82 	 1.97 	1
 3.41  	 3.31 	 2.18 	2
 3.41  	 3.41  	 2.21 	2
 3.41  	 3.59 	 2.08 	2
 3.41  	 3.84  	 2.00 	0
 3.41  	 3.90  	 2.04  	1
 3.41  	 4.28 	 1.90 	2
 3.42 	 2.99 	 2.44 	2
 3.42 	 3.02 	 2.29 	1
 3.42 	 3.06  	 2.32 	1
 3.42 	 3.13 	 2.25 	1
 3.42 	 3.15 	 2.25 	0
 3.42 	 3.16 	 2.22 	2
 3.42 	 3.20  	 2.28 	1
 3.42 	 3.24 	 2.27 	1
 3.42 	 3.24 	 2.23 	1
 3.42 	 3.24 	 2.21 	1
 3.42 	 3.25 	 2.25 	2
 3.42 	 3.28 	 2.28 	0
 3.42 	 3.29 	 2.19 	0
 3.42 	 3.30 	 2.28 	2
 3.42 	 3.30 	 2.17 	2
 3.42 	 3.32 	 2.08 	0
 3.42 	 3.35 	 2.19 	1
 3.42 	 3.36 	 2.17 	0
 3.42 	 3.36 	 2.18 	0
 3.42 	 3.38 	 2.21 	0
 3.42 	 3.38 	 2.12 	2
 3.42 	 3.40 	 2.19 	2
 3.42 	 3.41 	 2.16 	2
 3.42 	 3.52 	 2.09 	2
 3.42 	 3.52  	 2.14 	0
 3.42 	 3.55 	 2.14 	2
 3.42 	 3.56 	 2.13 	2
 3.42 	 3.57 	 2.10 	0
 3.42 	 3.60 	 2.09 	1
 3.42 	 3.71 	 1.97 	0
 3.42 	 3.84 	 2.07 	2
 3.42 	 3.87 	 2.04 	0
 3.42  	 3.08 	 2.39  	1
 3.42  	 3.57 	 2.15  	2
 3.42  	 3.90  	 2.03  	1
 3.43 	 2.97 	 2.35 	2
 3.43 	 2.99 	 2.25 	2
 3.43 	 3.19 	 2.27 	0
 3.43 	 3.20 	 2.14 	2
 3.43 	 3.24 	 2.19 	0
 3.43 	 3.25 	 2.15 	1
 3.43 	 3.28 	 2.24 	2
 3.43 	 3.28 	 2.20 	0
 3.43 	 3.29 	 2.19 	0
 3.43 	 3.29 	 2.22 	0
 3.43 	 3.30 	 2.18 	2
 3.43 	 3.32 	 2.18 	2
 3.43 	 3.32 	 2.11 	0
 3.43 	 3.36 	 2.17 	1
 3.43 	 3.40 	 2.20 	2
 3.43 	 3.41 	 2.12 	0
 3.43 	 3.42 	 2.15 	0
 3.43 	 3.45 	 2.15 	0
 3.43 	 3.45 	 2.17 	2
 3.43 	 3.45 	 2.01 	0
 3.43 	 3.46 	 2.13 	1
 3.43 	 3.47 	 2.03 	0
 3.43 	 3.52 	 2.12 	2
 3.43 	 3.57 	 2.05 	1
 3.43 	 3.74 	 2.10 	0
 3.43 	 3.78 	 2.07 	1
 3.43  	 3.29  	 2.27  	0
 3.43  	 3.40 	 2.20 	1
 3.43  	 3.97 	 1.99 	0
 3.44 	 2.98 	 2.39  	2
 3.44 	 3.00  	 2.42 	0
 3.44 	 3.01 	 2.43 	2
 3.44 	 3.08 	 2.28 	2
 3.44 	 3.16 	 2.32 	1
 3.44 	 3.19 	 2.28 	2
 3.44 	 3.19 	 2.27 	1
 3.44 	 3.23 	 2.21 	1
 3.44 	 3.24 	 2.30 	1
 3.44 	 3.27 	 2.22 	2
 3.44 	 3.28 	 2.23 	0
 3.44 	 3.30 	 2.26 	2
 3.44 	 3.30 	 2.17 	1
 3.44 	 3.37 	 2.19 	1
 3.44 	 3.37 	 2.11 	2
 3.44 	 3.39 	 2.16 	2
 3.44 	 3.42 	 2.15 	1
 3.44 	 3.44 	 2.21 	1
 3.44 	 3.51 	 2.04 	0
 3.44 	 3.54 	 2.10 	1
 3.44 	 3.55 	 2.06 	2
 3.44 	 3.59 	 2.10 	1
 3.44 	 3.66 	 2.09 	2
 3.44 	 3.73 	 2.04 	2
 3.44 	 3.73 	 1.94 	0
 3.44 	 3.74 	 2.04 	2
 3.44 	 3.92 	 2.00 	2
 3.44 	 4.24 	 1.90 	0
 3.44  	 3.24  	 2.22  	2
 3.44  	 3.49  	 2.19 	1
 3.44  	 3.73  	 2.03  	2
 3.45 	 2.99 	 2.31 	1
 3.45 	 3.00 	 2.42 	1
 3.45 	 3.11 	 2.28 	1
 3.45 	 3.12 	 2.24 	2
 3.45 	 3.13 	 2.25 	2
 3.45 	 3.13 	 2.22 	2
 3.45 	 3.33 	 2.20 	1
 3.45 	 3.34 	 2.19 	1
 3.45 	 3.44 	 2.16 	0
 3.45 	 3.50 	 2.10 	0
 3.45 	 3.50   	 2.16 	2
 3.45 	 3.51 	 2.00 	1
 3.45 	 3.51 	 1.98 	0
 3.45 	 3.54 	 2.08 	2
 3.45 	 3.55 	 2.05 	2
 3.45 	 3.57 	 1.97 	0
 3.45 	 3.57 	 2.08	0
 3.45 	 3.61 	 2.12 	0
 3.45 	 3.62 	 2.06 	2
 3.45 	 3.63 	 2.04 	0
 3.45 	 3.64 	 2.03 	1
 3.45 	 3.69 	 2.05 	1
 3.45 	 3.73 	 2.06 	2
 3.45 	 3.78  	 1.99 	1
 3.45 	 3.80 	 2.05 	2
 3.45 	 3.82 	 2.01 	1
 3.45 	 3.86 	 1.89 	2
 3.45  	 2.88 	 2.52 	2
 3.45  	 3.73  	 2.04  	0
 3.45   	 3.56  	 2.12  	2
 3.46 	 2.97  	 2.35 	1
 3.46 	 3.07 	 2.27 	2
 3.46 	 3.13 	 2.24 	0
 3.46 	 3.16 	 2.25 	0
 3.46 	 3.16 	 2.26  	0
 3.46 	 3.16 	 2.24 	0
 3.46 	 3.17 	 2.32 	2
 3.46 	 3.17 	 2.25 	2
 3.46 	 3.18 	 2.23 	2
 3.46 	 3.21 	 2.26 	0
 3.46 	 3.22 	 2.21 	2
 3.46 	 3.25 	 2.07 	1
 3.46 	 3.26 	 2.22 	1
 3.46 	 3.27 	 2.22 	0
 3.46 	 3.28 	 2.16 	2
 3.46 	 3.33 	 2.15 	2
 3.46 	 3.35 	 2.13 	2
 3.46 	 3.37 	 2.21  	2
 3.46 	 3.38 	 2.14 	2
 3.46 	 3.43 	 2.15 	0
 3.46 	 3.44 	 2.20 	1
 3.46 	 3.45 	 2.11 	0
 3.46 	 3.45 	 2.13 	0
 3.46 	 3.46 	 2.10 	2
 3.46 	 3.49 	 2.02 	2
 3.46 	 3.51 	 2.16 	2
 3.46 	 3.52 	 2.16 	2
 3.46 	 3.55 	 2.08 	1
 3.46 	 3.57 	 2.11 	0
 3.46 	 3.61 	 2.07 	1
 3.46 	 3.62 	 2.12 	1
 3.46 	 3.62 	 2.04 	2
 3.46 	 3.65 	 2.04 	2
 3.46 	 3.66 	 2.11	2
 3.46 	 3.66 	 2.00 	1
 3.46 	 3.67 	 2.11 	2
 3.46 	 3.73 	 2.06 	0
 3.46 	 3.75 	 2.07 	2
 3.46 	 3.76 	 2.00 	0
 3.46 	 3.83 	 2.00 	2
 3.46 	 3.85 	 2.01 	0
 3.46 	 3.85 	 1.97 	1
 3.46 	 3.85 	 1.98 	2
 3.46 	 4.45 	 1.92 	1
 3.46  	 3.32 	 2.23 	0
 3.46  	 3.76  	 2.07  	2
 3.46  	 4.01  	 1.98  	0
 3.47 	 2.86 	 2.42 	1
 3.47 	 3.01 	 2.30 	0
 3.47 	 3.10 	 2.30 	2
 3.47 	 3.17 	 2.32 	2
 3.47 	 3.29 	 2.26 	1
 3.47 	 3.30 	 2.17 	2
 3.47 	 3.36 	 2.12 	2
 3.47 	 3.38 	 2.20 	0
 3.47 	 3.38 	 2.12 	2
 3.47 	 3.39 	 2.01 	2
 3.47 	 3.39 	 2.09 	1
 3.47 	 3.40 	 2.07 	2
 3.47 	 3.42 	 2.07 	2
 3.47 	 3.45 	 2.19 	0
 3.47 	 3.47 	 2.10 	1
 3.47 	 3.51 	 2.08 	2
 3.47 	 3.52 	 1.99 	0
 3.47 	 3.54 	 2.08 	2
 3.47 	 3.57 	 2.04 	2
 3.47 	 3.58 	 2.11	2
 3.47 	 3.63 	 2.09 	2
 3.47 	 3.69 	 2.05 	0
 3.47 	 3.70 	 1.99 	1
 3.47 	 3.73  	 2.07 	1
 3.47 	 4.25 	 1.89 	2
 3.47  	 3.38 	 2.23  	2
 3.48 	 3.06 	 2.23 	0
 3.48 	 3.06 	 2.28 	1
 3.48 	 3.08 	 2.28 	0
 3.48 	 3.08 	 2.22 	2
 3.48 	 3.09 	 2.24 	2
 3.48 	 3.10 	 2.33 	2
 3.48 	 3.14  	 2.33  	2
 3.48 	 3.17 	 2.31 	2
 3.48 	 3.17 	 2.32 	2
 3.48 	 3.19 	 2.19 	2
 3.48 	 3.25 	 2.24 	1
 3.48 	 3.27 	 2.15 	0
 3.48 	 3.29 	 2.17 	2
 3.48 	 3.30 	 2.23 	2
 3.48 	 3.32 	 2.25 	1
 3.48 	 3.32 	 2.14 	2
 3.48 	 3.32 	 2.22 	2
 3.48 	 3.38 	 2.12	1
 3.48 	 3.40 	 2.09 	2
 3.48 	 3.41 	 2.03 	2
 3.48 	 3.44 	 2.11 	0
 3.48 	 3.47 	 2.09 	0
 3.48 	 3.49 	 2.16 	1
 3.48 	 3.50 	 2.08 	2
 3.48 	 3.53 	 2.12 	1
 3.48 	 3.54 	 2.07 	0
 3.48 	 3.55 	 2.04 	1
 3.48 	 3.56 	 1.93 	2
 3.48 	 3.56 	 2.05 	2
 3.48 	 3.60 	 1.92 	1
 3.48 	 3.64 	 2.04 	0
 3.48 	 3.67 	 2.05 	2
 3.48 	 3.67 	 1.92 	2
 3.48 	 3.74 	 1.94 	2
 3.48 	 3.77 	 2.02 	2
 3.48 	 3.80 	 2.02 	2
 3.48 	 3.81 	 2.00 	2
 3.48 	 3.84 	 2.00 	1
 3.48 	 3.98 	 1.93 	2
 3.48 	 3.98 	 1.93 	2
 3.48  	 3.37  	  2.16   	0
 3.48  	 3.62  	 2.06  	1
 3.48  	 3.62  	 2.10  	0
 3.48  	 3.64  	 2.05 	0
 3.49 	 3.18 	 2.24 	1
 3.49 	 3.19 	 2.19 	1
 3.49 	 3.24 	 2.16 	0
 3.49 	 3.33 	 2.14 	0
 3.49 	 3.34 	 2.19 	2
 3.49 	 3.37 	 2.15 	0
 3.49 	 3.38 	 2.08 	2
 3.49 	 3.40 	 2.18  	0
 3.49 	 3.43 	 2.13 	0
 3.49 	 3.44 	 2.16 	1
 3.49 	 3.44 	 2.05 	2
 3.49 	 3.46 	 2.14 	2
 3.49 	 3.47 	 2.13 	1
 3.49 	 3.48  	 2.16 	2
 3.49 	 3.49 	 2.02 	2
 3.49 	 3.52 	 2.09 	0
 3.49 	 3.54  	 2.06 	2
 3.49 	 3.55 	 1.95 	2
 3.49 	 3.64 	 2.03  	2
 3.49 	 3.67 	 2.05 	0
 3.49 	 3.68 	 1.97 	0
 3.49 	 3.71 	 1.91 	2
 3.49 	 3.72 	 2.04 	2
 3.49 	 3.88 	 1.98 	2
 3.49 	 3.93 	 1.88 	1
 3.49  	 3.32 	 2.15 	2
 3.49  	 3.44 	 2.17  	0
 3.49  	 3.53  	 2.14  	0
 3.49  	 3.57  	 2.14  	2
 3.49  	 3.61   	 2.07  	0
 3.49  	 4.19  	 1.95  	2
 3.50 	 2.91 	 2.41 	0
 3.50 	 2.97 	 2.41 	2
 3.50 	 3.01 	 2.27 	2
 3.50 	 3.10 	 2.22 	1
 3.50 	 3.13 	 2.23  	0
 3.50 	 3.14 	 2.23 	2
 3.50 	 3.17 	 2.25 	1
 3.50 	 3.18 	 2.22 	1
 3.50 	 3.18 	 2.19 	2
 3.50 	 3.21 	 2.28 	2
 3.50 	 3.22 	 2.18 	2
 3.50 	 3.23 	 2.18 	2
 3.50 	 3.26 	 2.15 	1
 3.50 	 3.37 	 2.14 	2
 3.50 	 3.37 	 2.15 	2
 3.50 	 3.38 	 2.07 	1
 3.50 	 3.40 	 2.08 	2
 3.50 	 3.42 	 2.14 	2
 3.50 	 3.44 	 2.14 	1
 3.50 	 3.46 	 2.18 	1
 3.50 	 3.53 	 2.15 	2
 3.50 	 3.53 	 2.09  	1
 3.50 	 3.54 	 2.02 	2
 3.50 	 3.54 	 2.07 	2
 3.50 	 3.55 	 1.97 	1
 3.50 	 3.55 	 1.95 	0
 3.50 	 3.57 	 1.93  	2
 3.50 	 3.59 	 2.08 	1
 3.50 	 3.61 	 2.03 	2
 3.50 	 3.63 	 2.04 	0
 3.50 	 3.66 	 2.08 	2
 3.50 	 3.69  	 2.10 	1
 3.50 	 3.71 	 1.99 	2
 3.50 	 3.72 	 1.90 	1
 3.50 	 3.72 	 1.90 	0
 3.50 	 3.73 	 2.01 	2
 3.50 	 3.99 	 1.95 	2
 3.50 	 4.04 	 1.99 	2
 3.50  	 3.55  	 2.08  	2
 3.51 	 2.98 	 2.30 	0
 3.51 	 3.10 	 2.34 	0
 3.51 	 3.12 	 2.20 	2
 3.51 	 3.14 	 2.27 	0
 3.51 	 3.14 	 2.27 	0
 3.51 	 3.17 	 2.29 	0
 3.51 	 3.18 	 2.29 	2
 3.51 	 3.24 	 2.20 	0
 3.51 	 3.25 	 2.26 	1
 3.51 	 3.29 	 2.08 	1
 3.51 	 3.33 	 2.18 	1
 3.51 	 3.37 	 2.07 	1
 3.51 	 3.41 	 2.14 	2
 3.51 	 3.42 	 2.18 	2
 3.51 	 3.43 	 2.14 	0
 3.51 	 3.47 	 2.11 	1
 3.51 	 3.47 	 1.97 	1
 3.51 	 3.48 	 2.08 	0
 3.51 	 3.48 	 2.12 	2
 3.51 	 3.54 	 2.00 	2
 3.51 	 3.57 	 2.03 	0
 3.51 	 3.57 	 2.03 	2
 3.51 	 3.62 	 2.08 	2
 3.51 	 3.72 	 2.01 	0
 3.51 	 3.78 	 2.06 	1
 3.51 	 3.93 	 1.93 	1
 3.51 	 3.96 	 1.96 	0
 3.51  	 3.42  	 2.15  	2
 3.51  	 3.56  	 2.08  	2
 3.51  	 3.60 	 2.13 	0
 3.51  	 3.69  	 2.09  	1
 3.51  	 3.99  	 1.96  	2
 3.52 	 3.06 	 2.33 	1
 3.52 	 3.15 	 2.27  	2
 3.52 	 3.23 	 2.19 	0
 3.52 	 3.28 	 2.22 	2
 3.52 	 3.28 	 2.19 	0
 3.52 	 3.33 	 2.16 	1
 3.52 	 3.35 	 2.20 	2
 3.52 	 3.37 	 2.10 	2
 3.52 	 3.38  	 2.17  	1
 3.52 	 3.40 	 2.05 	0
 3.52 	 3.42 	 2.13 	1
 3.52 	 3.43 	 2.18 	1
 3.52 	 3.43 	 2.14 	0
 3.52 	 3.49 	 2.14 	2
 3.52 	 3.49 	 1.99 	2
 3.52 	 3.54 	 2.09  	1
 3.52 	 3.56 	 1.98 	1
 3.52 	 3.60 	 2.00 	2
 3.52 	 3.62 	 2.06 	1
 3.52 	 3.95 	 1.91 	2
 3.52  	 3.55 	 2.10  	0
 3.52  	 3.60  	 2.06  	2
 3.53 	 2.89 	 2.43 	0
 3.53 	 2.98 	 2.40 	2
 3.53 	 3.15 	 2.22 	0
 3.53 	 3.17 	 2.18 	1
 3.53 	 3.23 	 2.25  	0
 3.53 	 3.28 	 2.23 	0
 3.53 	 3.28 	 2.11 	2
 3.53 	 3.29 	 2.20 	0
 3.53 	 3.30 	 2.14 	2
 3.53 	 3.31 	 2.21 	2
 3.53 	 3.39 	 2.13 	0
 3.53 	 3.42 	 2.11 	0
 3.53 	 3.43 	 2.18 	2
 3.53 	 3.47 	 2.00 	2
 3.53 	 3.49 	 2.14 	1
 3.53 	 3.51 	 2.13 	0
 3.53 	 3.51 	 2.08 	2
 3.53 	 3.53 	 2.08 	0
 3.53 	 3.55 	 2.05 	0
 3.53 	 3.61 	 2.10 	0
 3.53 	 3.61 	 2.01 	2
 3.53 	 3.61 	 2.01 	0
 3.53 	 3.63 	 2.07 	2
 3.53 	 3.66 	 2.05 	2
 3.53 	 3.68  	 2.07 	1
 3.53 	 3.69 	 1.89 	1
 3.53 	 3.76 	 2.05 	2
 3.53 	 3.80 	 2.00 	2
 3.53 	 3.83 	 2.05 	2
 3.53 	 3.84 	 2.00 	2
 3.53  	 3.46  	 2.16 	2
 3.53  	 3.56  	 2.13  	0
 3.53  	 3.82  	 2.01  	0
 3.53   	 2.89 	 2.43 	0
 3.54 	 2.91 	 2.39 	2
 3.54 	 3.12 	 2.23 	2
 3.54 	 3.15 	 2.21  	0
 3.54 	 3.19 	 2.18 	1
 3.54 	 3.27 	 2.25 	2
 3.54 	 3.40 	 2.19 	2
 3.54 	 3.42 	 2.01 	0
 3.54 	 3.42 	 2.01 	2
 3.54 	 3.45 	 2.15 	0
 3.54 	 3.45 	 2.14 	2
 3.54 	 3.46 	 2.02 	0
 3.54 	 3.47 	 2.13 	2
 3.54 	 3.56 	 1.98 	1
 3.54 	 3.61 	 2.09	2
 3.54 	 3.61 	 2.02 	2
 3.54 	 3.62 	 2.09 	1
 3.54 	 3.62 	 1.97 	2
 3.54 	 3.63 	 2.07 	1
 3.54 	 3.63 	 2.06 	0
 3.54 	 3.72 	 2.02 	2
 3.54 	 3.77 	 2.01 	1
 3.54 	 3.80 	 2.05 	0
 3.54 	 3.81 	 1.99 	1
 3.54 	 3.93 	 1.91 	2
 3.54  	 3.23 	 2.22  	1
 3.54  	 3.94  	 1.96  	2
 3.54  	 4.20  	 1.92  	2
 3.55 	 3.02 	 2.33 	2
 3.55 	 3.21 	 2.09 	2
 3.55 	 3.25 	 2.22 	2
 3.55 	 3.26 	 3.23 	1
 3.55 	 3.27 	 2.22 	0
 3.55 	 3.29 	 2.14 	2
 3.55 	 3.30 	 2.22 	1
 3.55 	 3.30 	 2.12 	2
 3.55 	 3.34 	 2.15 	1
 3.55 	 3.36 	 2.12 	0
 3.55 	 3.37 	 2.08 	2
 3.55 	 3.39 	 2.08 	2
 3.55 	 3.40 	 2.18 	2
 3.55 	 3.41 	 2.03 	2
 3.55 	 3.45 	 2.04 	0
 3.55 	 3.46 	 2.10 	0
 3.55 	 3.49 	 2.12 	1
 3.55 	 3.52 	 2.12 	0
 3.55 	 3.52 	 2.08 	0
 3.55 	 3.52 	 1.99 	0
 3.55 	 3.53 	 2.04 	0
 3.55 	 3.54 	 2.09 	0
 3.55 	 3.54 	 2.13 	2
 3.55 	 3.55 	 1.91 	1
 3.55 	 3.55 	 2.08 	2
 3.55 	 3.58 	 2.03 	2
 3.55 	 3.58 	 2.06  	2
 3.55 	 3.59 	 2.12 	2
 3.55 	 3.61 	 2.05 	1
 3.55 	 3.64  	 2.07   	1
 3.55 	 3.65 	 1.91 	2
 3.55 	 3.72 	 2.00 	1
 3.55 	 3.76  	 2.04  	2
 3.55 	 3.77 	 1.98 	2
 3.55 	 3.87 	 1.95 	2
 3.55 	 3.88 	 1.94 	2
 3.55 	 4.14 	 1.92 	2
 3.55 	 4.25 	 1.89 	1
 3.55  	 3.06  	 2.31 	0
 3.56 	 2.86 	 2.37 	2
 3.56 	 2.94 	 2.41 	0
 3.56 	 3.12 	 2.27 	2
 3.56 	 3.17 	 2.22 	0
 3.56 	 3.20 	 2.19 	2
 3.56 	 3.21 	 3.27 	2
 3.56 	 3.26 	 2.13 	2
 3.56 	 3.26 	 2.20 	2
 3.56 	 3.28 	 2.19 	2
 3.56 	 3.34 	 2.15 	0
 3.56 	 3.37 	 2.11 	1
 3.56 	 3.39 	 2.00 	2
 3.56 	 3.39 	 2.03 	2
 3.56 	 3.40 	 2.15 	2
 3.56 	 3.41 	 2.09 	2
 3.56 	 3.43 	 2.08 	1
 3.56 	 3.44 	 2.06 	2
 3.56 	 3.55 	 2.11 	2
 3.56 	 3.56 	 2.08 	2
 3.56 	 3.65 	 2.07  	2
 3.56 	 3.65 	 2.00 	2
 3.56 	 3.72 	 2.03 	2
 3.56 	 3.74  	 2.01  	1
 3.56 	 3.75 	 1.98 	2
 3.56 	 3.78 	 1.97 	0
 3.56 	 3.81 	 2.00 	1
 3.56 	 3.86 	 1.99 	2
 3.56 	 4.12 	 1.90 	2
 3.56  	 3.55 	 2.11 	1
 3.56  	 3.83  	 2.03  	1
 3.57 	 2.98 	 2.26 	2
 3.57 	 3.03 	 2.20 	2
 3.57 	 3.03  	 2.35 	0
 3.57 	 3.15 	 2.21 	2
 3.57 	 3.20 	 2.20 	2
 3.57 	 3.21 	 2.23 	1
 3.57 	 3.24 	 2.25 	2
 3.57 	 3.27  	 2.14 	0
 3.57 	 3.28 	 2.18 	0
 3.57 	 3.32 	 2.19  	2
 3.57 	 3.32 	 2.20 	2
 3.57 	 3.39 	 2.09 	0
 3.57 	 3.39 	 2.10 	0
 3.57 	 3.42 	 2.08 	0
 3.57 	 3.45 	 2.06 	2
 3.57 	 3.47 	 2.08 	1
 3.57 	 3.47 	 2.09 	0
 3.57 	 3.47 	 2.04 	0
 3.57 	 3.53 	 2.03 	0
 3.57 	 3.55 	 2.01 	2
 3.57 	 3.57 	 1.90 	2
 3.57 	 3.58 	 2.04 	0
 3.57 	 3.77 	 2.04 	0
 3.57 	 3.77 	 1.99 	2
 3.57 	 3.78 	 1.91 	0
 3.57 	 4.02 	 1.94 	1
 3.57  	 3.22 	 2.19 	1
 3.57  	 3.38 	 2.16 	0
 3.57  	 3.73 	 2.01 	2
 3.57  	 4.09 	 1.89  	2
 3.58 	 3.01 	 2.23 	0
 3.58 	 3.03 	 2.20 	2
 3.58 	 3.09 	 2.43 	1
 3.58 	 3.09 	 2.22 	2
 3.58 	 3.15 	 2.18 	0
 3.58 	 3.21 	 2.19 	0
 3.58 	 3.22 	 2.16 	2
 3.58 	 3.24 	 2.23 	0
 3.58 	 3.35 	 2.12 	0
 3.58 	 3.36 	 2.18 	2
 3.58 	 3.40 	 2.16  	2
 3.58 	 3.40 	 2.06 	0
 3.58 	 3.41 	 2.10 	0
 3.58 	 3.44 	 1.96 	1
 3.58 	 3.44 	 2.12 	0
 3.58 	 3.46 	 2.12 	1
 3.58 	 3.47 	 2.06 	2
 3.58 	 3.48 	 1.99 	2
 3.58 	 3.55 	 2.01 	0
 3.58 	 3.58 	 2.01 	2
 3.58 	 3.60 	 2.05 	1
 3.58 	 3.61 	 2.01 	2
 3.58 	 3.70 	 2.02 	2
 3.58 	 3.71 	 1.97 	0
 3.58 	 3.72 	 1.96 	0
 3.58 	 3.73 	 1.86 	0
 3.58 	 3.75 	 2.05	1
 3.58 	 3.75 	 1.86 	1
 3.58 	 3.79 	 2.00 	2
 3.58 	 3.81 	 2.04 	2
 3.58 	 3.81 	 1.85 	2
 3.58 	 3.83 	 2.03 	2
 3.58 	 3.84 	 1.84 	2
 3.58 	 3.86 	 1.96 	2
 3.58 	 3.93 	 1.94 	2
 3.58 	 4.14 	 1.90 	2
 3.58  	 3.29 	 2.16 	0
 3.58  	 3.36 	 2.18  	1
 3.58  	 3.40 	 2.11 	2
 3.58  	 3.63  	 2.09 	2
 3.59 	 3.00 	 2.27 	0
 3.59 	 3.11 	 2.24 	2
 3.59 	 3.17 	 2.18 	2
 3.59 	 3.24 	 2.02 	2
 3.59 	 3.26 	 2.22 	0
 3.59 	 3.32 	 2.19 	0
 3.59 	 3.35 	 2.20 	2
 3.59 	 3.38  	 2.10 	0
 3.59 	 3.39 	 2.15 	0
 3.59 	 3.42 	 2.15 	2
 3.59 	 3.44 	 2.05 	2
 3.59 	 3.45 	 2.06 	0
 3.59 	 3.47 	 2.04 	2
 3.59 	 3.47 	 2.05 	2
 3.59 	 3.48 	 2.06 	0
 3.59 	 3.54 	 2.06 	2
 3.59 	 3.55 	 2.10 	0
 3.59 	 3.57 	 2.00 	0
 3.59 	 3.58 	 2.01 	2
 3.59 	 3.63 	 1.94 	1
 3.59 	 3.69  	 2.00 	0
 3.59 	 3.71 	 1.91 	2
 3.59 	 3.91 	 1.97 	2
 3.59 	 3.93 	 1.95 	0
 3.59 	 4.23 	 1.78 	2
 3.59  	 3.23 	 2.17 	0
 3.59  	 3.34 	 2.18 	2
 3.59  	 3.50  	 2.11	0
 3.59  	 3.51 	 2.10 	2
 3.60 	 2.78 	 2.46 	0
 3.60 	 2.98 	 2.26 	0
 3.60 	 3.06 	 2.22 	0
 3.60 	 3.09 	 2.23 	0
 3.60 	 3.24 	 2.14 	2
 3.60 	 3.24 	 2.18 	2
 3.60 	 3.26 	 2.12 	0
 3.60 	 3.33 	 2.18 	2
 3.60 	 3.48 	 2.07 	2
 3.60 	 3.49 	 2.11 	2
 3.60 	 3.49 	 2.12 	2
 3.60 	 3.55 	 2.11 	2
 3.60 	 3.57 	 2.03  	1
 3.60 	 3.61 	 1.92 	2
 3.60 	 3.62 	 2.00 	1
 3.60 	 3.66 	 2.04 	2
 3.60 	 3.73 	 2.00 	2
 3.60 	 4.07 	 1.80 	2
 3.61 	 3.04 	 2.24 	2
 3.61 	 3.13 	 2.17 	0
 3.61 	 3.14 	 2.16 	2
 3.61 	 3.19 	 2.13 	1
 3.61 	 3.19 	 2.15 	2
 3.61 	 3.19 	 2.15 	2
 3.61 	 3.20 	 2.18 	1
 3.61 	 3.20 	 2.21 	2
 3.61 	 3.21 	 2.16 	2
 3.61 	 3.22 	 2.24 	0
 3.61 	 3.25 	 2.16 	0
 3.61 	 3.28  	 2.21 	1
 3.61 	 3.32 	 2.08 	2
 3.61 	 3.33 	 2.10 	0
 3.61 	 3.35 	 1.97 	2
 3.61 	 3.35 	 2.05 	1
 3.61 	 3.41 	 2.11 	2
 3.61 	 3.42 	 2.11	1
 3.61 	 3.47 	 2.07 	2
 3.61 	 3.50 	 2.05 	2
 3.61 	 3.50 	 2.09  	2
 3.61 	 3.52 	 2.03 	0
 3.61 	 3.54 	 1.95 	2
 3.61 	 3.56 	 2.00 	2
 3.61 	 3.57 	 2.08 	2
 3.61 	 3.59 	 2.01 	2
 3.61 	 3.59  	 2.07 	0
 3.61 	 3.60 	 2.01 	2
 3.61 	 3.63 	 1.96 	1
 3.61 	 3.65 	 2.00 	1
 3.61 	 3.67 	 1.93 	1
 3.61 	 3.69 	 2.04 	0
 3.61 	 3.73 	 2.00 	2
 3.61 	 3.81 	 1.93 	2
 3.61 	 3.89 	 1.96  	0
 3.61  	 3.43 	 2.09 	1
 3.61  	 3.44 	 2.07 	0
 3.62 	 2.93 	 2.37  	0
 3.62 	 3.10 	 2.24 	0
 3.62 	 3.22 	 2.18 	2
 3.62 	 3.25 	 2.13 	2
 3.62 	 3.30 	 2.19 	1
 3.62 	 3.32 	 2.17 	2
 3.62 	 3.35 	 2.13 	1
 3.62 	 3.36 	 2.11 	1
 3.62 	 3.36 	 2.12 	1
 3.62 	 3.37 	 2.12 	2
 3.62 	 3.40 	 2.12 	2
 3.62 	 3.40  	 2.11 	2
 3.62 	 3.41 	 2.01 	2
 3.62 	 3.42  	 2.09  	0
 3.62 	 3.44 	 2.09 	2
 3.62 	 3.50 	 1.92 	0
 3.62 	 3.50 	 1.99 	2
 3.62 	 3.51 	 2.04 	1
 3.62 	 3.54 	 2.08 	0
 3.62 	 3.54 	 2.06 	1
 3.62 	 3.56 	 1.99 	1
 3.62 	 3.58 	 2.04 	0
 3.62 	 3.58 	 1.92 	0
 3.62 	 3.67 	 1.96 	2
 3.62 	 3.71 	 2.00 	0
 3.62 	 3.74 	 2.03	2
 3.62 	 3.78 	 1.93 	2
 3.62 	 3.79 	 1.86  	2
 3.62 	 3.83 	 1.84 	2
 3.62 	 3.94 	 1.94 	0
 3.62  	 3.72  	 2.03  	1
 3.62  	 3.84 	 1.94 	2
 3.63 	 3.04 	 2.20 	1
 3.63 	 3.14 	 2.15 	1
 3.63 	 3.16 	 2.20 	2
 3.63 	 3.27 	 2.20 	2
 3.63 	 3.36 	 2.11 	1
 3.63 	 3.38 	 2.05 	1
 3.63 	 3.46 	 2.06 	0
 3.63 	 3.54 	 2.05 	0
 3.63 	 3.58 	 2.07  	2
 3.63 	 3.59 	 2.01 	2
 3.63 	 3.61  	 2.02 	0
 3.63 	 3.63 	 2.03 	2
 3.63 	 3.63 	 1.98 	1
 3.63 	 3.64 	 2.02 	2
 3.63 	 3.64 	 1.97 	1
 3.63 	 3.65 	 1.98 	0
 3.63 	 3.69 	 2.04 	2
 3.63 	 3.72 	 1.95 	1
 3.63 	 3.73 	 1.97 	1
 3.63 	 3.74 	 2.04 	2
 3.63 	 3.75 	 1.92 	1
 3.63 	 3.76 	 1.96 	1
 3.63 	 3.80 	 1.97 	0
 3.63 	 3.87 	 1.96 	1
 3.63 	 3.90 	 1.96 	2
 3.63  	 3.39   	 2.10  	0
 3.64 	 2.81 	 2.44 	2
 3.64 	 2.94 	 2.25 	2
 3.64 	 3.01 	 2.26 	2
 3.64 	 3.08 	 2.17 	2
 3.64 	 3.17 	 2.14 	0
 3.64 	 3.20 	 2.17 	1
 3.64 	 3.27 	 2.16 	0
 3.64 	 3.28 	 2.20 	2
 3.64 	 3.29 	 2.06 	2
 3.64 	 3.33 	 2.11 	1
 3.64 	 3.37 	 2.14 	1
 3.64 	 3.37 	 2.12 	2
 3.64 	 3.37 	 2.08 	2
 3.64 	 3.40 	 2.08 	2
 3.64 	 3.40 	 2.15 	2
 3.64 	 3.41 	 2.12  	2
 3.64 	 3.47 	 2.09 	0
 3.64 	 3.48 	 2.11 	0
 3.64 	 3.49 	 2.08 	0
 3.64 	 3.53 	 1.95 	2
 3.64 	 3.56 	 1.98 	0
 3.64 	 3.58 	 2.04 	2
 3.64 	 3.60 	 1.95 	1
 3.64 	 3.68 	 2.03 	0
 3.64 	 3.68 	 1.87 	1
 3.64 	 3.76 	 2.01 	2
 3.64 	 3.81 	 1.97 	0
 3.64 	 3.81 	 2.00 	0
 3.64 	 3.82 	 1.96 	0
 3.64 	 4.02 	 1.91 	1
 3.64  	  3.26 	 2.20 	0
 3.64  	 3.32  	 2.18  	0
 3.64  	 3.81  	 1.95  	1
 3.64  	 4.19  	 1.91 	2
 3.65 	 3.07 	 2.24 	0
 3.65 	 3.10 	 2.27 	1
 3.65 	 3.22 	 2.20  	2
 3.65 	 3.24 	 2.21 	1
 3.65 	 3.25 	 2.17 	2
 3.65 	 3.33  	 2.09 	0
 3.65 	 3.34 	 2.16  	2
 3.65 	 3.39 	 2.08 	2
 3.65 	 3.42 	 2.11 	1
 3.65 	 3.42 	 1.98 	1
 3.65 	 3.49 	 2.07 	0
 3.65 	 3.49 	 2.02 	0
 3.65 	 3.53 	 2.03 	0
 3.65 	 3.55 	 2.03  	1
 3.65 	 3.58 	 2.00 	1
 3.65 	 3.59 	 1.96 	2
 3.65 	 3.62 	 1.97  	2
 3.65 	 3.76 	 1.87 	2
 3.65 	 3.77 	 1.95 	0
 3.65 	 3.80 	 2.01 	0
 3.65 	 3.85 	 2.00 	1
 3.65 	 4.18 	 1.91 	2
 3.65  	 3.36  	 2.16 	1
 3.65  	 3.61  	 2.05  	0
 3.65   	 3.62 	 2.08 	2
 3.66 	 3.01 	 2.22 	2
 3.66 	 3.10 	 2.15 	2
 3.66 	 3.10 	 2.15 	2
 3.66 	 3.14 	 2.20 	1
 3.66 	 3.16 	 2.17 	0
 3.66 	 3.19 	 2.12 	1
 3.66 	 3.22 	 2.17 	2
 3.66 	 3.24 	 2.18 	1
 3.66 	 3.29 	 2.09 	2
 3.66 	 3.30  	 2.16 	1
 3.66 	 3.32 	 2.12 	0
 3.66 	 3.33 	 2.14 	1
 3.66 	 3.35 	 2.10 	0
 3.66 	 3.36 	 2.16 	0
 3.66 	 3.36 	 2.05 	2
 3.66 	 3.37 	 2.15 	1
 3.66 	 3.41 	 2.05 	2
 3.66 	 3.42 	 1.95 	0
 3.66 	 3.44 	 1.98 	1
 3.66 	 3.46 	 2.07 	1
 3.66 	 3.46 	 1.99 	1
 3.66 	 3.46  	 2.11 	0
 3.66 	 3.52 	 1.96 	0
 3.66 	 3.54 	 2.02 	1
 3.66 	 3.57 	 1.96 	2
 3.66 	 3.57 	 1.86 	2
 3.66 	 3.63  	 2.04 	2
 3.66 	 3.69 	 2.04 	1
 3.66 	 3.71  	 2.03  	2
 3.66  	 2.93 	 2.32 	1
 3.66  	 3.19  	 2.21 	2
 3.66  	 3.51  	 2.04  	2
 3.67 	 2.94 	 2.32 	1
 3.67 	 2.97 	 2.22 	2
 3.67 	 3.11 	 2.17 	1
 3.67 	 3.24 	 2.10 	2
 3.67 	 3.24 	 2.11 	0
 3.67 	 3.30 	 2.06 	2
 3.67 	 3.32 	 2.05 	2
 3.67 	 3.36 	 2.14 	0
 3.67 	 3.37 	 2.05 	0
 3.67 	 3.38 	 2.09 	1
 3.67 	 3.39 	 2.07 	1
 3.67 	 3.40 	 2.06 	1
 3.67 	 3.40  	 2.13 	1
 3.67 	 3.42 	 2.07 	2
 3.67 	 3.45 	 2.05 	2
 3.67 	 3.45 	 1.97 	0
 3.67 	 3.45 	 2.05 	2
 3.67 	 3.45 	 1.98 	2
 3.67 	 3.47 	 2.05 	0
 3.67 	 3.57 	 1.96 	1
 3.67 	 3.58 	 1.99 	1
 3.67 	 3.58 	 1.97 	2
 3.67 	 3.61 	 2.01 	2
 3.67 	 3.62 	 2.02 	2
 3.67 	 3.62 	 2.02 	2
 3.67 	 3.78 	 1.93 	2
 3.67 	 3.78 	 1.86 	2
 3.67 	 3.94 	 1.92 	2
 3.67  	 3.44 	 2.05 	2
 3.67  	 3.49  	 2.10 	2
 3.68 	 3.09 	 2.24 	1
 3.68 	 3.20 	 2.12 	1
 3.68 	 3.23 	 2.16 	0
 3.68 	 3.23 	 2.15 	2
 3.68 	 3.25 	 2.14 	2
 3.68 	 3.31 	 2.16 	2
 3.68 	 3.38 	 2.06 	2
 3.68 	 3.45 	 2.10 	2
 3.68 	 3.49 	 2.07 	1
 3.68 	 3.55 	 2.07 	0
 3.68 	 3.61 	 1.91 	0
 3.68 	 3.63 	 2.01 	2
 3.68 	 3.67 	 1.86 	2
 3.68 	 3.74 	 2.00 	0
 3.68 	 3.84 	 1.92 	1
 3.68 	 3.89 	 1.92 	1
 3.69 	 2.96 	 2.35 	1
 3.69 	 3.03 	 2.15 	0
 3.69 	 3.12 	 2.21 	1
 3.69 	 3.25 	 2.18 	2
 3.69 	 3.26 	 2.04 	0
 3.69 	 3.27 	 2.15 	1
 3.69 	 3.28 	 2.16 	1
 3.69 	 3.29 	 2.16 	2
 3.69 	 3.34 	 2.10 	1
 3.69 	 3.35 	 2.13 	0
 3.69 	 3.38 	 2.12 	0
 3.69 	 3.40 	 2.07 	0
 3.69 	 3.43 	 2.12 	0
 3.69 	 3.44 	 2.02 	2
 3.69 	 3.46 	 2.07 	0
 3.69 	 3.48  	 2.05 	2
 3.69 	 3.54 	 1.91 	1
 3.69 	 3.67 	 1.97 	0
 3.69 	 3.70 	 2.02 	2
 3.69 	 3.70 	 2.01 	1
 3.69 	 3.70 	 1.95 	1
 3.69 	 3.75 	 1.98  	2
 3.69 	 3.81 	 1.95 	0
 3.69 	 3.82 	 1.84 	2
 3.69 	 3.86 	 1.93 	0
 3.69 	 3.87 	 1.94 	2
 3.69 	 3.90 	 1.86 	2
 3.69 	 3.95   	 1.91 	2
 3.69 	 4.06 	 1.87 	2
 3.70 	 3.02 	 2.22 	2
 3.70 	 3.11 	 2.15 	0
 3.70 	 3.23 	 2.10 	0
 3.70 	 3.24 	 2.14 	2
 3.70 	 3.31 	 2.12 	0
 3.70 	 3.31 	 2.10 	2
 3.70 	 3.32 	 1.99 	0
 3.70 	 3.40 	 2.05 	2
 3.70 	 3.43 	 1.98 	1
 3.70 	 3.49 	 2.08 	2
 3.70 	 3.50 	 1.92 	0
 3.70 	 3.50 	 1.91 	0
 3.70 	 3.53 	 1.93 	2
 3.70 	 3.54 	 2.08 	1
 3.70 	 3.57 	 1.89 	2
 3.70 	 3.64 	 1.96 	2
 3.70 	 3.66 	 1.88 	2
 3.70 	 3.66 	 1.92 	0
 3.70 	 3.70 	 1.94 	0
 3.70 	 3.71 	 1.97 	1
 3.70 	 3.71 	 1.98 	0
 3.70 	 3.76 	 1.84 	0
 3.70 	 3.78 	 2.00	2
 3.70 	 3.78 	 1.93 	2
 3.70 	 4.01 	 1.87 	2
 3.70  	 3.23 	 2.08 	2
 3.70  	 3.45 	 2.03 	2
 3.71 	 2.99 	 2.27 	2
 3.71 	 3.08 	 2.21 	1
 3.71 	 3.17 	 2.10 	2
 3.71 	 3.18 	 2.14 	0
 3.71 	 3.18 	 2.10 	2
 3.71 	 3.22 	 2.10 	2
 3.71 	 3.25 	 2.12 	2
 3.71 	 3.26 	 2.18 	2
 3.71 	 3.34 	 2.10 	2
 3.71 	 3.37 	 2.13 	2
 3.71 	 3.40 	 2.00 	2
 3.71 	 3.41 	 2.13 	0
 3.71 	 3.41 	 1.98 	2
 3.71 	 3.56 	 2.05 	0
 3.71 	 3.58 	 1.90 	2
 3.71 	 3.59 	 2.00 	1
 3.71 	 3.60 	 2.01 	0
 3.71 	 3.62 	 1.89 	0
 3.71 	 3.64 	 2.01 	0
 3.71 	 3.72 	 1.83 	1
 3.71 	 3.76 	 1.99 	1
 3.71 	 3.79 	 1.91 	2
 3.71 	 3.91 	 1.97 	2
 3.71  	 3.84 	 1.97 	2
 3.71  	 4.46  	 1.81  	2
 3.72 	 3.09  	 2.20 	2
 3.72 	 3.15 	 2.22 	2
 3.72 	 3.32 	 2.02 	1
 3.72 	 3.35 	 2.09 	0
 3.72 	 3.37 	 2.08 	1
 3.72 	 3.40 	 2.07 	2
 3.72 	 3.43 	 2.11 	1
 3.72 	 3.43 	 2.06 	2
 3.72 	 3.45 	 2.10 	2
 3.72 	 3.46 	 2.01 	2
 3.72 	 3.47 	 1.89 	1
 3.72 	 3.49 	 2.05 	1
 3.72 	 3.50 	 1.99 	0
 3.72 	 3.54 	 2.07 	2
 3.72 	 3.55 	 1.93 	0
 3.72 	 3.56 	 1.90 	2
 3.72 	 3.58 	 2.02 	2
 3.72 	 3.58 	 1.91 	1
 3.72 	 3.61 	 2.03 	1
 3.72 	 3.61  	 2.02  	1
 3.72 	 3.69 	 1.85 	2
 3.72 	 3.75 	 1.94 	0
 3.72 	 3.80 	 1.95 	2
 3.72 	 3.87 	 1.91 	1
 3.72 	 3.89 	 1.92 	2
 3.72 	 3.91 	 1.92 	2
 3.72 	 3.91 	 1.81 	1
 3.72 	 3.95  	 1.95  	1
 3.72  	 4.20  	 1.90  	0
 3.72  	 4.39  	 1.82  	1
 3.73 	 3.09  	 2.20 	2
 3.73 	 3.28 	 2.07 	0
 3.73 	 3.29 	 2.17 	0
 3.73 	 3.29 	 2.09 	2
 3.73 	 3.32 	 2.08 	2
 3.73 	 3.33 	 1.99 	1
 3.73 	 3.41 	 2.13 	2
 3.73 	 3.44 	 2.02 	1
 3.73 	 3.46 	 2.01 	2
 3.73 	 3.49 	 2.00 	0
 3.73 	 3.52 	 1.99 	2
 3.73 	 3.55 	 1.98 	0
 3.73 	 3.55 	 2.03 	2
 3.73 	 3.60 	 2.04 	2
 3.73 	 3.61 	 1.97 	2
 3.73 	 3.62 	 1.86 	0
 3.73 	 3.64 	 2.05 	2
 3.73 	 3.78 	 2.00 	1
 3.73 	 3.79 	 1.95 	1
 3.73 	 3.88 	 1.80 	0
 3.73 	 3.92 	 1.93 	2
 3.73 	 4.01 	 1.85 	0
 3.73  	 3.50 	 2.05 	2
 3.73  	 3.69   	 2.00	1
 3.73  	 3.86 	 1.98 	1
 3.74 	 3.10 	 2.14 	0
 3.74 	 3.10 	 2.12 	2
 3.74 	 3.15 	 2.16 	0
 3.74 	 3.19 	 2.19 	2
 3.74 	 3.23 	 2.19 	1
 3.74 	 3.29 	 2.10 	2
 3.74 	 3.31 	 2.02  	2
 3.74 	 3.36 	 2.10 	0
 3.74 	 3.38 	 2.36 	0
 3.74 	 3.46 	 2.04 	0
 3.74 	 3.47 	 2.01 	2
 3.74 	 3.65 	 1.99 	0
 3.74 	 3.73 	 1.96 	0
 3.74 	 3.85 	 1.91 	2
 3.74 	 3.93 	 1.86 	1
 3.74 	 4.09 	 1.85 	1
 3.74 	 4.12 	 1.79 	2
 3.74 	 4.31 	 1.86 	0
 3.75 	 3.17 	 2.21 	2
 3.75 	 3.23 	 2.13 	1
 3.75 	 3.31 	 2.10 	0
 3.75 	 3.31 	 2.07 	2
 3.75 	 3.34 	 2.05 	1
 3.75 	 3.35 	 2.05 	2
 3.75 	 3.36 	 2.12 	1
 3.75 	 3.39 	 2.05 	0
 3.75 	 3.40 	 2.05 	0
 3.75 	 3.41 	 2.03 	0
 3.75 	 3.44 	 1.97 	2
 3.75 	 3.45 	 2.06 	2
 3.75 	 3.50 	 2.03 	0
 3.75 	 3.51 	 2.01  	0
 3.75 	 3.53 	 2.01 	1
 3.75 	 3.55 	 1.98 	2
 3.75 	 3.56 	 1.99 	2
 3.75 	 3.63 	 1.99 	0
 3.75 	 3.64 	 1.97 	0
 3.75 	 3.68 	 1.94 	1
 3.75 	 3.71 	 1.95 	1
 3.75 	 3.75 	 1.81 	2
 3.75 	 3.79 	 1.95 	2
 3.75 	 3.84 	 1.91 	2
 3.75 	 3.87  	 1.91 	0
 3.75 	 3.88 	 1.87 	2
 3.75  	 3.55  	 2.03  	0
 3.75  	 3.60  	 2.02  	2
 3.75  	 3.89  	 1.91  	2
 3.75  	 3.97  	 1.92 	2
 3.76 	 3.12	 2.23 	2
 3.76 	 3.17 	 2.19 	1
 3.76 	 3.19  	 2.19 	0
 3.76 	 3.24 	 2.08 	2
 3.76 	 3.27 	 2.14 	0
 3.76 	 3.32 	 2.00 	0
 3.76 	 3.35 	 2.07 	2
 3.76 	 3.36 	 2.13 	0
 3.76 	 3.39 	 2.04 	2
 3.76 	 3.40 	 2.09 	0
 3.76 	 3.43  	 2.09  	2
 3.76 	 3.50 	 2.05 	1
 3.76 	 3.55 	 1.98 	2
 3.76 	 3.58 	 2.03 	1
 3.76 	 3.59 	 1.96 	2
 3.76 	 3.62 	 1.98 	2
 3.76 	 3.65 	 1.84 	1
 3.76 	 3.67 	 2.01 	2
 3.76 	 3.67 	 1.98 	0
 3.76 	 3.68 	 1.95 	2
 3.76 	 3.69 	 1.96  	2
 3.76 	 3.77 	 1.93 	1
 3.76 	 3.79 	 1.97  	2
 3.76 	 3.81 	 1.98 	2
 3.76 	 3.99 	 1.88 	2
 3.76 	 4.01 	 1.93  	1
 3.76  	 4.10  	 1.86  	1
 3.77 	 3.08 	 2.21 	2
 3.77 	 3.12 	 2.21 	2
 3.77 	 3.27 	 2.16 	2
 3.77 	 3.40 	 2.02 	2
 3.77 	 3.41 	 2.03 	2
 3.77 	 3.45 	 1.96 	2
 3.77 	 3.48 	 1.94 	2
 3.77 	 3.56 	 1.94 	2
 3.77 	 3.61 	 1.95 	2
 3.77 	 3.63 	 2.03 	0
 3.77 	 3.63 	 1.97 	0
 3.77 	 3.64 	 2.01 	2
 3.77 	 3.64 	 2.01 	2
 3.77 	 3.67 	 2.01 	2
 3.77 	 3.69 	 1.86 	0
 3.77 	 3.76 	 1.91 	2
 3.77 	 3.77 	 1.93 	1
 3.77 	 3.78   	 1.98  	2
 3.77 	 3.80 	 1.92  	1
 3.77 	 3.84  	 1.95  	1
 3.77 	 3.98 	 1.80 	0
 3.77 	 3.99 	 1.88   	2
 3.77 	 3.99 	 1.89 	0
 3.77 	 4.19 	 1.86 	2
 3.77  	 3.32  	 2.07   	0
 3.77  	 3.37 	 2.10 	0
 3.77  	 3.49 	 2.05 	1
 3.77  	 3.59 	 2.04 	1
 3.77  	 4.10  	 1.85  	0
 3.78 	 3.04 	 2.24 	1
 3.78 	 3.12 	 2.22 	0
 3.78 	 3.15 	 2.08 	1
 3.78 	 3.20 	 2.14 	0
 3.78 	 3.22 	 2.13 	0
 3.78 	 3.23 	 2.14 	2
 3.78 	 3.23 	 2.10 	2
 3.78 	 3.25 	 2.16 	2
 3.78 	 3.25 	 2.16 	2
 3.78 	 3.25 	 2.05 	1
 3.78 	 3.27 	 2.14 	1
 3.78 	 3.30 	 2.02 	0
 3.78 	 3.31 	 2.03 	1
 3.78 	 3.39 	 2.01 	0
 3.78 	 3.39  	 2.06  	1
 3.78 	 3.41 	 1.92 	2
 3.78 	 3.48 	 2.07 	0
 3.78 	 3.50 	 1.98 	2
 3.78 	 3.51 	 2.00 	1
 3.78 	 3.54 	 2.05 	2
 3.78 	 3.55 	 1.93 	2
 3.78 	 3.56 	 1.96 	2
 3.78 	 3.58 	 2.03 	0
 3.78 	 3.61 	 2.02 	2
 3.78 	 3.62 	 1.99 	1
 3.78 	 3.62 	 1.97 	0
 3.78 	 3.72 	 1.98 	2
 3.78 	 3.85 	 1.91 	1
 3.78 	 3.86 	 1.91 	0
 3.78 	 3.97 	 1.86 	1
 3.78 	 4.16 	 1.80 	0
 3.78  	 3.62 	 1.97 	1
 3.78   	 4.09  	 1.85  	2
 3.79 	 3.18 	 2.11 	0
 3.79 	 3.22 	 2.17 	2
 3.79 	 3.22 	 2.18 	2
 3.79 	 3.24 	 2.13 	0
 3.79 	 3.26 	 2.09 	2
 3.79 	 3.26 	 2.08 	1
 3.79 	 3.32 	 2.10 	1
 3.79 	 3.34 	 2.03 	0
 3.79 	 3.34 	 2.06 	2
 3.79 	 3.35 	 2.09 	1
 3.79 	 3.35 	 1.92 	2
 3.79 	 3.42 	 2.04 	2
 3.79 	 3.42 	 2.05 	2
 3.79 	 3.46 	 1.97 	1
 3.79 	 3.53 	 1.97 	2
 3.79 	 3.56 	 2.01 	1
 3.79 	 3.57 	 1.99 	2
 3.79 	 3.59 	 1.94 	2
 3.79 	 3.62 	 1.84 	2
 3.79 	 3.62 	 1.95 	2
 3.79 	 3.67 	 1.95 	0
 3.79 	 3.70 	 1.93 	2
 3.79 	 3.76 	 1.87 	2
 3.79 	 3.78 	 1.92 	1
 3.79 	 3.79 	 1.97 	2
 3.79 	 3.80 	 1.80 	2
 3.79 	 3.83 	 1.96 	2
 3.79 	 3.86 	 1.95 	2
 3.79 	 3.86 	 1.91 	2
 3.79 	 3.98 	 1.92 	1
 3.79  	 3.85 	 1.93 	0
 3.80 	 2.96 	 2.20  	2
 3.80 	 3.07 	 2.24 	0
 3.80 	 3.16 	 2.20 	0
 3.80 	 3.28 	 2.03 	1
 3.80 	 3.28 	 2.04 	2
 3.80 	 3.30 	 2.13 	0
 3.80 	 3.38 	 2.10 	0
 3.80 	 3.48 	 2.03 	1
 3.80 	 3.54 	 1.88 	2
 3.80 	 3.77 	 1.92 	0
 3.80 	 3.83 	 1.87 	1
 3.80 	 3.85 	 1.94 	2
 3.80 	 3.85 	 1.85 	2
 3.80  	 3.51 	 2.04 	2
 3.80  	 3.63  	 2.00 	2
 3.80  	 3.77 	 1.95  	2
 3.80  	 3.80  	 1.94 	2
 3.81 	 2.79 	 2.42 	0
 3.81 	 3.22 	 2.16 	0
 3.81 	 3.25 	 2.11 	2
 3.81 	 3.31 	 2.10 	0
 3.81 	 3.35 	 2.04 	0
 3.81 	 3.42 	 2.09 	1
 3.81 	 3.49 	 1.97 	2
 3.81 	 3.50 	 1.88 	2
 3.81 	 3.50 	 1.98 	2
 3.81 	 3.51 	 2.04 	2
 3.81 	 3.55 	 1.93 	0
 3.81 	 3.55 	 2.00	2
 3.81 	 3.56 	 2.03 	0
 3.81 	 3.56 	 1.97 	1
 3.81 	 3.58 	 1.93 	1
 3.81 	 3.68 	 1.96 	1
 3.81 	 3.75 	 1.90 	2
 3.81 	 3.84 	 1.79 	0
 3.81 	 3.87 	 1.90 	2
 3.81 	 4.17 	 1.84 	1
 3.81 	 4.49 	 1.78 	1
 3.81  	 3.38  	 2.04 	2
 3.81  	 3.85 	 1.56 	2
 3.82 	 3.06 	 2.25 	0
 3.82 	 3.09 	 2.14 	1
 3.82 	 3.41 	 1.95 	0
 3.82 	 3.44 	 2.04 	2
 3.82 	 3.50 	 1.96 	2
 3.82 	 3.51 	 1.96 	0
 3.82 	 3.54 	 1.97 	2
 3.82 	 3.55 	 1.94 	0
 3.82 	 3.56 	 1.95 	1
 3.82 	 3.57 	 1.95 	1
 3.82 	 3.70  	 1.83 	2
 3.82 	 3.81 	 1.91 	1
 3.82 	 3.85  	 1.94  	0
 3.82 	 4.04 	 1.90 	2
 3.82  	 3.48 	 2.01 	0
 3.82  	 3.72 	 1.97 	0
 3.82  	 3.98 	 1.87  	0
 3.83 	 2.89 	 2.33 	0
 3.83 	 2.98 	 2.20 	1
 3.83 	 3.18 	 2.14 	0
 3.83 	 3.21 	 2.10 	2
 3.83 	 3.21 	 2.12 	2
 3.83 	 3.27 	 2.08 	1
 3.83 	 3.28 	 2.13  	1
 3.83 	 3.30 	 2.02 	2
 3.83 	 3.31  	 2.11 	1
 3.83 	 3.32 	 2.09 	1
 3.83 	 3.34 	 2.10 	2
 3.83 	 3.34 	 2.03 	1
 3.83 	 3.38 	 2.09 	2
 3.83 	 3.44 	 2.05 	2
 3.83 	 3.44 	 2.06 	2
 3.83 	 3.47 	 2.05 	2
 3.83 	 3.48 	 2.06 	2
 3.83 	 3.49 	 2.04 	0
 3.83 	 3.51 	 2.00 	2
 3.83 	 3.52 	 1.98 	2
 3.83 	 3.54 	 2.00 	2
 3.83 	 3.54 	 1.99 	0
 3.83 	 3.59 	 1.96 	2
 3.83 	 3.60 	 1.98 	2
 3.83 	 3.61 	 1.88 	2
 3.83 	 3.61 	 1.89 	2
 3.83 	 3.63 	 1.99 	0
 3.83 	 3.69 	 2.00 	2
 3.83 	 3.74 	 1.98 	0
 3.83 	 3.89 	 1.79 	2
 3.83 	 4.02 	 1.88 	0
 3.83 	 4.08 	 1.72 	2
 3.83  	 3.37 	 2.10 	0
 3.83  	 3.47  	 2.01	2
 3.83  	 3.94 	 1.92 	0
 3.83  	 3.94  	 1.89  	1
 3.84 	 3.21 	 2.17 	2
 3.84 	 3.21 	 2.14 	2
 3.84 	 3.28 	 2.09 	1
 3.84 	 3.29  	 2.07 	2
 3.84 	 3.30 	 2.06 	1
 3.84 	 3.36 	 2.01 	0
 3.84 	 3.38 	 2.02 	2
 3.84 	 3.39 	 2.03 	0
 3.84 	 3.40 	 1.91 	1
 3.84 	 3.44 	 2.04 	0
 3.84 	 3.45 	 1.93 	2
 3.84 	 3.45 	 1.99 	0
 3.84 	 3.46 	 2.03 	0
 3.84 	 3.48 	 2.01 	1
 3.84 	 3.49 	 1.96  	0
 3.84 	 3.51 	 2.04 	2
 3.84 	 3.52 	 1.99 	0
 3.84 	 3.64 	 1.92 	2
 3.84 	 3.66 	 1.99 	2
 3.84 	 3.70  	 1.98 	0
 3.84 	 3.72 	 1.93 	0
 3.84 	 3.73 	 1.93 	2
 3.84 	 3.78 	 1.95 	1
 3.84 	 3.79 	 1.97 	0
 3.84 	 3.79 	 1.94 	2
 3.84 	 3.89 	 1.91 	2
 3.84 	 4.08 	 1.85 	1
 3.84  	 3.01  	 2.27  	2
 3.85 	 3.08  	 2.16 	1
 3.85 	 3.20 	 2.16 	2
 3.85 	 3.27 	 2.13 	0
 3.85 	 3.28 	 2.05 	1
 3.85 	 3.37 	 2.07 	0
 3.85 	 3.38 	 2.08 	2
 3.85 	 3.40 	 2.02 	1
 3.85 	 3.41 	 2.00 	2
 3.85 	 3.47 	 1.99 	1
 3.85 	 3.56 	 2.01 	0
 3.85 	 3.59 	 1.95 	0
 3.85 	 3.66 	 1.80 	0
 3.85 	 3.74 	 1.92 	0
 3.85 	 3.75 	 1.96 	2
 3.85 	 3.78 	 1.95 	0
 3.85 	 3.78 	 1.86 	1
 3.85 	 3.82 	 1.89 	1
 3.85 	 3.83  	 1.94 	2
 3.85 	 3.98 	 1.90 	0
 3.85 	 4.14 	 1.83 	2
 3.85  	 3.86  	 1.91  	2
 3.86 	 3.00 	 2.24 	0
 3.86 	 3.08 	 2.15  	2
 3.86 	 3.29 	 2.04 	2
 3.86 	 3.33 	 2.09 	2
 3.86 	 3.34 	 2.01 	1
 3.86 	 3.51 	 1.86 	1
 3.86 	 3.60 	 1.99 	0
 3.86 	 3.61 	 1.97  	2
 3.86 	 3.63 	 1.98 	0
 3.86 	 3.65 	 1.99 	0
 3.86 	 3.66 	 1.84 	2
 3.86 	 3.67 	 1.92 	1
 3.86 	 3.69 	 1.96  	0
 3.86 	 3.73 	 1.93 	0
 3.86 	 3.74 	 1.88 	2
 3.86 	 3.75 	 1.85 	2
 3.86 	 3.77  	 1.96 	2
 3.86 	 3.81 	 1.95 	0
 3.86 	 3.88 	 1.84  	2
 3.86 	 3.91 	 1.80 	2
 3.86 	 3.93 	 1.87 	2
 3.86 	 3.94 	 1.81 	2
 3.86 	 3.99 	 1.89  	2
 3.86 	 4.11 	 1.84 	2
 3.86 	 4.28 	 1.84 	2
 3.86 	 4.46 	 1.81 	2
 3.86  	 3.64  	 1.96  	2
 3.87 	 3.27 	 2.04 	0
 3.87 	 3.33 	 2.00 	0
 3.87 	 3.33 	 1.96 	2
 3.87 	 3.36  	 2.08 	1
 3.87 	 3.45 	 2.00 	0
 3.87 	 3.49 	 1.91 	0
 3.87 	 3.58 	 2.00 	2
 3.87 	 3.58 	 1.85 	1
 3.87 	 3.58 	 1.94 	2
 3.87 	 3.70  	 1.91 	0
 3.87 	 3.74 	 1.97 	1
 3.87 	 3.77 	 1.90 	2
 3.87 	 3.82  	 1.91  	1
 3.87 	 3.88 	 1.85  	1
 3.87 	 3.89 	 1.88 	1
 3.87  	 3.41 	 1.96 	2
 3.87  	 3.70 	 1.82 	2
 3.87    	 3.69  	 1.94  	2
 3.88 	 3.16 	 2.08 	2
 3.88 	 3.17 	 2.12 	0
 3.88 	 3.22 	 2.07 	0
 3.88 	 3.22 	 2.07 	0
 3.88 	 3.23 	 2.09 	0
 3.88 	 3.30 	 2.03 	2
 3.88 	 3.34 	 2.09 	1
 3.88 	 3.35 	 1.90 	0
 3.88 	 3.39 	 2.01 	2
 3.88 	 3.39 	 1.89 	1
 3.88 	 3.42 	 2.06 	2
 3.88 	 3.44 	 1.95 	2
 3.88 	 3.44 	 1.98 	1
 3.88 	 3.45 	 1.95 	2
 3.88 	 3.46 	 1.95 	2
 3.88 	 3.49 	 2.03 	2
 3.88 	 3.59 	 1.94 	2
 3.88 	 3.61 	 1.98  	2
 3.88 	 3.62 	 1.83 	0
 3.88 	 3.67 	 1.95 	0
 3.88 	 3.71 	 1.92 	2
 3.88 	 3.76 	 1.84 	2
 3.88 	 3.78 	 1.90 	2
 3.88 	 3.81 	 1.76 	0
 3.88 	 4.03 	 1.88 	2
 3.88 	 4.05 	 1.81 	1
 3.88  	 3.70  	 1.94  	1
 3.89 	  3.62 	 1.99 	2
 3.89 	 2.93 	 2.26 	1
 3.89 	 2.93 	 2.26 	1
 3.89 	 3.08 	 2.10 	2
 3.89 	 3.23 	 2.05 	0
 3.89 	 3.23 	 2.09 	0
 3.89 	 3.24 	 2.03 	0
 3.89 	 3.30 	 2.06 	1
 3.89 	 3.36 	 2.04 	0
 3.89 	 3.36 	 1.97 	0
 3.89 	 3.42 	 2.02 	0
 3.89 	 3.44 	 1.95 	2
 3.89 	 3.46 	 2.02 	0
 3.89 	 3.48 	 2.01 	2
 3.89 	 3.49 	 2.02 	2
 3.89 	 3.50 	 1.91 	2
 3.89 	 3.55 	 1.93 	2
 3.89 	 3.56 	 1.95 	2
 3.89 	 3.61 	 1.96 	1
 3.89 	 3.64 	 1.91 	2
 3.89 	 3.65 	 1.98  	0
 3.89 	 3.69 	 1.96  	0
 3.89 	 3.72 	 1.84 	1
 3.89 	 3.77 	 1.87 	2
 3.89 	 3.81 	 1.89 	2
 3.89 	 3.85  	 1.90 	0
 3.89 	 3.86 	 1.85 	1
 3.89 	 4.14 	 1.85 	2
 3.89  	 3.41 	 2.04 	2
 3.89  	 3.56 	 1.92 	2
 3.89  	 3.66 	 1.95 	2
 3.89  	 3.89  	 1.90  	0
 3.90 	 3.06 	 2.12 	2
 3.90 	 3.16 	 2.14 	0
 3.90 	 3.31 	 2.09 	2
 3.90 	 3.33 	 2.08 	1
 3.90 	 3.34 	 2.09 	0
 3.90 	 3.36 	 2.06 	2
 3.90 	 3.40 	 2.05 	2
 3.90 	 3.42 	 1.97 	2
 3.90 	 3.44 	 1.96 	2
 3.90 	 3.46 	 2.03	0
 3.90 	 3.47 	 2.02 	0
 3.90 	 3.48 	 2.03 	2
 3.90 	 3.58 	 1.96 	0
 3.90 	 3.65 	 1.95 	1
 3.90 	 3.68 	 1.91 	2
 3.90 	 3.68 	 1.89 	2
 3.90 	 3.71 	 1.92 	2
 3.90 	 3.74 	 1.95 	1
 3.90 	 3.76 	 1.93 	2
 3.90 	 3.93 	 1.90 	2
 3.90 	 3.97  	 1.89  	2
 3.90  	 3.83  	 1.93  	1
 3.91 	 2.97    	 2.25 	1
 3.91 	 3.27   	 2.01 	1
 3.91 	 3.37 	 1.99 	2
 3.91 	 3.56 	 1.95 	2
 3.91 	 3.62 	 1.99 	2
 3.91 	 3.62 	 1.88 	2
 3.91 	 3.65 	 1.85 	2
 3.91 	 3.65 	 1.82 	1
 3.91 	 3.70 	 1.86 	2
 3.91 	 3.73 	 1.92 	1
 3.91 	 3.74  	 1.92 	0
 3.91 	 3.78 	 1.89 	2
 3.91 	 3.90 	 1.77 	0
 3.91  	 3.54  	 1.97  	2
 3.91  	 3.73 	 1.96 	2
 3.91  	 3.80  	 1.93  	1
 3.92 	 3.13 	 2.17 	2
 3.92 	 3.24 	 2.01 	2
 3.92 	 3.29 	 2.10 	0
 3.92 	 3.30 	 2.09 	0
 3.92 	 3.34 	 2.01 	2
 3.92 	 3.36 	 2.02 	0
 3.92 	 3.42 	 1.93 	2
 3.92 	 3.43 	 2.02 	0
 3.92 	 3.45 	 1.98  	2
 3.92 	 3.46 	 2.01 	0
 3.92 	 3.47 	 1.94 	0
 3.92 	 3.50 	 1.99 	0
 3.92 	 3.51 	 1.97 	2
 3.92 	 3.51 	 1.97 	2
 3.92 	 3.51 	 1.90 	2
 3.92 	 3.52 	 1.99 	0
 3.92 	 3.52 	 1.99 	1
 3.92 	 3.53 	 1.94 	2
 3.92 	 3.57 	 1.92 	1
 3.92 	 3.58 	 1.97 	2
 3.92 	 3.58 	 1.99 	2
 3.92 	 3.60 	 1.92 	2
 3.92 	 3.62 	 1.90 	1
 3.92 	 3.68 	 1.94 	0
 3.92 	 3.69 	 1.88 	1
 3.92 	 3.77 	 1.94  	0
 3.92 	 3.83 	 1.78 	1
 3.92 	 3.84 	 1.78 	2
 3.92 	 3.95 	 1.86 	0
 3.92  	 3.74  	 1.90  	2
 3.92  	 3.96 	 1.88  	0
 3.93 	 3.15 	 2.07 	2
 3.93 	 3.34 	 2.06 	0
 3.93 	 3.37 	 2.01 	0
 3.93 	 3.43 	 2.04 	1
 3.93 	 3.49 	 1.85 	0
 3.93 	 3.52 	 1.94 	1
 3.93 	 3.54 	 2.00 	0
 3.93 	 3.61 	 1.98 	2
 3.93 	 3.63 	 1.90 	0
 3.93 	 3.65 	 1.95 	1
 3.93 	 3.65 	 1.86 	0
 3.93 	 3.70 	 1.80 	2
 3.93 	 3.70  	 1.91 	0
 3.93 	 3.74 	 1.92 	0
 3.93 	 3.82 	 1.91 	2
 3.93 	 3.83 	 1.88 	0
 3.93 	 3.84 	 1.84 	2
 3.93 	 3.85 	 1.77 	0
 3.93 	 4.10 	 1.81 	1
 3.93 	 4.30 	 1.78 	2
 3.93 	 4.32 	 1.78 	2
 3.93  	 3.66 	 1.81 	0
 3.94 	 3.11 	 2.08 	2
 3.94 	 3.36 	 2.06 	2
 3.94 	 3.38 	 1.93 	2
 3.94 	 3.43 	 2.01 	2
 3.94 	 3.49 	 1.85 	0
 3.94 	 3.50 	 1.94 	2
 3.94 	 3.51 	 1.90 	2
 3.94 	 3.52 	 1.84 	2
 3.94 	 3.53 	 1.98 	2
 3.94 	 3.59  	 1.96 	2
 3.94 	 3.62 	 1.94 	2
 3.94 	 3.67 	 1.90 	2
 3.94 	 3.72 	 1.94 	2
 3.94 	 3.73 	 1.92 	2
 3.94 	 3.77 	 1.92 	0
 3.94 	 3.79 	 1.86 	2
 3.94 	 3.83 	 1.92 	1
 3.94 	 3.84 	 1.90 	1
 3.94 	 3.86 	 1.91 	1
 3.94 	 4.24 	 1.80 	2
 3.94  	 3.73 	 1.93 	1
 3.94  	 3.86 	 1.88 	2
 3.94  	 4.26  	 1.80  	2
 3.95 	 3.09 	 2.08 	2
 3.95 	 3.14 	 2.09 	0
 3.95 	 3.38 	 2.00 	1
 3.95 	 3.38 	 1.98 	2
 3.95 	 3.39 	 1.96 	2
 3.95 	 3.49 	 1.94 	0
 3.95 	 3.61 	 1.98  	2
 3.95 	 3.63 	 1.90 	1
 3.95 	 3.74 	 1.78 	1
 3.95 	 3.83 	 1.86 	2
 3.95 	 3.94 	 1.88 	0
 3.95 	 4.21 	 1.81 	1
 3.96 	 3.05 	 2.13 	0
 3.96 	 3.10 	 2.17  	2
 3.96 	 3.23 	 2.08 	2
 3.96 	 3.28 	 2.01 	0
 3.96 	 3.28 	 1.97 	1
 3.96 	 3.29 	 2.07  	2
 3.96 	 3.30 	 2.08 	2
 3.96 	 3.38 	 1.92 	2
 3.96 	 3.40 	 1.95 	0
 3.96 	 3.41 	 1.96 	2
 3.96 	 3.42 	 2.04 	2
 3.96 	 3.43 	 1.99 	0
 3.96 	 3.55 	 1.97 	2
 3.96 	 3.55 	 2.01 	0
 3.96 	 3.55 	 1.92 	0
 3.96 	 3.56 	 1.93 	1
 3.96 	 3.57 	 1.93 	2
 3.96 	 3.61 	 1.93  	2
 3.96 	 3.64 	 1.88 	2
 3.96 	 3.65 	 1.92 	1
 3.96 	 3.73 	 1.91 	2
 3.96 	 3.74 	 1.86 	1
 3.96 	 3.75 	 1.83 	2
 3.96 	 3.77 	 1.94  	0
 3.96 	 3.78 	 1.89 	2
 3.96 	 33.44 	 1.93 	1
 3.96  	 3.71  	 1.91  	0
 3.97 	 3.30 	 2.03 	2
 3.97 	 3.30 	 1.99 	1
 3.97 	 3.45 	 1.94 	1
 3.97 	 3.48 	 2.01 	2
 3.97 	 3.49 	 2.01 	1
 3.97 	 3.52 	 1.96 	2
 3.97 	 3.65 	 1.92 	1
 3.97 	 3.65  	 1.96 	0
 3.97 	 3.67 	 1.89  	0
 3.97 	 3.69 	 1.94 	2
 3.97 	 3.73 	 1.87 	1
 3.97 	 3.74 	 1.90 	2
 3.97 	 3.75 	 1.94 	2
 3.97 	 3.75 	 1.90 	1
 3.97 	 3.87 	 1.75 	2
 3.97 	 3.95 	 1.83 	0
 3.97 	 4.34  	 1.76 	2
 3.97  	 3.40  	 2.02  	0
 3.97  	 3.48 	 1.98 	1
 3.97  	 4.10  	  1.82  	2
 3.97   	 3.41  	 2.02 	0
 3.98 	 3.27 	 2.06 	2
 3.98 	 3.32 	 2.01 	0
 3.98 	 3.44 	 1.94 	2
 3.98 	 3.46 	 1.97 	2
 3.98 	 3.47 	 1.99 	2
 3.98 	 3.57 	 1.94 	1
 3.98 	 3.66 	 1.90 	0
 3.98 	 3.69 	 1.90 	2
 3.98 	 3.69 	 1.90 	2
 3.98 	 4.05 	 1.84 	2
 3.98 	 4.17 	 1.80 	1
 3.98 	 4.38 	 1.81 	1
 3.98  	 3.67 	 1.94 	2
 3.98  	 4.08 	 1.87  	2
 3.98   	 3.99   	 1.84   	2
 3.99 	 3.10 	 2.16 	0
 3.99 	 3.24 	 2.08 	0
 3.99 	 3.38 	 1.96 	2
 3.99 	 3.38 	 1.93 	2
 3.99 	 3.41 	 1.99 	2
 3.99 	 3.51 	 1.93 	2
 3.99 	 3.57 	 1.94 	2
 3.99 	 3.60 	 1.83 	2
 3.99 	 3.62 	 1.92 	2
 3.99 	 3.63 	 1.91 	2
 3.99 	 3.65 	 1.90 	2
 3.99 	 3.70 	 1.88 	2
 3.99 	 3.88 	 1.89  	2
 3.99 	 4.01 	 1.85 	0
 3.99 	 4.46 	 1.77 	2
 3.99  	 3.55 	 1.97 	2
 33.80 	 12.00 	 1.04 	2
 37.50 	 14.50 	 1.06 	2
 4.00 	 3.33 	 2.02 	0
 4.00 	 3.36 	 2.01 	1
 4.00 	 3.38 	 1.95 	1
 4.00 	 3.42 	 1.96 	1
 4.00 	 3.48 	 1.98 	2
 4.00 	 3.56 	 1.90 	2
 4.00 	 3.63 	 1.94 	1
 4.00 	 3.65 	 1.89 	1
 4.00 	 3.70 	 1.92 	1
 4.00 	 3.79 	 1.85 	2
 4.00 	 3.80 	 1.88 	2
 4.00 	 3.96 	 1.87 	2
 4.00 	 4.06 	 1.78 	2
 4.00  	 4.12  	 1.80  	1
 4.01 	 3.19 	 2.09 	2
 4.01 	 3.30 	 2.01 	0
 4.01 	 3.32 	 2.00 	2
 4.01 	 3.37 	 2.01 	2
 4.01 	 3.38 	 1.94 	0
 4.01 	 3.39 	 1.86 	2
 4.01 	 3.47 	 1.92 	0
 4.01 	 3.51 	 1.94 	2
 4.01 	 3.59 	 1.88 	2
 4.01 	 3.60 	 1.82 	2
 4.01 	 3.62 	 1.90 	0
 4.01 	 3.65 	 1.90 	2
 4.01 	 3.78 	 1.77 	1
 4.01 	 3.78 	 1.84  	2
 4.01 	 3.79 	 1.90 	2
 4.01 	 4.04 	 1.86  	2
 4.01 	 4.07 	 1.82 	2
 4.01 	 4.13 	 1.83 	1
 4.01  	 3.94  	 1.83  	0
 4.02 	 3.22 	 2.03 	0
 4.02 	 3.38 	 2.01 	2
 4.02 	 3.44 	 1.90 	2
 4.02 	 3.51 	 1.94 	2
 4.02 	 3.57 	 1.93 	2
 4.02 	 3.62 	 1.94 	2
 4.02 	 3.77 	 1.84 	1
 4.02 	 3.79  	 1.91  	2
 4.02 	 3.89 	 1.86 	0
 4.02 	 3.96 	 1.86 	1
 4.02 	 3.99 	 1.78 	0
 4.02 	 4.03 	 1.84 	1
 4.02  	 3.61 	 1.96 	2
 4.03 	 3.29  	 3.04 	1
 4.03 	 3.32 	 2.01 	2
 4.03 	 3.39 	 1.99 	2
 4.03 	 3.42 	 1.95 	2
 4.03 	 3.43 	 2.02 	2
 4.03 	 3.46 	 1.88 	2
 4.03 	 3.58 	 1.89 	0
 4.03 	 3.62 	 1.93 	2
 4.03 	 3.69 	 1.80 	2
 4.03 	 3.70 	 1.88 	2
 4.03 	 3.72 	 1.78 	2
 4.03 	 3.74 	 1.86 	1
 4.03 	 3.74 	 1.84 	2
 4.03 	 3.76 	 1.85 	1
 4.03 	 3.77 	 1.89 	0
 4.03 	 3.78 	 1.89 	2
 4.03 	 3.80 	 1.76 	1
 4.03 	 3.86 	 1.85 	2
 4.03 	 4.08  	 1.79 	0
 4.04	 3.40 	 2.01	2
 4.04 	 3.04 	 2.18 	0
 4.04 	 3.08 	 2.16 	2
 4.04 	 3.23 	 2.08 	2
 4.04 	 3.24 	 2.07 	2
 4.04 	 3.24  	 2.08 	2
 4.04 	 3.27 	 2.07 	0
 4.04 	 3.35 	 1.90 	2
 4.04 	 3.38 	 1.95 	0
 4.04 	 3.40 	 2.00 	2
 4.04 	 3.54 	 1.91 	0
 4.04 	 3.60 	 1.85 	2
 4.04 	 3.63 	 1.89 	2
 4.04 	 3.70 	 1.93 	2
 4.04 	 3.71 	 1.87 	1
 4.04 	 3.77 	 1.83 	2
 4.04 	 3.81 	 1.89 	2
 4.04 	 3.83 	 1.74 	0
 4.04 	 3.83 	 1.84 	2
 4.04 	 3.85 	 1.86 	2
 4.04 	 3.85 	 1.79 	2
 4.04 	 4.12 	 1.76 	1
 4.04 	 4.14 	 1.77 	2
 4.04  	 4.23  	 1.81 	2
 4.05 	 2.99 	 2.18 	2
 4.05 	 3.30 	 2.06 	2
 4.05 	 3.40 	 1.93 	0
 4.05 	 3.47 	 1.98  	2
 4.05 	 3.49 	 1.96 	2
 4.05 	 3.52 	 1.91 	0
 4.05 	 3.55 	 1.86 	0
 4.05 	 3.57 	 1.89 	1
 4.05 	 3.59 	 1.93 	2
 4.05 	 3.61 	 1.84 	1
 4.05 	 3.67 	 1.91 	0
 4.05 	 3.70 	 1.84 	1
 4.05 	 3.75 	 1.86 	0
 4.05 	 3.81 	 1.84 	2
 4.05 	 3.91 	 1.85 	2
 4.05 	 3.97 	 1.76 	0
 4.05 	 4.00 	 1.83 	2
 4.05 	 4.44  	 1.78 	0
 4.05  	 3.30 	 2.05 	1
 4.05  	 3.43 	 1.97 	2
 4.06 	 3.22 	 2.04 	2
 4.06 	 3.24 	 1.97 	1
 4.06 	 3.25 	 2.08 	2
 4.06 	 3.32 	 1.94 	2
 4.06 	 3.45 	 1.97 	2
 4.06 	 3.46 	 1.93 	2
 4.06 	 3.51 	 1.97 	2
 4.06 	 3.53 	 1.92 	0
 4.06 	 3.58 	 1.87 	1
 4.06 	 3.69 	 1.86 	2
 4.06 	 3.73 	 1.78 	0
 4.06 	 3.85 	 1.86 	0
 4.06 	 3.92 	 1.82 	2
 4.06 	 4.07 	 1.80 	0
 4.06 	 4.43 	 1.77 	2
 4.06  	 4.29   	 1.79  	1
 4.07	 3.16 	 2.08 	0
 4.07 	 3.37 	 2.02 	1
 4.07 	 3.39 	 1.97 	2
 4.07 	 3.44 	 2.01 	1
 4.07 	 3.46 	 1.92 	1
 4.07 	 3.55 	 1.90 	1
 4.07 	 3.56  	 1.91 	0
 4.07 	 3.57 	 1.90 	0
 4.07 	 3.60 	 1.94 	2
 4.07 	 3.63 	 1.89 	2
 4.07 	 3.65 	 1.77 	2
 4.07 	 3.66 	 1.90 	1
 4.07 	 3.68 	 1.90 	2
 4.07 	 3.73 	 1.81 	1
 4.07 	 3.84 	 1.88 	1
 4.07 	 3.98 	 1.84 	2
 4.07 	 4.05 	 1.72 	0
 4.07 	 4.18 	 1.77  	2
 4.07  	 3.96  	 1.83  	2
 4.08 	 3.13 	 2.02 	2
 4.08 	 3.18 	 2.07 	2
 4.08 	 3.23 	 2.09 	0
 4.08 	 3.26   	 2.06  	1
 4.08 	 3.40 	 2.00 	2
 4.08 	 3.40 	 1.93 	2
 4.08 	 3.42 	 1.90 	1
 4.08 	 3.42 	 1.89 	1
 4.08 	 3.49 	 1.91 	1
 4.08 	 3.49 	 1.89 	0
 4.08 	 3.50 	 1.91 	0
 4.08 	 3.57 	 1.91 	2
 4.08 	 3.58 	 1.92 	0
 4.08 	 3.67 	 1.79 	2
 4.08 	 3.69 	 1.89 	1
 4.08 	 3.85 	 1.83 	1
 4.08 	 3.85 	 1.84 	2
 4.08 	 3.91 	 1.87 	2
 4.08 	 4.00 	 1.81 	1
 4.08 	 4.08  	 1.83  	2
 4.08  	 3.77 	 1.89 	1
 4.08  	 3.81  	 1.89  	0
 4.09 	 3.16 	 2.04 	0
 4.09 	 3.23 	 1.97 	0
 4.09 	 3.29  	 1.97 	2
 4.09 	 3.34 	 2.02 	2
 4.09 	 3.38 	 1.97 	1
 4.09 	 3.42 	 2.00	1
 4.09 	 3.55 	 1.95 	0
 4.09 	 3.61 	 1.86 	2
 4.09 	 3.75 	 1.86 	1
 4.09 	 3.76 	 1.89 	2
 4.09 	 3.76 	 1.84 	2
 4.09 	 3.78 	 1.90 	1
 4.09 	 3.84  	 1.86 	2
 4.09 	 3.90 	 1.87 	1
 4.09 	 4.10 	 1.83 	1
 4.09  	 4.14 	 1.79  	0
 4.10 	 2.96 	 2.09  	2
 4.10 	 3.23 	 2.08 	2
 4.10 	 3.39 	 2.01 	0
 4.10 	 3.45 	 1.96 	2
 4.10 	 3.45 	 1.93 	2
 4.10 	 3.50 	 1.92 	0
 4.10 	 3.55 	 1.89 	1
 4.10 	 3.78 	 1.84 	2
 4.10 	 3.81 	 1.87 	1
 4.10 	 3.98 	 1.85 	2
 4.10 	 4.17 	 1.74 	1
 4.11	 3.64 	 1.86 	2
 4.11	 4.13 	 1.79 	2
 4.11 	 3.30  	 1.97 	0
 4.11 	 3.43 	 1.93 	1
 4.11 	 3.45 	 1.97 	2
 4.11 	 3.46 	 1.88 	0
 4.11 	 3.47 	 1.98 	0
 4.11 	 3.49 	 1.94 	2
 4.11 	 3.55 	 1.91 	2
 4.11 	 3.56 	 1.94 	0
 4.11 	 3.62 	 1.90 	0
 4.11 	 3.62 	 1.89 	2
 4.11 	 3.67 	 1.89 	1
 4.11 	 3.67 	 1.86 	2
 4.11 	 3.75 	 1.83 	2
 4.11 	 3.78 	 1.85 	2
 4.11 	 3.78 	 1.84 	2
 4.12 	 3.26 	 1.98 	2
 4.12 	 3.35 	 1.93 	1
 4.12 	 3.46 	 1.94 	0
 4.12 	 3.47 	 1.99 	2
 4.12 	 3.55 	 1.80 	0
 4.12 	 3.62  	 1.90 	2
 4.12 	 3.67 	 1.80 	1
 4.12 	 3.72 	 1.86 	0
 4.12 	 3.79 	 1.76 	2
 4.12 	 3.83 	 1.85 	2
 4.12 	 3.84 	 1.80 	2
 4.12 	 4.06 	 1.73 	2
 4.12  	 3.66 	 1.93   	1
 4.12  	 3.72 	 1.87 	0
 4.12  	 3.84 	 1.88 	0
 4.12  	 4.25  	 1.76  	2
 4.13 	 3.23 	 1.95 	0
 4.13 	 3.27 	 2.05 	1
 4.13 	 3.28 	 1.98  	2
 4.13 	 3.40 	 1.97 	2
 4.13 	 3.53 	 1.91 	0
 4.13 	 3.53 	 1.91 	0
 4.13 	 3.57 	 1.88 	2
 4.13 	 3.59 	 1.90 	2
 4.13 	 3.60 	 1.92 	0
 4.13 	 3.68 	 1.83 	1
 4.13 	 3.69 	 1.87 	0
 4.13 	 3.79 	 1.77 	2
 4.13 	 3.84 	 1.83 	2
 4.13 	 3.86 	 1.81 	2
 4.13 	 3.88 	 1.87 	2
 4.13 	 3.88 	 1.82 	1
 4.13 	 3.88 	 1.75 	0
 4.13 	 4.01 	 1.71 	2
 4.13 	 4.03 	 1.80 	0
 4.13 	 4.11 	 1.80 	2
 4.13 	 4.26 	 1.76 	2
 4.13  	 3.94 	 1.82 	2
 4.14 	 3.05 	 2.01 	2
 4.14 	 3.13 	 2.07 	2
 4.14 	 3.35 	 2.02 	0
 4.14 	 3.40 	 1.93 	2
 4.14 	 3.55 	 1.91 	2
 4.14 	 3.56 	 1.89 	1
 4.14 	 3.57 	 1.88 	2
 4.14 	 3.59 	 1.91 	0
 4.14 	 3.60 	 1.91 	2
 4.14 	 3.63 	 1.92 	0
 4.14 	 3.64 	 1.84 	1
 4.14 	 3.74 	 1.82 	2
 4.14 	 3.81 	 1.82 	2
 4.14 	 3.81 	 1.81 	2
 4.14 	 3.82 	 1.86 	1
 4.14 	 4.09 	 1.74 	1
 4.14 	 4.17 	 1.75 	2
 4.14 	 4.25 	 1.72 	2
 4.14 	 4.34 	 1.70 	2
 4.14   	 3.64 	 1.83 	0
 4.15 	 3.12 	 2.10 	1
 4.15 	 3.31 	 2.03 	0
 4.15 	 3.36 	 2.00 	2
 4.15 	 3.56 	 1.91 	2
 4.15 	 3.56 	 1.87 	2
 4.15 	 3.61 	 1.87 	0
 4.15 	 3.73  	 1.91  	2
 4.15 	 3.74 	 1.81 	2
 4.15 	 3.75 	 1.88 	2
 4.15 	 3.76 	 1.84 	0
 4.15 	 3.76 	 1.78 	1
 4.15 	 3.84 	 1.87 	2
 4.15 	 3.86 	 1.83  	0
 4.15 	 3.98 	 1.80 	1
 4.15 	 4.03 	 1.71 	2
 4.15 	 4.12 	 1.78 	2
 4.15  	 3.88  	 1.88   	2
 4.15  	 3.92  	 1.80  	2
 4.16 	 3.32 	 1.99 	2
 4.16 	 3.44 	 1.94 	0
 4.16 	 3.57 	 1.93 	2
 4.16 	 3.65 	 1.87 	2
 4.16 	 3.71 	 1.87 	0
 4.16 	 3.73 	 1.87 	1
 4.16 	 3.75 	 1.86 	0
 4.16 	 3.78 	 1.88 	2
 4.16 	 3.80 	 1.80 	2
 4.16 	 3.96 	 1.79 	2
 4.16 	 4.00 	 1.81 	0
 4.16 	 4.07 	 1.76 	2
 4.16 	 4.13  	 1.80  	2
 4.16 	 4.17 	 1.76 	2
 4.17 	 3.23 	 2.06 	1
 4.17 	 3.24 	 1.96 	2
 4.17 	 3.35 	 1.96 	2
 4.17 	 3.41 	 1.96 	2
 4.17 	 3.42 	 1.90 	2
 4.17 	 3.44 	 1.95 	2
 4.17 	 3.52 	 1.96  	2
 4.17 	 3.58 	 1.91 	2
 4.17 	 3.59 	 1.87  	1
 4.17 	 3.63 	 1.86 	2
 4.17 	 3.65 	 1.91 	2
 4.17 	 3.71 	 1.85 	1
 4.17 	 3.72 	 1.89  	2
 4.17 	 3.77 	 1.85 	2
 4.17 	 3.81 	 1.80 	0
 4.17 	 3.85 	 1.80 	0
 4.17 	 4.15 	 1.79 	1
 4.17 	 4.30 	 1.71 	2
 4.17  	 3.76 	 1.88 	1
 4.17  	 4.23  	 1.76  	2
 4.18 	 3.07 	 2.04 	1
 4.18 	 3.20 	 2.07 	2
 4.18 	 3.24 	 2.03 	2
 4.18 	 3.43 	 1.91 	2
 4.18 	 3.44 	 1.93 	0
 4.18 	 3.46 	 1.96 	1
 4.18 	 3.58 	 1.87 	1
 4.18 	 3.62 	 1.91  	1
 4.18 	 3.63 	 1.86 	2
 4.18 	 3.66 	 1.79 	2
 4.18 	 3.68 	 1.86 	0
 4.18 	 3.77 	 1.75 	0
 4.18 	 3.85 	 1.72 	1
 4.18 	 3.86 	 1.85 	0
 4.18 	 3.98 	 1.83 	1
 4.18 	 4.12 	 1.73 	2
 4.18 	 4.24 	 1.72 	2
 4.18 	 4.42 	 1.74 	2
 4.18 	 4.55 	 1.73  	2
 4.18  	 3.68 	 1.87 	2
 4.19 	 3.27 	 1.96 	0
 4.19 	 3.42 	 1.97  	0
 4.19 	 3.46 	 1.91 	2
 4.19 	 3.50 	 1.92 	2
 4.19 	 3.56 	 1.90 	0
 4.19 	 3.59 	 1.93 	1
 4.19 	 3.67 	 1.83 	2
 4.19 	 3.68 	 1.87 	2
 4.19 	 3.69 	 1.85 	2
 4.19 	 3.76  	 1.84 	1
 4.19 	 3.80  	 1.86 	1
 4.19 	 3.84 	 1.84 	2
 4.19 	 4.23 	 1.77 	2
 4.19 	 4.24 	 1.74 	2
 4.19 	 4.49 	 1.73  	0
 4.19  	 3.51 	 1.94  	2
 4.20 	 3.04 	 2.06   	2
 4.20 	 3.30 	 1.90 	0
 4.20 	 3.33  	 2.00 	2
 4.20 	 3.48 	 1.95 	2
 4.20 	 3.50 	 1.85 	2
 4.20 	 3.53 	 1.93 	2
 4.20 	 3.53 	 1.90 	0
 4.20 	 3.59 	 1.92 	1
 4.20 	 3.68 	 1.89 	1
 4.20 	 3.74 	 1.85 	2
 4.20 	 3.89 	 1.78 	0
 4.20 	 4.09 	 1.78 	2
 4.20 	 4.22 	 1.72 	2
 4.20  	 3.56 	 1.89 	2
 4.20  	 3.71 	 1.87  	2
 4.20  	 3.87  	 1.82  	2
 4.21 	 3.35 	 1.97 	1
 4.21 	 3.45 	 1.87 	2
 4.21 	 3.46  	 1.97 	1
 4.21 	 3.49 	 1.91 	2
 4.21 	 3.50 	 1.94 	0
 4.21 	 3.53 	 1.85 	0
 4.21 	 3.58 	 1.80 	1
 4.21 	 3.65 	 1.76 	2
 4.21 	 3.68 	 1.90 	2
 4.21 	 3.71 	 1.85 	2
 4.21 	 3.73 	 1.71 	1
 4.21 	 3.73 	 1.73 	2
 4.21 	 3.78 	 1.88 	2
 4.21 	 3.79 	 1.82 	2
 4.21 	 3.82 	 1.72 	0
 4.22 	 3.22 	 1.98 	0
 4.22 	 3.42 	 1.90 	1
 4.22 	 3.49 	 1.84 	2
 4.22 	 3.61 	 1.88 	0
 4.22 	 3.64 	 1.77 	2
 4.22 	 3.77 	 1.86 	1
 4.22 	 3.80 	 1.80 	1
 4.22 	 3.80  	 1.86 	2
 4.22 	 3.96 	 1.72 	2
 4.22 	 4.04  	 1.80  	1
 4.22 	 4.08 	 1.77 	1
 4.22 	 4.26 	 1.78 	1
 4.22  	 3.61  	 1.92 	2
 4.22  	 4.15  	 1.76  	2
 4.22  	 4.30  	 1.74  	0
 4.22  	 4.85  	 1.66  	1
 4.23 	 3.37 	 1.98 	2
 4.23 	 3.40 	 1.93 	0
 4.23 	 3.45 	 1.91 	1
 4.23 	 3.51 	 1.88 	1
 4.23 	 3.53 	 1.87 	1
 4.23 	 3.57 	 1.92 	1
 4.23 	 3.57 	 1.91 	2
 4.23 	 3.59 	 1.93 	2
 4.23 	 3.59 	 1.92 	2
 4.23 	 3.60  	 1.88  	0
 4.23 	 3.73 	 1.81 	1
 4.23 	 3.76 	 1.87 	2
 4.23 	 3.81 	 1.83 	2
 4.23 	 3.98 	 1.74 	2
 4.23 	 4.02 	 1.75 	2
 4.23  	 3.71 	 1.78 	1
 4.23  	 3.80 	 1.86 	2
 4.23  	 3.82  	 1.85  	1
 4.23  	 4.04  	 1.77  	2
 4.24 	 3.25 	 2.04 	0
 4.24 	 3.31 	 2.01 	2
 4.24 	 3.39 	 1.93 	1
 4.24 	 3.45 	 1.88 	1
 4.24 	 3.50  	 1.91 	2
 4.24 	 3.51 	 1.90 	1
 4.24 	 3.60 	 1.86 	2
 4.24 	 3.60 	 1.84 	1
 4.24 	 3.68 	 1.88 	0
 4.24 	 3.77 	 1.79 	1
 4.24 	 3.78  	 1.74 	1
 4.24 	 3.79 	 1.72 	2
 4.24 	 3.85 	 1.80 	2
 4.24 	 3.86 	 1.79 	0
 4.24 	 3.88 	 1.78 	2
 4.24 	 4.26 	 1.75 	2
 4.24  	 3.79   	 1.83  	2
 4.24  	 3.95  	 1.79  	2
 4.25 	 3.38 	 1.91 	2
 4.25 	 3.48 	 1.81 	2
 4.25 	 3.49 	 1.86 	0
 4.25 	 3.53 	 1.90 	2
 4.25 	 3.61 	 1.80 	2
 4.25 	 3.63 	 1.87 	2
 4.25 	 3.72 	 1.80 	2
 4.25 	 3.85  	 1.78  	1
 4.25 	 3.89 	 1.80 	1
 4.25 	 3.97 	 1.79 	2
 4.25 	 4.40 	 1.74  	2
 4.25  	 3.69 	 1.85 	2
 4.26 	 3.04 	 2.13 	2
 4.26 	 3.46 	 1.95 	2
 4.26 	 3.52 	 1.92 	2
 4.26 	 3.55  	 1.86 	2
 4.26 	 3.62 	 1.89 	0
 4.26 	 3.71 	 1.78 	0
 4.26 	 3.75 	 1.77 	1
 4.26 	 3.76 	 1.88 	1
 4.26 	 3.80 	 1.79 	1
 4.26 	 3.93 	 1.83 	2
 4.26 	 3.94 	 1.80 	0
 4.26 	 4.01 	 1.69 	2
 4.26 	 4.25 	 1.74 	0
 4.26  	 3.55 	 1.92 	0
 4.26  	 3.60  	 1.90  	1
 4.26  	 4.30  	 1.73  	2
 4.27 	 3.05 	 2.03 	2
 4.27 	 3.12 	 2.00 	2
 4.27 	 3.23  	 2.03 	2
 4.27 	 3.29 	 1.93 	2
 4.27 	 3.49 	 1.91 	0
 4.27 	 3.55 	 1.90 	0
 4.27 	 3.59 	 1.84 	0
 4.27 	 3.74 	 1.86 	1
 4.27 	 3.74 	 1.82 	1
 4.27 	 3.88 	 1.77 	2
 4.27 	 3.92 	 1.82 	2
 4.27 	 3.99 	 1.81 	2
 4.27 	 4.01 	 1.78 	0
 4.27 	 4.15 	 1.69 	1
 4.27  	 3.20 	 2.05 	0
 4.27  	 3.46 	 1.90 	1
 4.27  	 4.19 	 1.74 	2
 4.28 	 3.18 	 2.06 	2
 4.28 	 3.37 	 1.94 	1
 4.28 	 3.51 	 1.87 	2
 4.28 	 3.71 	 1.83 	2
 4.28 	 4.21 	 1.75 	2
 4.28  	 3.76 	 1.87 	2
 4.28  	 3.94  	 1.81   	2
 4.29 	 3.35 	 1.98 	2
 4.29 	 3.38 	 1.91 	2
 4.29 	 3.50 	 1.93 	2
 4.29 	 3.65 	 1.78 	2
 4.29 	 3.69 	 1.76 	2
 4.29 	 3.70 	 1.87 	2
 4.29 	 3.78 	 1.76 	2
 4.29 	 3.80 	 1.82 	0
 4.29 	 3.83 	 1.81 	2
 4.29 	 3.88 	 1.80 	2
 4.29 	 3.90 	 1.68 	2
 4.29 	 4.01 	 1.80 	2
 4.29 	 4.05 	 1.78 	0
 4.29 	 4.17 	 1.75 	2
 4.29 	 4.31 	 1.66 	2
 4.30 	 3.24 	 2.02 	0
 4.30 	 3.38 	 1.91 	2
 4.30 	 3.39 	 1.88 	0
 4.30 	 3.41 	 1.95  	2
 4.30 	 3.64 	 1.87 	0
 4.30 	 3.84 	 1.72 	2
 4.30 	 3.99 	 1.78  	2
 4.30 	 3.99 	 1.67 	1
 4.30 	 4.08 	 1.78 	2
 4.30 	 4.19 	 1.74 	2
 4.30 	 4.23 	 1.76 	0
 4.30 	 4.24 	 1.76 	0
 4.31 	 3.17 	 2.00 	0
 4.31 	 3.17 	 2.00	0
 4.31 	 3.19 	 1.93 	0
 4.31 	 3.22 	 1.94 	2
 4.31 	 3.22 	 1.94 	0
 4.31 	 3.24 	 1.96 	2
 4.31 	 3.50 	 1.83 	2
 4.31 	 3.59 	 1.84 	2
 4.31 	 3.59 	 1.84 	2
 4.31 	 3.59 	 1.81 	2
 4.31 	 3.67 	 1.85 	2
 4.31 	 3.79 	 1.81 	0
 4.31 	 3.82 	 1.75 	2
 4.31 	 4.05 	 1.78 	0
 4.31 	 4.17 	 1.70 	2
 4.31  	 3.92 	 1.79  	2
 4.31  	 4.31 	 1.74 	0
 4.31  	 4.38 	 1.73  	2
 4.32 	 3.13 	 1.99 	2
 4.32 	 3.35 	 1.96 	2
 4.32 	 3.36 	 1.92 	0
 4.32 	 3.40 	 1.90 	0
 4.32 	 3.43 	 1.88 	2
 4.32 	 3.53 	 1.92 	2
 4.32 	 3.55  	 1.88 	2
 4.32 	 3.58 	 1.87 	1
 4.32 	 3.65 	 1.86 	0
 4.32 	 3.72 	 1.84 	0
 4.32 	 3.73 	 1.81 	1
 4.32 	 3.77 	 1.78 	2
 4.32 	 3.87 	 1.76 	1
 4.32 	 3.87 	 1.78 	2
 4.32 	 3.94 	 1.75 	0
 4.32 	 3.99 	 1.78 	0
 4.32 	 4.05 	 1.78 	2
 4.32  	 3.36 	 1.93  	2
 4.32  	 4.14  	 1.75  	2
 4.33 	 3.41 	 1.95 	2
 4.33 	 3.52 	 1.88 	2
 4.33 	 3.64 	 1.83 	2
 4.33 	 3.79 	 1.83 	1
 4.33 	 3.85 	 1.83 	2
 4.33 	 3.86 	 1.77 	1
 4.33 	 4.08 	 1.66 	0
 4.33 	 4.10 	 1.74 	2
 4.34 	 3.20 	 2.03 	1
 4.34 	 3.46 	 1.88 	1
 4.34 	 3.79 	 1.84 	2
 4.34 	 3.93 	 1.81 	2
 4.34 	 3.99 	 1.81 	2
 4.34 	 3.99 	 1.74 	2
 4.34 	 4.07 	 1.74 	1
 4.34 	 4.08 	 1.77 	1
 4.34 	 4.12 	 1.72 	2
 4.35 	 3.39 	 1.93 	2
 4.35 	 3.44 	 1.94 	0
 4.35 	 3.44 	 1.90 	2
 4.35 	 3.44 	 1.81 	1
 4.35 	 3.49 	 1.90 	2
 4.35 	 3.55 	 1.82 	2
 4.35 	 3.61 	 1.82 	0
 4.35 	 3.73 	 1.85 	2
 4.35 	 3.75 	 1.76 	1
 4.35 	 3.86 	 1.81 	0
 4.35 	 3.90 	 1.72 	0
 4.35 	 3.92 	 1.80 	2
 4.35 	 3.97 	 1.78  	2
 4.35 	 4.00	 1.66 	2
 4.35 	 4.13 	 1.76 	0
 4.35 	 4.17 	 1.63 	2
 4.35  	 3.80 	 1.83 	0
 4.36 	 3.15 	 2.04 	1
 4.36 	 3.38 	 1.83  	2
 4.36 	 3.48 	 1.92 	0
 4.36 	 3.48 	 1.89 	2
 4.36 	 3.50 	 1.86 	2
 4.36 	 3.59 	 1.82 	2
 4.36 	 3.60 	 1.87 	2
 4.36 	 3.64 	 1.88 	0
 4.36 	 3.65 	 1.88 	2
 4.36 	 3.66 	 1.81 	0
 4.36 	 3.68 	 1.83 	1
 4.36 	 3.70 	 1.83 	2
 4.36 	 3.70 	 1.77 	2
 4.36 	 3.75  	 1.81 	0
 4.36 	 3.76 	 1.80 	1
 4.36 	 3.78 	 1.82 	2
 4.36 	 3.80 	 1.77 	2
 4.36 	 3.87 	 1.81 	2
 4.36 	 4.01 	 1.79 	1
 4.36 	 4.01 	 1.77 	0
 4.36 	 4.26 	 1.75 	2
 4.36  	 3.85 	 1.82  	1
 4.36  	 4.09  	 1.75  	2
 4.36  	 4.10 	 1.77 	1
 4.36   	 3.86 	 1.80  	1
 4.37 	 3.37 	 1.90 	2
 4.37 	 3.47 	 1.86 	2
 4.37 	 3.49 	 1.91 	2
 4.37 	 3.54 	 1.85 	2
 4.37 	 3.56 	 1.82 	0
 4.37 	 3.59 	 1.90 	2
 4.37 	 3.75 	 1.83 	1
 4.37 	 3.75 	 1.79 	1
 4.37 	 3.89 	 1.75 	1
 4.37 	 4.13 	 1.75 	1
 4.37 	 4.16 	 1.72 	1
 4.38 	 3.24 	 1.81 	2
 4.38 	 3.42 	 1.95 	2
 4.38 	 3.49 	 1.92 	2
 4.38 	 3.49 	 1.89 	2
 4.38 	 3.63 	 1.83 	2
 4.38 	 3.67 	 1.83 	0
 4.38 	 3.67 	 1.81 	2
 4.38 	 3.67 	 1.81 	1
 4.38 	 3.70 	 1.76  	1
 4.38 	 3.82 	 1.79  	2
 4.38 	 3.82 	 1.79 	2
 4.38 	 3.85 	 1.82 	2
 4.38 	 3.86 	 1.80 	2
 4.38 	 3.92 	 1.68 	1
 4.38 	 3.99 	 1.76 	2
 4.38 	 4.01 	 1.79 	2
 4.38 	 4.01 	 1.66 	1
 4.38 	 4.12 	 1.72 	2
 4.39 	 3.29 	 1.92 	2
 4.39 	 3.38 	 1.90 	2
 4.39 	 3.48 	 1.93 	0
 4.39 	 3.51 	 1.83 	0
 4.39 	 3.52 	 1.90 	2
 4.39 	 3.55 	 1.75 	2
 4.39 	 3.60 	 1.89 	2
 4.39 	 3.68 	 1.85 	0
 4.39 	 3.74 	 1.79 	2
 4.39 	 3.78 	 1.83 	2
 4.39 	 3.79 	 1.78 	0
 4.39 	 3.84 	 1.77 	2
 4.39 	 3.95  	 1.80 	2
 4.39  	 3.29 	 1.97 	2
 4.39  	 3.78 	 1.76 	0
 4.39  	 3.82 	 1.81 	2
 4.39  	 4.24  	 1.72  	2
 4.40 	 3.24 	 1.90 	0
 4.40 	 3.43 	 1.84 	0
 4.40 	 3.65 	 1.79 	1
 4.40 	 3.73 	 1.81 	1
 4.40 	 3.76 	 1.84 	1
 4.40 	 3.80 	 1.82 	0
 4.40 	 3.85 	 1.82 	0
 4.40 	 4.06 	 1.64 	2
 4.40  	 4.37 	 1.71 	0
 4.41 	 3.21 	 1.90 	0
 4.41 	 3.46 	 1.85 	2
 4.41 	 3.57 	 1.83 	2
 4.41 	 3.61 	 1.87 	2
 4.41 	 3.61 	 1.82 	2
 4.41 	 3.66 	 1.82 	2
 4.41 	 3.77 	 1.81 	1
 4.41 	 3.77 	 1.76 	2
 4.41 	 3.78 	 1.83 	2
 4.41 	 3.89 	 1.77 	2
 4.41 	 3.95 	 1.74 	2
 4.41 	 4.08 	 1.62 	2
 4.41 	 4.38  	 1.72 	2
 4.42 	 2.93 	 2.12 	2
 4.42 	 3.10 	 2.05 	2
 4.42 	 3.28 	 1.89 	0
 4.42 	 3.34 	 1.86 	0
 4.42 	 3.51 	 1.84 	0
 4.42 	 3.58 	 1.87 	0
 4.42 	 3.61 	 1.87 	2
 4.42 	 3.75 	 1.76 	2
 4.42 	 3.92 	 1.78 	2
 4.42 	 3.98 	 1.77 	2
 4.42 	 4.21 	 1.70 	2
 4.42  	 3.86 	 1.79 	2
 4.43 	 3.38 	 1.94 	0
 4.43 	 3.38 	 1.87  	1
 4.43 	 3.40  	 1.87 	2
 4.43 	 3.42 	 1.91 	1
 4.43 	 3.54 	 1.89 	1
 4.43 	 3.55 	 1.86  	2
 4.43 	 3.61  	 1.74 	2
 4.43 	 3.63 	 1.84 	2
 4.43 	 3.89 	 1.74 	2
 4.43 	 4.17  	 1.72  	2
 4.43 	 4.24 	 1.69 	1
 4.43  	 3.75 	 1.81 	1
 4.44 	 3.40 	 1.93 	0
 4.44 	 3.52 	 1.75 	1
 4.44 	 3.55 	 1.85 	1
 4.44 	 3.57 	 1.88 	0
 4.44 	 3.60 	 1.81 	1
 4.44 	 3.64 	 1.80 	0
 4.44 	 3.67 	 1.84 	0
 4.44 	 3.74 	 1.85 	0
 4.44 	 3.81 	 1.76 	1
 4.44 	 3.85 	 1.81 	2
 4.44 	 3.85 	 1.79 	1
 4.44 	 4.11 	 1.74 	2
 4.44 	 4.12  	 1.75 	1
 4.44 	 4.15 	 1.73 	0
 4.45 	 3.34 	 1.96 	0
 4.45 	 3.36 	 1.88 	2
 4.45 	 3.40 	 1.88 	2
 4.45 	 3.46 	 1.87 	2
 4.45 	 3.50 	 1.87 	0
 4.45 	 3.53 	 1.81 	2
 4.45 	 3.60 	 1.87 	2
 4.45 	 3.74 	 1.83 	1
 4.45 	 3.75 	 1.82 	0
 4.45 	 3.85 	 1.80 	1
 4.45 	 3.88 	 1.77 	2
 4.45 	 3.97 	 1.79 	0
 4.45 	 4.10 	 1.70 	0
 4.45 	 4.15 	 1.77 	2
 4.45 	 4.32 	 1.71 	2
 4.45 	 4.59 	 1.65 	0
 4.46 	 3.69 	 1.84 	1
 4.46 	 3.76 	 1.83 	2
 4.46 	 3.77 	 1.79 	2
 4.46 	 3.77 	 1.80 	2
 4.46 	 3.79 	 1.71 	2
 4.46 	 3.87 	 1.70 	2
 4.46 	 3.90 	 1.78 	2
 4.46 	 3.92 	 1.76 	2
 4.46 	 3.92 	 1.73 	2
 4.46 	 3.96 	 1.74 	2
 4.46 	 4.01 	 1.65 	1
 4.46 	 4.02 	 1.61 	2
 4.46 	 4.06 	 1.64 	0
 4.46 	 4.09 	 1.71 	2
 4.46 	 4.21 	 1.72 	2
 4.46 	 4.29 	 1.71 	2
 4.46  	  4.43  	 1.67  	1
 4.46  	 4.13 	 1.74  	1
 4.46  	 4.16 	 1.72 	2
 4.46   	 4.01  	 1.76  	2
 4.47 	 3.44 	 1.83 	2
 4.47 	 3.61 	 1.83 	2
 4.47 	 3.62 	 1.83 	2
 4.47 	 3.63 	 1.77 	0
 4.47 	 3.72 	 1.71 	2
 4.47 	 3.77 	 1.82 	1
 4.47 	 3.81 	 1.82 	2
 4.47 	 3.82 	 1.73 	2
 4.47 	 3.86 	 1.80 	0
 4.47 	 3.90 	 1.76  	2
 4.47 	 4.01 	 1.73 	1
 4.47 	 4.09 	 1.71 	2
 4.47 	 4.10 	 1.76 	2
 4.47 	 4.11 	 1.75 	0
 4.47 	 4.15 	 1.68 	2
 4.47 	 4.31 	 1.73 	2
 4.47  	 3.37 	 1.89 	2
 4.47  	 3.75 	 1.84 	2
 4.48 	 3.39 	 1.93 	2
 4.48 	 3.39 	 1.85 	2
 4.48 	 3.43 	 1.77 	2
 4.48 	 3.50 	 1.83 	0
 4.48 	 3.57 	 1.88 	2
 4.48 	 3.63 	 1.79 	2
 4.48 	 3.67 	 1.85 	0
 4.48 	 3.70 	 1.80 	1
 4.48 	 3.87 	 1.79 	2
 4.48 	 3.90 	 1.69 	2
 4.48 	 3.92 	 1.76 	1
 4.48 	 4.26 	 1.73 	0
 4.49 	 3.19 	 1.92 	2
 4.49 	 3.46 	 1.80 	2
 4.49 	 3.49 	 1.78 	2
 4.49 	 3.52 	 1.83 	0
 4.49 	 3.56 	 1.84 	2
 4.49 	 3.60 	 1.84 	2
 4.49 	 3.69 	 1.71 	2
 4.49 	 3.72 	 1.80 	1
 4.49 	 3.81 	 1.75 	2
 4.49 	 3.90 	 1.74 	2
 4.49 	 3.98 	 1.74 	2
 4.49  	 3.63 	 1.84  	2
 4.50 	 3.25 	 1.99 	2
 4.50 	 3.44 	 1.88 	2
 4.50 	 3.45 	 1.82 	1
 4.50 	 3.47 	 1.80 	1
 4.50 	 3.53 	 1.82 	2
 4.50 	 3.54 	 1.89 	2
 4.50 	 3.63 	 1.81 	2
 4.50 	 3.66 	 1.81 	0
 4.50 	 3.79 	 1.81 	2
 4.50 	 3.84 	 1.79  	0
 4.50 	 3.96 	 1.73 	1
 4.50 	 4.11 	 1.74 	0
 4.50 	 4.30 	 1.69 	2
 4.50 	 4.31 	 1.67 	0
 4.50  	 3.92  	 1.76  	1
 4.50  	 4.54  	 1.66 	2
 4.51 	 3.57 	 1.83 	2
 4.51 	 3.73 	 1.69 	0
 4.51 	 3.73 	 1.78 	2
 4.51 	 3.75 	 1.73 	1
 4.51 	 3.77 	 1.79 	0
 4.51 	 3.83 	 1.81 	2
 4.51 	 3.84 	 1.77 	2
 4.51 	 3.97 	 1.75 	0
 4.51 	 4.09 	 1.70 	2
 4.51 	 4.13 	 1.74 	0
 4.51 	 4.14 	 1.74 	2
 4.51 	 4.19 	 1.70 	0
 4.51 	 4.70 	 1.62 	2
 4.52 	 3.31 	 1.95 	0
 4.52 	 3.52 	 1.81 	1
 4.52 	 3.74 	 1.76 	1
 4.52 	 3.82 	 1.77 	2
 4.52  	 4.14  	 1.71  	0
 4.53 	 3.54  	 1.88 	1
 4.53 	 3.57 	 1.84 	0
 4.53 	 3.71 	 1.77 	1
 4.53 	 3.79 	 1.75 	0
 4.53 	 3.81 	 1.75 	2
 4.53 	 3.82 	 1.78 	2
 4.53 	 3.90 	 1.77 	0
 4.53 	 3.93 	 1.73 	0
 4.53 	 3.93 	 1.77 	2
 4.53 	 3.97 	 1.75 	2
 4.53 	 3.97 	 1.70 	2
 4.53 	 4.05 	 1.70 	0
 4.53 	 4.11 	 1.71 	1
 4.53 	 4.17 	 1.69 	1
 4.53 	 4.20  	 1.65 	2
 4.53  	 3.86 	 1.75 	0
 4.53  	 3.91 	 1.74 	2
 4.54 	 3.63 	 1.76 	0
 4.54 	 3.64 	 1.81 	2
 4.54 	 3.65 	 1.85 	0
 4.54 	 3.74 	 1.76 	1
 4.54 	 3.98 	 1.72 	2
 4.54 	 4.02 	 1.69 	0
 4.54 	 4.10 	 1.73 	2
 4.54 	 4.37 	 1.66 	2
 4.54  	 3.88 	 1.78  	2
 4.55 	 3.52 	 1.81 	2
 4.55 	 3.56 	 1.79 	2
 4.55 	 3.56 	 1.81 	2
 4.55 	 3.70 	 1.78 	2
 4.55 	 3.80 	 1.79 	0
 4.55 	 3.93 	 1.71 	2
 4.55 	 4.03 	 1.73 	1
 4.55 	 4.06 	 1.71 	2
 4.55 	 4.32 	 1.64 	0
 4.55 	 4.35  	 1.71 	1
 4.55 	 4.41  	 1.69  	0
 4.56 	 3.41 	 1.87 	2
 4.56 	 3.53 	 1.83 	2
 4.56 	 3.57 	 1.86 	2
 4.56 	 3.76 	 1.78 	1
 4.56 	 3.76 	 1.75 	2
 4.56 	 4.03 	 1.64 	0
 4.56 	 4.09 	 1.65 	1
 4.56 	 4.16 	 1.74 	2
 4.56 	 4.17 	 1.73 	2
 4.56 	 4.31 	 1.59 	0
 4.56  	 4.33  	 1.68  	1
 4.57 	 3.42 	 1.90  	2
 4.57 	 3.50 	 1.81 	2
 4.57 	 3.54 	 1.87 	0
 4.57 	 3.55 	 1.78 	2
 4.57 	 3.66 	 1.84 	0
 4.57 	 3.75 	 1.73 	2
 4.57 	 3.78 	 1.79 	0
 4.57 	 3.80 	 1.77 	2
 4.57 	 3.85 	 1.72 	2
 4.57 	 3.96 	 1.69 	1
 4.57 	 4.00 	 1.69 	2
 4.57 	 4.08 	 1.72 	2
 4.57 	 4.14 	 1.67 	0
 4.57 	 4.23 	 1.67 	2
 4.57  	 3.98 	 1.72 	2
 4.57  	 4.34  	 1.71  	1
 4.57  	 4.41  	 1.69  	2
 4.58 	 3.45 	 1.88 	2
 4.58 	 3.53 	 1.88 	2
 4.58 	 3.58 	 1.82 	2
 4.58 	 3.59  	 2.05 	2
 4.58 	 3.63 	 1.79 	2
 4.58 	 3.77 	 1.75 	2
 4.58 	 3.82 	 1.78 	0
 4.58 	 3.89 	 1.75 	2
 4.58 	 3.94 	 1.71 	1
 4.58 	 3.96 	 1.77 	2
 4.58 	 3.97 	 1.77 	1
 4.58 	 3.97 	 1.77 	2
 4.58 	 4.06 	 1.75  	2
 4.58 	 4.10 	 1.74 	2
 4.58 	 4.10 	 1.72 	2
 4.58  	 3.58 	 1.79 	0
 4.58  	 4.05  	 1.74  	0
 4.58  	 4.14 	 1.74 	0
 4.59 	 3.57 	 1.86  	1
 4.59 	 3.63 	 1.81 	0
 4.59 	 3.64 	 1.80 	2
 4.59 	 3.74 	 1.76 	1
 4.59 	 3.75 	 1.75 	2
 4.59 	 3.76 	 1.80 	2
 4.59 	 3.76 	 1.80 	1
 4.59 	 3.80 	 1.75  	2
 4.59 	 3.97 	 1.63 	2
 4.59 	 4.05 	 1.71 	0
 4.59 	 4.18 	 1.63 	1
 4.60 	 3.39 	 1.82 	0
 4.60 	 3.41 	 1.85  	1
 4.60 	 3.58 	 1.81 	2
 4.60 	 3.62 	 1.83 	2
 4.60 	 3.64 	 1.78 	0
 4.60 	 3.72 	 1.80 	2
 4.60 	 3.90 	 1.65 	2
 4.60 	 3.94 	 1.76 	2
 4.60 	 3.95 	 1.76 	0
 4.60 	 4.06 	 1.68 	1
 4.60 	 4.47 	 1.67 	2
 4.61 	 3.46 	 1.85 	1
 4.61 	 3.50 	 1.87 	2
 4.61 	 3.51 	 1.83 	0
 4.61 	 3.52 	 1.80 	2
 4.61 	 3.54 	 1.86 	1
 4.61 	 3.59 	 1.81 	2
 4.61 	 3.69 	 1.77 	0
 4.61 	 3.74 	 1.75 	2
 4.61 	 3.76 	 1.76 	0
 4.61 	 3.78 	 1.75 	2
 4.61 	 3.78 	 1.70 	0
 4.61  	 3.95 	 1.73 	0
 4.61  	 4.06  	 1.72  	2
 4.62 	 3.53 	 1.80 	1
 4.62 	 3.65 	 1.77 	1
 4.62 	 3.93 	 1.76  	2
 4.62 	 4.13 	 1.69 	2
 4.62  	 4.00 	 1.73  	2
 4.63 	 3.56 	 1.81 	2
 4.63 	 3.62 	 1.81 	0
 4.63 	 3.62 	 1.74 	2
 4.63 	 3.65 	 1.76 	1
 4.63 	 3.66 	 1.75 	2
 4.63 	 3.71 	 1.75 	2
 4.63 	 3.80 	 1.69 	2
 4.63 	 3.81 	 1.74 	2
 4.63 	 3.83 	 1.76 	1
 4.63 	 3.84 	 1.67 	2
 4.63 	 3.89 	 1.74 	2
 4.63 	 3.94 	 1.74 	2
 4.63 	 3.96 	 1.75 	2
 4.63 	 4.48 	 1.68 	2
 4.64 	 3.39 	 1.84 	2
 4.64 	 3.49 	 1.87 	2
 4.64 	 3.69 	 1.77 	1
 4.64 	 3.80 	 1.67 	0
 4.64 	 3.97 	 1.65 	0
 4.64 	 4.02 	 1.72 	1
 4.64 	 4.36 	 1.66 	2
 4.64  	 3.99  	 1.73  	2
 4.65 	 3.39 	 1.84 	2
 4.65 	 3.66 	 1.83 	2
 4.65 	 3.80 	 1.81 	2
 4.65 	 3.85 	 1.73 	2
 4.65 	 3.91 	 1.72 	1
 4.65 	 3.99 	 1.71 	2
 4.65  	 4.14 	 1.72 	2
 4.66 	 3.58 	 1.81 	0
 4.66 	 3.67 	 1.77 	2
 4.66 	 3.68 	 1.76 	2
 4.66 	 3.95 	 1.72 	2
 4.66 	 3.96 	 1.70 	2
 4.66 	 4.08   	 1.75 	0
 4.66 	 4.14 	 1.70 	2
 4.67 	 3.15 	 1.91 	2
 4.67 	 3.50 	 1.87 	2
 4.67 	 3.64 	 1.76 	2
 4.67 	 3.68 	 1.73 	0
 4.67 	 3.77 	 1.73 	1
 4.67 	 3.83 	 1.75 	2
 4.67 	 3.87 	 1.74 	0
 4.67 	 3.94 	 1.75 	2
 4.67 	 3.96 	 1.63 	2
 4.67 	 4.13 	 1.69 	1
 4.67 	 4.38 	 1.55 	0
 4.67  	 3.87  	 1.77  	1
 4.68 	 3.35 	 1.91 	2
 4.68 	 3.50 	 1.79 	1
 4.68 	 3.61 	 1.80 	2
 4.68 	 3.63 	 1.82 	1
 4.68 	 3.80 	 1.66 	2
 4.68 	 3.86 	 1.78  	2
 4.68 	 3.98 	 1.71 	2
 4.68 	 4.03 	 1.74 	2
 4.68 	 4.07 	 1.68 	2
 4.68 	 4.07  	 1.74 	2
 4.68 	 4.10 	 1.70 	2
 4.68 	 4.11 	 1.67 	1
 4.69 	 3.71 	 1.78 	1
 4.69 	 3.95 	 1.71 	2
 4.69 	 4.11 	 1.68 	2
 4.69 	 4.17 	 1.65 	2
 4.69 	 4.32 	 1.69 	2
 4.69  	 4.21  	 1.68  	0
 4.69  	 4.63  	 1.64  	2
 4.70 	 3.28 	 1.93 	0
 4.70 	 3.55 	 1.70 	1
 4.70 	 3.55 	 1.74 	2
 4.70 	 3.63 	 1.81 	1
 4.70 	 3.67 	 1.80 	0
 4.70 	 3.71 	 1.76 	1
 4.70 	 3.75 	 1.76 	2
 4.70 	 3.77 	 1.66 	2
 4.70 	 3.82 	 1.75 	0
 4.70 	 3.85 	 1.78 	2
 4.70 	 3.87 	 1.70 	1
 4.70 	 3.94 	 1.65 	2
 4.70 	 4.43 	 1.68 	1
 4.71 	 3.51 	 1.86 	2
 4.71 	 3.62 	 1.83 	0
 4.71 	 3.62  	 1.81 	0
 4.71 	 3.67 	 1.82 	0
 4.71 	 3.67 	 1.79 	1
 4.71 	 3.71 	 1.78 	2
 4.71 	 3.73 	 1.75 	2
 4.71 	 3.75 	 1.74 	2
 4.71 	 4.02 	 1.74 	0
 4.71 	 4.09 	 1.72 	2
 4.71 	 4.12 	 1.69 	2
 4.71 	 4.12 	 1.67 	2
 4.71 	 4.20 	 1.68 	2
 4.71 	 4.21 	 1.66 	0
 4.71 	 4.21  	 1.70 	0
 4.71  	 4.16 	 1.72 	1
 4.71  	 4.19 	 1.71 	2
 4.72 	 3.36 	 1.89 	0
 4.72 	 3.36 	 1.85 	0
 4.72 	 3.59 	 1.75 	0
 4.72 	 3.66 	 1.78 	2
 4.72 	 3.70 	 1.80 	0
 4.72 	 3.74 	 1.79 	2
 4.72 	 3.75 	 1.77 	2
 4.72 	 3.80 	 1.72 	0
 4.72 	 3.90 	 1.75 	2
 4.72 	 3.90 	 1.72 	2
 4.72 	 3.97 	 1.70 	2
 4.72 	 4.00 	 1.74   	1
 4.72 	 4.24 	 1.61 	2
 4.72 	 4.74 	 1.44 	0
 4.72  	 3.60  	 1.82  	2
 4.72  	 3.68   	 1.81 	0
 4.73 	 3.19 	 1.92 	0
 4.73 	 3.64 	 1.80 	2
 4.73 	 3.81 	 1.73 	2
 4.73 	 3.86 	 1.77 	2
 4.73 	 3.97 	 1.72 	2
 4.73 	 4.13 	 1.71 	0
 4.73 	 4.20 	 1.71 	2
 4.73 	 4.27 	 1.67 	2
 4.73  	 4.35  	 1.65  	2
 4.74 	 3.91 	 1.71 	2
 4.74 	 3.93 	 1.76 	2
 4.74 	 3.99 	 1.73 	2
 4.74 	 4.07 	 1.68 	1
 4.74 	 4.10 	 1.65 	2
 4.74 	 4.13 	 1.71 	0
 4.74 	 4.21 	 1.68 	2
 4.75 	 3.64 	 1.70 	2
 4.75 	 3.65 	 1.80 	2
 4.75 	 3.69 	 1.75 	2
 4.75 	 3.90 	 1.63 	2
 4.75 	 3.91 	 1.72 	2
 4.75 	 3.92 	 1.73  	2
 4.75 	 3.93 	 1.73 	0
 4.75 	 4.01 	 1.68 	2
 4.76 	 3.38 	 1.86  	1
 4.76 	 3.41 	 1.88 	0
 4.76 	 3.67 	 1.75 	0
 4.76 	 3.72 	 1.71 	0
 4.76 	 3.75 	 1.75 	0
 4.76 	 3.84 	 1.66 	2
 4.76 	 3.86 	 1.71 	2
 4.76 	 3.92  	 1.75 	1
 4.76  	 3.55 	 1.84  	2
 4.76  	 4.04  	 1.70  	1
 4.77 	 3.69 	 1.80 	1
 4.77 	 3.79 	 1.74 	2
 4.77 	 3.80 	 1.77 	2
 4.77 	 3.82 	 1.76 	2
 4.77 	 3.83 	 1.74  	2
 4.77 	 3.89 	 1.71 	2
 4.77 	 3.94 	 1.71 	0
 4.77 	 3.95 	 1.72 	2
 4.77 	 4.03 	 1.61 	2
 4.77 	 4.08 	 1.66  	0
 4.77 	 4.16 	 1.69 	2
 4.77  	 3.15 	 1.96 	0
 4.78 	 3.46 	 1.81 	2
 4.78 	 3.62 	 1.68 	2
 4.78 	 3.73 	 1.77 	2
 4.78 	 3.86  	 1.70 	2
 4.78 	 4.09 	 1.70  	0
 4.78 	 4.57 	 1.61 	2
 4.78  	 3.02 	 2.00 	0
 4.79 	 3.52 	 1.84 	2
 4.79 	 3.80 	 1.72 	0
 4.79 	 3.97 	 1.68 	2
 4.79 	 4.04 	 1.67 	0
 4.79 	 4.09	 1.70 	0
 4.79 	 4.18 	 1.70 	2
 4.79  	 3.57 	 1.83 	2
 4.79  	 3.95 	 1.72 	0
 4.80 	 3.31 	 1.85 	2
 4.80 	 3.53 	 1.66 	1
 4.80 	 3.71 	 1.78 	2
 4.80 	 3.77 	 1.73 	2
 4.80 	 3.91 	 1.73 	0
 4.80 	 4.08 	 1.69 	0
 4.80 	 4.20 	 1.67 	1
 4.80  	 3.48 	 1.85 	2
 4.81 	 3.39  	 1.87 	2
 4.81 	 3.46 	 1.81 	2
 4.81 	 3.69 	 1.74 	1
 4.81 	 3.77 	 1.75 	1
 4.81 	 3.86 	 1.72 	2
 4.81 	 3.92 	 1.68 	2
 4.81 	 3.95 	 1.65 	2
 4.81 	 3.98 	 1.66 	2
 4.81 	 4.00 	 1.69 	1
 4.81 	 4.01 	 1.71 	2
 4.81 	 4.10 	 1.69 	2
 4.81 	 4.11 	 1.70 	2
 4.81 	 4.23 	 1.57 	2
 4.82 	 3.76 	 1.78  	2
 4.82 	 3.80 	 1.73  	0
 4.82 	 3.80 	 1.72 	0
 4.82 	 3.82 	 1.67 	2
 4.82 	 3.95 	 1.71 	1
 4.83 	 3.35 	 1.86 	0
 4.83 	 3.52 	 1.79 	2
 4.83 	 3.73 	 1.79 	0
 4.83 	 3.83 	 1.76 	1
 4.83  	 4.07 	 1.72 	2
 4.84 	 3.40 	 1.87 	2
 4.84 	 3.51 	 1.84 	2
 4.84 	 3.71 	 1.74 	2
 4.84 	 3.97 	 1.73  	0
 4.84 	 3.98 	 1.67 	0
 4.84 	 3.99 	 1.67 	1
 4.84 	 4.04 	 1.60 	2
 4.84 	 4.22 	 1.69 	1
 4.84 	 4.41 	 1.62 	1
 4.84  	 3.84  	 1.77 	2
 4.85 	 3.65 	 1.76  	2
 4.85 	 3.79 	 1.70 	1
 4.85 	 3.89 	 1.75 	2
 4.85 	 3.93 	 1.74 	2
 4.85 	 3.98 	 1.64 	2
 4.85 	 4.03 	 1.61 	2
 4.85 	 4.16 	 1.65 	2
 4.85 	 4.19  	 1.68  	2
 4.85 	 4.21 	 1.59 	2
 4.85 	 4.23 	 1.56 	2
 4.85 	 4.30 	 1.64 	1
 4.85 	 4.45 	 1.60 	2
 4.85  	 3.93 	 1.69 	2
 4.86 	 3.80 	 1.70 	0
 4.86 	 3.82 	 1.70 	0
 4.86 	 3.99 	 1.71 	2
 4.86 	 4.18 	 1.66 	2
 4.86 	 4.33 	 1.60 	0
 4.87 	 3.39 	 1.86 	0
 4.87 	 3.48 	 1.81 	1
 4.87 	 3.54 	 1.70 	2
 4.87  	 3.46  	 1.85 	1
 4.87  	 3.97  	 1.71  	1
 4.87  	 4.01 	 1.66 	1
 4.88 	 3.51 	 1.76 	2
 4.88 	 3.61 	 1.75 	2
 4.88 	 3.63 	 1.79 	2
 4.88 	 3.77 	 1.64 	1
 4.88 	 3.86 	 1.68 	1
 4.88 	 3.96 	 1.72 	2
 4.88 	 4.04 	 1.67 	0
 4.88 	 4.11 	 1.68 	1
 4.88 	 4.13 	 1.62 	2
 4.88 	 4.18 	 1.66 	0
 4.89 	 3.47 	 1.84 	1
 4.89 	 3.50 	 1.84 	2
 4.89 	 3.53 	 1.81 	0
 4.89 	 3.82 	 1.61 	0
 4.89 	 3.92 	 1.72 	2
 4.89 	 4.06 	 1.69 	0
 4.89 	 4.09 	 1.70 	1
 4.89 	 4.19 	 1.66 	0
 4.89 	 4.47 	 1.64 	2
 4.89 	 4.91 	 1.59 	2
 4.90 	 3.46 	 1.80 	2
 4.90 	 3.47 	 1.82 	2
 4.90 	 3.57 	 1.82 	2
 4.90 	 3.64 	 1.71 	2
 4.90 	 3.67 	 1.74 	2
 4.90 	 3.79 	 1.75  	2
 4.90 	 3.79  	 1.76 	2
 4.90 	 3.88 	 1.69 	2
 4.90 	 3.88 	 1.68 	1
 4.90 	 3.89 	 1.69 	0
 4.90 	 3.90 	 1.70 	2
 4.90 	 3.98 	 1.72 	2
 4.90  	 4.78  	 1.59  	1
 4.91 	 3.52 	 1.82 	1
 4.91 	 3.69 	 1.72 	0
 4.91 	 3.72 	 1.75 	2
 4.91 	 3.75 	 1.78 	2
 4.91 	 3.76 	 1.73 	1
 4.91 	 3.93 	 1.72 	2
 4.91 	 3.97 	 1.66 	2
 4.91 	 3.99  	 1.72 	0
 4.91 	 4.01 	 1.66 	2
 4.91 	 4.29 	 1.63 	0
 4.91 	 4.35 	 1.61 	2
 4.91 	 4.39 	 1.59 	0
 4.91  	 4.48  	 1.61  	0
 4.91     	 4.83  	 1.58  	2
 4.92 	 3.58 	 1.80 	2
 4.92 	 3.69 	 1.76 	1
 4.92 	 3.70 	 1.74 	2
 4.92 	 3.75 	 1.75 	2
 4.92 	 3.87 	 1.72 	2
 4.92 	 4.05 	 1.63 	2
 4.92 	 4.12 	 1.69 	2
 4.92 	 4.57 	 1.61 	0
 4.92 	 4.57 	 1.61 	0
 4.93 	 3.57 	 1.73 	2
 4.93 	 3.70 	 1.73 	0
 4.93 	 3.79 	 1.69 	2
 4.93 	 3.89 	 1.71 	2
 4.93 	 3.89  	 1.73 	2
 4.93 	 4.06 	 1.65 	2
 4.93 	 4.07 	 1.66 	2
 4.93 	 4.23 	 1.63 	0
 4.93 	 4.25 	 1.67 	1
 4.93 	 4.34 	 1.64 	0
 4.93  	 4.50 	 1.64 	2
 4.94 	 3.31 	 1.86 	2
 4.94 	 3.47 	 1.80 	2
 4.94 	 3.50 	 1.82 	2
 4.94 	 3.73 	 1.70 	1
 4.94 	 3.78 	 1.75 	2
 4.94 	 3.86 	 1.69 	0
 4.94 	 3.92 	 1.65 	2
 4.94 	 3.95 	 1.65 	2
 4.94 	 4.12 	 1.63 	2
 4.94 	 4.14 	 1.57 	2
 4.94 	 4.45 	 1.64 	2
 4.95	 4.07	 1.66 	0
 4.95 	 3.46 	 1.84 	1
 4.95 	 3.80 	 1.73 	1
 4.95 	 3.81 	 1.72 	2
 4.95 	 3.89 	 1.73  	2
 4.95 	 4.53 	 1.60 	2
 4.95  	 4.21 	 1.66 	2
 4.96 	 3.75 	 1.69 	0
 4.96 	 3.76 	 1.75 	2
 4.96 	 3.78 	 1.70 	2
 4.96 	 3.94 	 1.64 	0
 4.96 	 4.10 	 1.64 	2
 4.96 	 4.24 	 1.64 	0
 4.96 	 4.42 	 1.64 	2
 4.96  	 3.62 	 1.79  	2
 4.96  	 4.46 	 1.60 	2
 4.96   	 4.01  	 1.67  	2
 4.97 	 3.85 	 1.71 	1
 4.97 	 4.14 	 1.65 	0
 4.97 	 4.17 	 1.69 	0
 4.97 	 4.24 	 1.64 	2
 4.97 	 4.37  	 1.65 	1
 4.97  	 4.36  	 1.65  	2
 4.98 	 3.62 	 1.77 	2
 4.98 	 3.88 	 1.69 	2
 4.98 	 3.88 	 1.59 	0
 4.98 	 3.90 	 1.72  	2
 4.98 	 4.11 	 1.65 	0
 4.98 	 4.14 	 1.63 	2
 4.98 	 4.27 	 1.64 	0
 4.98 	 4.27 	 1.62 	2
 4.98 	 4.42 	 1.61 	0
 4.98  	 3.50 	 1.99 	0
 4.99 	 3.65 	 1.73 	2
 4.99 	 3.89  	 1.67 	0
 4.99 	 3.95 	 1.70 	0
 4.99 	 3.98 	 1.70  	1
 4.99 	 3.99 	 1.67 	1
 4.99 	 4.04 	 1.64 	2
 4.99 	 4.05 	 1.70 	2
 4.99 	 4.15 	 1.55 	2
 4.99  	 4.42  	 1.62  	2
 5.00	 4.19 	 1.68 	2
 5.00 	 3.33 	 1.86 	0
 5.00 	 3.57 	 1.76  	1
 5.00 	 3.88 	 1.69 	2
 5.00 	 3.89 	 1.72 	2
 5.00 	 3.93 	 1.72 	2
 5.00 	 3.97 	 1.58 	1
 5.00 	 4.13 	 1.69 	2
 5.00 	 4.26 	 1.64 	0
 5.01 	 3.35 	 1.85  	0
 5.01 	 3.78 	 1.73  	2
 5.01 	 3.79 	 1.75 	0
 5.01 	 3.79 	 1.64 	0
 5.01 	 3.80 	 1.75 	0
 5.01 	 3.80 	 1.70 	2
 5.01 	 3.83 	 1.73 	1
 5.01 	 3.84 	 1.67 	0
 5.01 	 3.88 	 1.67 	2
 5.01 	 3.95 	 1.69 	0
 5.02 	 3.67 	 1.71 	1
 5.02 	 3.69 	 1.69 	2
 5.02 	 3.75 	 1.73 	2
 5.02 	 3.80 	 1.75 	2
 5.02 	 3.99 	 1.68 	1
 5.02 	 4.06 	 1.68  	2
 5.02 	 4.12 	 1.65 	2
 5.02 	 4.21 	 1.64 	0
 5.02 	 4.65 	 1.61 	0
 5.02  	 4.25  	 1.62  	2
 5.03 	 3.54 	 1.77 	2
 5.03 	 3.76 	 1.70 	2
 5.03 	 3.82 	 1.62 	2
 5.03 	 3.90  	 1.68 	2
 5.03 	 3.99  	 1.71 	2
 5.03 	 4.01 	 1.65 	2
 5.03 	 4.25  	 1.62 	2
 5.03 	 4.33 	 1.62 	2
 5.03 	 4.47 	 1.59 	2
 5.03  	 4.18   	 1.65  	0
 5.04	 3.95 	 1.71 	0
 5.04 	 4.07 	 1.64 	0
 5.04 	 4.24 	 1.65 	2
 5.04 	 4.27 	 1.55 	2
 5.04 	 4.29 	 1.63 	2
 5.04 	 4.60 	 1.53 	1
 5.05 	 3.28  	 1.84  	0
 5.05 	 3.50 	 1.81 	0
 5.05 	 3.59 	 1.72 	2
 5.05 	 3.72 	 1.64 	2
 5.05 	 3.78 	 1.72 	1
 5.05 	 3.80 	 1.71 	2
 5.05 	 3.96 	 1.68 	2
 5.05 	 3.99 	 1.66 	2
 5.05 	 4.05 	 1.65 	2
 5.05 	 4.13 	 1.62 	2
 5.05 	 4.23 	 1.55 	0
 5.05 	 4.29 	 1.61 	0
 5.05 	 4.45 	 1.60 	2
 5.05  	 3.74  	 1.74  	2
 5.05  	 3.89 	 1.71 	2
 5.06 	 3.55 	 1.76 	0
 5.06 	 3.55 	 1.77 	0
 5.06 	 3.78 	 1.70 	2
 5.06 	 3.79 	 1.66 	2
 5.06 	 3.81 	 1.73 	2
 5.06 	 3.84 	 1.60 	2
 5.06 	 3.89 	 1.69 	1
 5.06 	 3.92 	 1.64 	2
 5.06 	 3.99 	 1.70 	2
 5.06 	 4.07 	 1.68 	2
 5.06 	 4.46 	 1.63  	2
 5.06 	 4.60 	 1.61 	1
 5.06 	 4.66 	 1.54 	2
 5.06  	 3.99 	 1.69   	2
 5.07	 3.94 	 1.65 	2
 5.07 	 3.47 	 1.80 	2
 5.07 	 3.58 	 1.73 	0
 5.07 	 3.68 	 1.70 	2
 5.07 	 3.74 	 1.71 	2
 5.07 	 3.84 	 1.70 	2
 5.07 	 3.91 	 1.67 	0
 5.07 	 3.94 	 1.71 	0
 5.07 	 3.94 	 1.67 	1
 5.07 	 4.07  	 1.63  	2
 5.07 	 4.29 	 1.63 	2
 5.07 	 4.43 	 1.55 	2
 5.07 	 4.69 	 1.58 	0
 5.08 	 3.54 	 1.74 	1
 5.08 	 3.69 	 1.74 	2
 5.08 	 3.83 	 1.72 	2
 5.08 	 3.95 	 1.61 	1
 5.08 	 3.99 	 1.58 	2
 5.08 	 4.04 	 1.57 	2
 5.08 	 4.07 	 1.62 	1
 5.08 	 4.12 	 1.68 	2
 5.08 	 4.12 	 1.62 	2
 5.08 	 4.26 	 1.60 	1
 5.08 	 4.26 	 1.60 	2
 5.08 	 4.27 	 1.60 	2
 5.08 	 4.35 	 1.61 	1
 5.08  	 3.91 	 1.66 	2
 5.09	 3.44 	 1.81 	2
 5.09 	 3.67 	 1.71 	2
 5.09 	 3.70 	 1.73 	0
 5.09 	 3.72  	 1.73 	2
 5.09 	 3.92 	 1.60 	1
 5.09 	 4.02	 1.67 	2
 5.09 	 4.09  	 1.65  	2
 5.09 	 4.24 	 1.58 	1
 5.09  	  4.00	 1.66 	0
 5.10 	 3.59 	 1.77 	2
 5.10 	 3.74 	 1.74 	0
 5.10 	 3.96  	 1.67 	2
 5.10 	 4.10 	 1.68 	1
 5.10 	 4.11 	 1.60 	2
 5.10 	 4.12 	 1.66 	2
 5.11	 4.49 	 1.62 	2
 5.11 	 3.62 	 1.77 	0
 5.11 	 3.66 	 1.77 	1
 5.11 	 3.66 	 1.67 	0
 5.11 	 3.89 	 1.72 	1
 5.11 	 3.92 	 1.67 	0
 5.11 	 4.06 	 1.66 	2
 5.11 	 4.35 	 1.58 	2
 5.11 	 4.50 	 1.59 	2
 5.12 	 3.46 	 1.80 	2
 5.12 	 4.06 	 1.68  	0
 5.12 	 4.07 	 1.65 	2
 5.12 	 4.11 	 1.59 	2
 5.12 	 4.21 	 1.61 	1
 5.12 	 4.36 	 1.59 	2
 5.13 	 3.24 	 1.86 	0
 5.13 	 3.57 	 1.74 	1
 5.13 	 3.68 	 1.75  	2
 5.13 	 3.83 	 1.73 	2
 5.13 	 3.98 	 1.68 	2
 5.13 	 4.22 	 1.57 	0
 5.13 	 4.40 	 1.59 	2
 5.13 	 4.55 	 1.58  	2
 5.14 	 3.53 	 1.78 	2
 5.14 	 3.60 	 1.71 	2
 5.14 	 3.84 	 1.73 	1
 5.14 	 3.93 	 1.66 	2
 5.14 	 4.02 	 1.65 	0
 5.14 	 4.35 	 1.60 	2
 5.14 	 4.40 	 1.58 	2
 5.14  	 3.06 	 1.93 	2
 5.14  	 4.08  	 1.67 	2
 5.14  	 4.30  	 1.64  	1
 5.14  	 4.38  	 1.60  	0
 5.15 	 3.43  	 1.82 	0
 5.15 	 3.74  	 1.75 	2
 5.15 	 3.83 	 1.69 	0
 5.15 	 3.90 	 1.67 	2
 5.15 	 3.93  	 1.70 	2
 5.15 	 4.02 	 1.65 	0
 5.15 	 4.06 	 1.64 	2
 5.15 	 4.12 	 1.67 	2
 5.15 	 4.21 	 1.66 	1
 5.15 	 4.27 	 1.62 	2
 5.15 	 4.31 	 1.62 	2
 5.15 	 4.40 	 1.62 	2
 5.15 	 4.71 	 1.58 	2
 5.15 	 4.72 	 1.54 	2
 5.16 	 3.46 	 1.78 	0
 5.16 	 3.63 	 1.71 	2
 5.16 	 3.75 	 1.63 	2
 5.16 	 3.76 	 1.69 	2
 5.16 	 3.79 	 1.67 	0
 5.16 	 3.92 	 1.67 	1
 5.16 	 3.94 	 1.58 	1
 5.16 	 3.95  	 1.66 	2
 5.16 	 3.95  	 1.66 	2
 5.16 	 4.00 	 1.69 	2
 5.16 	 4.04 	 1.61 	2
 5.16 	 4.12 	 1.54 	0
 5.16 	 4.14 	 1.60 	1
 5.16 	 4.14 	 1.63 	2
 5.16 	 4.37 	 1.51 	1
 5.16  	 4.66  	 1.58 	2
 5.17 	 3.80 	 1.72 	2
 5.17 	 3.87 	 1.69 	2
 5.17 	 3.94 	 1.62 	0
 5.17 	 4.04	 1.65 	2
 5.17 	 4.07 	 1.64 	0
 5.17 	 4.17 	 1.64 	2
 5.17 	 4.28 	 1.53 	2
 5.17 	 4.34 	 1.62 	2
 5.17 	 4.39 	 1.59 	2
 5.17 	 4.50 	 1.56 	1
 5.17  	 3.95 	 1.57 	2
 5.18 	 3.25 	 1.86 	2
 5.18 	 3.62 	 1.73 	1
 5.18 	 3.72 	 1.74 	0
 5.18 	 3.78 	 1.69 	2
 5.18 	 3.79 	 1.71 	0
 5.18 	 4.00 	 1.63 	1
 5.18 	 4.02   	 1.64 	0
 5.18 	 4.07 	 1.56 	2
 5.18 	 4.12 	 1.63  	2
 5.18 	 4.16 	 1.64 	2
 5.18 	 4.25 	 1.58 	1
 5.18 	 4.26 	 1.61 	0
 5.18 	 4.30 	 1.64 	1
 5.18 	 4.37 	 1.58 	2
 5.18 	 5.04 	 1.54 	2
 5.18  	 4.38  	 1.61  	2
 5.19 	 3.97 	 1.67 	0
 5.19 	 3.98 	 1.68 	2
 5.19 	 4.03 	 1.62 	2
 5.19 	 4.27 	 1.63 	1
 5.19  	 3.94 	 1.69  	2
 5.20 	 1.73 	 3.78 	2
 5.20 	 3.81 	 1.70 	2
 5.20 	 3.85 	 1.65 	2
 5.20 	 4.24 	 1.64 	0
 5.20 	 4.71 	 1.55 	0
 5.20  	 4.27  	 1.61  	2
 5.21 	 3.35 	 1.81 	0
 5.21 	 3.59 	 1.73 	2
 5.21 	 3.67 	 1.71 	2
 5.21 	 3.73 	 1.70 	1
 5.21 	 3.92 	 1.70 	2
 5.21 	 4.03 	 1.67 	2
 5.21 	 4.17 	 1.55 	0
 5.21 	 4.23  	 1.60 	2
 5.21 	 4.29 	 1.64  	2
 5.21 	 4.43 	 1.60 	0
 5.21 	 4.45 	 1.57 	0
 5.21 	 4.67 	 1.59  	0
 5.21  	 3.72  	 1.73  	0
 5.22 	 3.56  	 1.78 	1
 5.22 	 3.61 	 1.72 	2
 5.22 	 3.75 	 1.73 	0
 5.22 	 4.05 	 1.56 	2
 5.22 	 4.15 	 1.65 	1
 5.22 	 4.46 	 1.60 	0
 5.23 	 3.75 	 1.72 	1
 5.23 	 3.99 	 1.65 	2
 5.23 	 4.10 	 1.65 	2
 5.23 	 4.46  	 1.60  	1
 5.24 	 3.42 	 1.74 	0
 5.24 	 3.68 	 1.70 	2
 5.24 	 3.93 	 1.67 	1
 5.24 	 4.02	 1.68 	1
 5.24 	 4.02 	 1.64 	2
 5.24 	 4.13  	 1.66 	2
 5.24 	 4.21 	 1.62 	2
 5.24 	 4.23 	 1.64 	2
 5.24 	 4.31 	 1.61 	2
 5.24 	 4.35 	 1.58 	1
 5.24 	 4.35 	 1.62 	2
 5.24  	 3.60 	 1.76 	2
 5.25 	 3.81 	 1.65 	0
 5.25 	 3.98 	 1.57 	0
 5.25 	 4.22 	 1.59  	2
 5.26 	 3.92 	 1.64 	2
 5.26 	 4.17 	 1.64 	0
 5.26 	 4.84 	 1.53 	2
 5.27 	 3.61 	 1.70 	1
 5.27 	 3.92 	 1.67 	2
 5.27 	 3.95 	 1.68 	1
 5.27 	 4.25 	 1.63 	2
 5.27 	 4.51 	 1.55 	0
 5.28 	 3.45 	 1.79 	2
 5.28 	 3.51 	 1.71 	0
 5.28 	 3.80 	 1.71 	2
 5.28 	 3.83 	 1.65 	0
 5.28 	 3.87 	 1.69  	0
 5.28 	 3.91 	 1.66 	2
 5.28 	 3.92 	 1.65 	2
 5.28 	 3.99 	 1.63 	2
 5.28 	 4.03 	 1.64 	2
 5.28 	 4.13 	 1.66 	0
 5.28 	 4.18 	 1.58 	2
 5.28 	 4.29 	 1.61 	1
 5.28 	 4.54 	 1.60 	2
 5.28 	 4.85  	 1.54 	2
 5.28 	 5.25   	 1.52  	0
 5.29 	 3.69  	 1.72 	1
 5.29 	 3.98 	 1.67 	0
 5.29 	 4.07 	 1.65 	0
 5.29 	 4.28  	 1.62 	2
 5.29 	 4.30 	 1.59  	2
 5.29 	 4.34 	 1.60 	2
 5.29  	 4.27  	 1.63 	2
 5.30 	 4.10 	 1.58 	0
 5.30 	 4.12 	 1.64 	2
 5.30 	 4.26  	 1.57 	0
 5.30 	 4.28 	 1.59 	2
 5.30  	 4.51  	 1.58  	2
 5.31 	 3.88 	 1.66 	1
 5.31 	 4.12 	 1.62 	2
 5.31 	 4.15 	 1.65 	2
 5.31 	 4.21 	 1.64 	1
 5.31 	 4.37 	 1.58 	2
 5.31 	 4.77 	 1.55 	2
 5.31  	  5.08  	 1.51  	1
 5.31  	 4.47   	 1.60  	2
 5.31  	 4.53  	 1.56  	1
 5.32 	 3.72 	 1.73 	1
 5.32 	 4.08 	 1.65 	2
 5.32 	 4.43 	 1.58  	1
 5.33 	 3.26 	 1.79 	0
 5.33 	 3.78 	 1.67 	0
 5.33 	 3.80 	 1.70 	2
 5.33 	 3.89 	 1.69 	2
 5.33 	 4.16 	 1.61 	2
 5.33 	 4.17 	 1.60 	2
 5.33 	 4.32 	 1.60 	2
 5.33 	 4.36 	 1.61 	2
 5.34 	 3.71 	 1.68 	2
 5.34 	 3.80 	 1.68 	2
 5.34 	 4.01 	 1.67 	2
 5.34 	 4.03 	 1.67 	2
 5.34 	 4.16  	 1.62 	0
 5.34 	 4.19 	 1.57 	2
 5.34 	 4.36 	 1.59 	2
 5.34 	 4.50 	 1.54 	2
 5.34 	 4.68 	 1.55 	0
 5.34  	 4.03 	 1.66 	2
 5.34  	 4.20 	 1.60 	2
 5.35 	 3.26 	 1.84  	0
 5.35 	 3.81 	 1.64 	0
 5.35 	 4.04 	 1.54 	2
 5.36 	 3.42 	 1.77  	2
 5.36 	 3.53 	 1.70 	1
 5.36 	 3.89 	 1.65 	2
 5.36 	 4.10 	 1.63 	0
 5.36 	 4.15 	 1.63 	2
 5.36 	 4.21 	 1.60 	2
 5.36 	 4.31 	 1.58 	1
 5.36  	 4.59 	 1.59 	2
 5.36  	 4.64  	 1.55  	2
 5.37 	 3.71 	 1.72  	1
 5.37 	 3.83 	 1.67 	2
 5.37 	 3.92 	 1.65 	2
 5.37 	 4.09  	 1.63 	2
 5.37 	 4.16 	 1.64 	1
 5.37 	 4.35 	 1.59  	0
 5.37 	 4.51 	 1.55 	0
 5.38 	 3.88 	 1.66 	2
 5.38 	 3.89 	 1.69 	2
 5.38 	 3.93 	 1.65 	1
 5.38 	 4.26 	 1.51 	1
 5.38 	 4.35  	 1.58 	2
 5.38 	 4.43 	 1.58 	2
 5.38 	 4.61 	 1.53 	2
 5.39 	 3.48 	 1.77 	2
 5.39 	 3.90 	 1.57 	1
 5.39 	 4.09 	 1.59 	2
 5.39 	 4.10 	 1.63 	1
 5.39 	 4.22 	 1.55 	2
 5.39 	 4.42 	 1.58 	2
 5.39 	 4.76 	 1.53 	0
 5.39 	 5.08 	 1.52 	2
 5.40 	 3.76 	 1.64 	2
 5.40 	 3.94 	 1.59  	2
 5.40 	 4.39 	 1.50 	2
 5.40 	 4.39 	 1.57 	0
 5.40 	 4.42 	 1.58 	1
 5.40  	 3.61 	 1.75 	0
 5.41 	 3.75 	 1.68 	2
 5.41 	 3.82 	 1.68 	2
 5.41 	 4.05 	 1.61 	2
 5.41 	 4.07 	 1.62 	2
 5.41 	 4.11 	 1.62   	2
 5.41 	 4.46 	 1.56 	2
 5.41  	 4.11 	 1.62  	0
 5.41  	 4.30 	 1.61 	1
 5.42 	 3.23 	 1.82 	0
 5.42 	 3.88 	 1.67 	2
 5.42 	 3.98 	 1.66 	1
 5.42 	 4.13 	 1.64 	0
 5.42 	 4.16 	 1.57 	2
 5.42 	 4.21 	 1.59 	2
 5.42 	 4.44 	 1.54 	1
 5.42 	 4.55 	 1.56 	2
 5.42 	 4.65 	 1.53 	2
 5.42 	 4.78 	 1.54  	2
 5.43 	 3.71 	 1.67 	0
 5.43 	 3.76 	 1.64 	2
 5.43 	 3.82 	 1.57 	0
 5.43 	 3.84 	 1.65 	2
 5.43 	 4.19 	 1.60 	1
 5.43 	 4.31 	 1.59 	2
 5.44 	 3.97 	 1.66 	2
 5.44 	 4.17 	 1.55 	0
 5.44 	 4.49 	 1.56 	0
 5.44  	 4.49  	  1.57  	2
 5.45 	 4.07 	 1.59 	2
 5.45 	 4.29 	 1.58 	2
 5.46 	 3.57 	 1.75 	0
 5.46 	 3.70 	 1.68 	2
 5.46 	 3.74 	 1.66 	2
 5.46 	 3.86 	 1.65 	2
 5.46 	 3.93 	 1.67 	2
 5.46 	 3.94 	 1.65 	2
 5.46 	 3.97 	 1.65 	2
 5.46 	 4.11 	 1.63 	0
 5.46 	 4.43 	 1.54 	0
 5.47 	 3.83 	 1.65 	2
 5.47 	 3.90 	 1.66 	2
 5.47 	 4.13 	 1.64 	0
 5.47 	 4.16 	 1.52 	1
 5.47 	 4.41 	 1.48 	0
 5.48 	 3.98 	 1.62 	0
 5.48 	 4.08 	 1.60 	1
 5.48 	 4.15 	 1.58 	1
 5.48 	 4.21 	 1.61 	0
 5.48 	 4.52 	 1.56  	2
 5.49 	 3.71 	 1.70 	0
 5.49 	 3.75 	 1.71 	2
 5.49 	 3.81 	 1.68 	1
 5.49 	 3.85 	 1.63  	2
 5.49 	 3.99 	 1.62 	2
 5.49 	 4.03  	 1.64 	0
 5.49 	 4.08 	 1.63 	2
 5.49 	 4.18 	 1.63 	1
 5.49 	 4.31 	 1.60 	0
 5.49 	 4.42 	 1.51 	2
 5.49 	 4.56 	 1.55 	2
 5.49 	 4.68 	 1.54 	2
 5.49  	 3.73 	 1.65 	0
 5.50 	 3.74 	 1.66 	1
 5.50 	 4.01 	 1.64  	0
 5.50 	 4.11 	 1.60 	0
 5.50 	 4.16 	 1.60 	2
 5.50 	 4.31 	 1.52 	2
 5.50 	 4.43 	 1.54 	2
 5.50 	 4.56 	 1.53 	0
 5.51 	 3.36 	 1.80 	2
 5.51 	 3.68 	 1.70 	2
 5.51 	 3.73 	 1.65 	2
 5.51 	 4.11 	 1.52 	1
 5.51 	 4.13 	 1.58 	2
 5.51 	 4.15 	 1.60 	0
 5.51 	 4.28 	 1.53 	2
 5.51 	 4.28 	 1.56 	2
 5.51 	 4.31 	 1.57 	2
 5.51 	 4.53 	 1.55 	2
 5.51 	 4.97 	 1.53 	2
 5.52 	 3.51 	 1.70 	0
 5.52 	 3.99 	 1.64 	1
 5.52 	 4.12 	 1.63 	2
 5.52 	 4.20 	 1.60 	2
 5.52 	 4.22 	 1.59 	2
 5.52 	 4.23 	 1.57  	2
 5.52 	 4.34 	 1.57 	2
 5.52 	 4.40 	 1.57 	2
 5.52  	 3.55 	 1.72 	2
 5.52  	 3.76 	 1.70 	2
 5.53 	 3.42 	 1.77 	2
 5.53 	 3.54 	 1.68 	2
 5.53 	 3.85 	 1.59  	2
 5.53 	 4.04 	 1.64 	2
 5.53 	 4.23 	 1.59 	2
 5.53 	 4.31 	 1.59 	0
 5.53 	 4.53 	 1.54 	2
 5.53 	 4.58 	 1.57 	2
 5.53 	 4.62 	 1.54 	2
 5.54 	 4.04 	 1.65 	1
 5.54 	 4.10 	 1.63 	2
 5.54 	 4.17 	 1.62 	2
 5.55 	 3.61 	 1.74 	2
 5.55 	 3.87 	 1.67 	2
 5.55 	 3.93 	 1.64 	2
 5.55 	 4.25 	 1.55 	2
 5.55 	 4.27 	 1.58 	2
 5.56 	 3.46 	 1.77 	2
 5.56 	 3.97 	 1.65 	2
 5.56 	 3.98 	 1.64 	0
 5.56 	 4.02 	 1.58 	2
 5.56 	 4.05 	 1.63 	2
 5.56 	 4.15 	 1.60  	2
 5.56 	 4.19 	 1.59 	2
 5.56 	 4.25 	 1.60 	0
 5.56  	 3.84 	 1.66 	2
 5.57 	 4.06  	 1.58 	1
 5.57 	 4.49 	 1.58  	2
 5.57 	 4.50 	 1.46 	2
 5.57 	 4.51 	 1.54 	2
 5.58 	 3.52 	 1.69  	0
 5.58 	 3.70 	 1.70 	0
 5.58 	 3.80 	 1.68 	2
 5.58 	 3.82 	 1.69 	2
 5.58 	 3.93 	 1.59  	0
 5.58 	 4.06 	 1.62 	0
 5.58 	 4.19 	 1.61 	1
 5.58 	 4.28 	 1.55 	2
 5.58 	 4.35 	 1.50 	2
 5.58 	 4.60 	 1.56 	0
 5.58 	 4.60 	 1.52 	2
 5.59 	 3.13 	 1.86 	2
 5.59 	 3.82 	 1.64 	0
 5.59 	 3.84 	 1.60 	2
 5.59 	 4.02 	 1.64 	0
 5.59 	 4.03  	 1.64  	0
 5.59 	 4.24 	 1.61 	2
 5.59 	 4.27 	 1.48 	2
 5.59 	 4.63  	 1.51 	2
 5.59  	 3.96 	 1.62 	0
 5.60 	 3.83 	 1.62 	0
 5.60 	 4.35 	 1.55 	2
 5.60 	 4.59 	 1.55 	2
 5.60  	  4.17    	 1.60  	1
 5.61 	 4.01 	 1.63 	1
 5.61 	 4.38  	 1.59 	0
 5.61 	 4.52  	 1.55 	2
 5.62 	 3.59 	 1.65 	2
 5.62 	 3.67 	 1.61 	2
 5.62 	 3.76 	 1.69 	1
 5.62 	 3.89  	 1.66   	2
 5.62 	 3.91 	 1.57 	2
 5.62 	 3.91 	 1.63 	1
 5.62 	 4.10 	 1.60 	2
 5.62 	 4.66 	 1.51 	1
 5.63 	 3.83 	 1.62 	2
 5.63 	 3.87 	 1.66 	0
 5.63 	 3.92 	 1.65 	0
 5.63 	 4.00 	 1.60 	2
 5.63 	 4.02 	 1.63 	2
 5.63 	 4.09 	 1.59 	0
 5.63 	 4.30 	 1.57 	0
 5.63 	 4.67 	 1.50 	2
 5.64 	 3.53 	 1.75 	1
 5.64 	 3.74 	 1.66 	2
 5.64 	 3.99 	 1.64 	0
 5.64 	 4.40 	 1.56 	2
 5.64 	 4.46 	 1.53 	0
 5.65 	 3.91 	 1.65 	0
 5.65 	 3.98 	 1.61 	1
 5.65 	 4.10 	 1.56 	2
 5.65 	 4.20 	 1.52 	2
 5.65 	 4.50 	 1.57 	2
 5.66 	 3.67 	 1.71 	2
 5.66 	 3.83 	 1.64  	2
 5.66 	 4.01 	 1.62 	0
 5.66 	 4.22 	 1.56 	2
 5.66 	 4.26 	 1.49 	2
 5.67 	 3.97 	 1.55 	2
 5.67 	 4.21 	 1.48 	0
 5.68 	 3.86 	 1.58  	2
 5.68 	 3.89 	 1.63 	0
 5.68 	 4.07 	 1.60 	0
 5.68 	 4.19 	 1.60 	2
 5.68 	 4.24 	 1.58 	2
 5.68 	 4.60 	 1.52  	0
 5.68 	 4.78 	 1.43 	2
 5.68 	 4.82 	 1.51 	0
 5.69 	 3.95 	 1.59 	2
 5.69 	 3.96 	 1.61 	2
 5.69 	 3.96 	 1.61 	2
 5.69 	 4.30 	 1.56 	2
 5.69 	 4.34 	 1.58 	2
 5.69 	 4.46 	 1.45 	2
 5.70 	 3.52 	 1.71 	2
 5.70 	 4.55 	 1.55 	2
 5.70  	 4.35  	 1.58  	0
 5.70        	 4.59 	 1.51 	2
 5.71 	 3.62 	 1.62 	2
 5.71 	 4.11 	 1.60 	2
 5.71 	 4.39 	 1.57 	2
 5.71  	 4.00 	 1.63  	2
 5.72 	 3.89 	 1.60 	2
 5.72 	 4.01 	 1.61 	2
 5.72 	 4.23 	 1.56 	2
 5.72 	 4.24 	 1.57 	2
 5.72 	 4.66 	 1.54 	0
 5.73 	 3.39 	 1.67 	0
 5.73 	 4.16 	 1.61 	0
 5.73 	 4.20 	 1.58 	2
 5.73 	 4.23 	 1.58 	2
 5.73 	 4.39 	 1.57 	0
 5.73 	 4.48 	 1.57 	0
 5.73 	 4.62 	 1.55 	2
 5.73 	 4.70 	 1.54 	0
 5.73  	 4.17 	 1.58 	2
 5.74 	 3.87 	 1.59 	2
 5.74 	 3.97 	 1.62 	0
 5.74 	 4.14 	 1.61 	2
 5.74 	 4.22 	 1.56 	1
 5.74 	 4.64 	 1.46 	2
 5.74 	 4.78 	 1.53 	0
 5.74  	 4.74 	 1.51 	2
 5.75 	 3.87 	 1.60 	0
 5.75 	 4.11 	 1.53 	0
 5.75 	 4.21 	 1.55 	2
 5.75 	 4.23 	 1.53 	2
 5.75 	 4.30 	 1.56 	2
 5.75 	 4.40 	 1.58 	2
 5.75 	 4.77 	 1.53  	0
 5.75  	 3.67  	 1.64 	2
 5.76 	 3.53 	 1.72 	2
 5.76 	 4.18 	 1.50 	2
 5.76 	 4.26 	 1.57 	2
 5.76 	 4.28 	 1.56 	0
 5.76 	 4.58 	 1.55 	1
 5.77 	 3.71 	 1.66 	2
 5.77 	 4.15 	 1.54 	0
 5.77 	 4.29 	 1.55 	2
 5.77 	 4.46 	 1.52 	2
 5.77 	 4.49 	 1.54 	0
 5.78 	 4.23 	 1.53 	2
 5.78 	 4.44 	 1.56  	2
 5.78 	 4.58 	 1.50 	2
 5.78  	 4.10 	 1.58 	2
 5.79 	 3.97 	 1.63 	1
 5.79 	 3.97 	 1.61  	2
 5.79 	 4.16 	 1.59  	2
 5.79 	 4.28 	 1.55 	1
 5.79 	 4.73 	 1.51 	2
 5.80 	 3.61 	 1.68 	1
 5.80 	 3.70 	 1.64 	2
 5.80 	 3.83 	 1.66 	0
 5.80 	 3.93 	 1.63 	2
 5.80 	 4.17 	 1.60 	2
 5.80 	 4.75 	 1.48 	0
 5.80  	 4.31  	 1.58  	1
 5.80  	 4.80  	 1.50  	1
 5.81 	 3.85 	 1.62 	0
 5.81 	 4.05 	 1.62 	2
 5.81 	 4.50 	 1.56 	2
 5.81 	 5.00 	 1.49 	1
 5.81  	 4.13  	 1.58  	2
 5.82 	 3.87 	 1.66 	2
 5.82 	 3.88 	 1.61 	1
 5.82 	 4.28 	 1.57 	2
 5.82 	 4.33  	 1.53 	1
 5.82 	 4.51 	 1.48 	0
 5.82 	 4.55 	 1.53 	2
 5.83 	 3.30 	 1.76 	2
 5.83 	 3.58 	 1.71 	0
 5.83 	 4.08 	 1.61 	1
 5.83 	 4.38 	 1.53 	2
 5.85 	 3.92 	 1.62 	2
 5.85 	 3.92 	 1.57 	0
 5.85 	 4.31 	 1.55 	2
 5.86 	 4.04 	 1.53 	2
 5.86 	 4.27 	 1.56 	2
 5.86 	 4.52 	 1.55 	2
 5.86 	 4.58 	 1.52 	0
 5.86  	 4.66  	 1.52  	2
 5.87 	 4.01 	 1.62 	2
 5.87 	 4.49  	 1.53 	2
 5.87  	 4.28 	 1.57 	0
 5.88 	 4.40 	 1.50 	2
 5.88 	 4.48 	 1.53 	0
 5.88 	 4.84 	 1.48 	2
 5.88  	 3.62 	 1.70 	1
 5.89 	 3.95 	 1.59 	0
 5.89 	 4.69 	 1.49 	0
 5.90 	 3.83 	 1.64  	2
 5.90 	 3.98 	 1.57 	1
 5.90 	 4.18 	 1.60  	0
 5.90 	 4.65 	 1.53 	1
 5.90  	 4.55 	 1.53  	2
 5.90  	 5.16  	 1.48 	2
 5.91 	 3.54 	 1.63 	0
 5.91 	 3.91 	 1.60 	2
 5.91 	 4.23 	 1.55 	2
 5.91 	 4.27 	 1.56 	2
 5.91 	 4.28 	 1.53 	2
 5.91  	 4.14 	 1.60  	2
 5.92 	 3.76 	 1.66 	2
 5.92 	 3.91 	 1.60  	2
 5.92 	 4.81 	 1.51 	2
 5.93 	 3.54 	 1.70 	0
 5.93  	 4.42  	 1.55 	2
 5.93  	 4.74  	 1.51  	2
 5.94 	 4.08 	 1.56 	2
 5.94 	 4.08 	 1.56 	2
 5.94 	 4.25 	 1.52 	2
 5.94 	 4.31 	 1.56 	2
 5.94 	 4.64 	 1.48 	2
 5.94 	 4.65 	 1.51 	2
 5.94 	 5.03 	 1.47 	1
 5.94  	 4.43 	 1.53 	1
 5.94  	 4.49  	 1.52  	1
 5.95 	 3.82 	 1.63 	2
 5.95 	 4.39 	 1.55 	2
 5.95 	 4.57 	 1.51 	1
 5.95 	 4.61 	 1.49 	0
 5.95 	 4.67 	 1.50 	2
 5.95 	 4.74 	 1.52 	1
 5.95 	 4.80 	 1.49 	2
 5.96 	 3.13 	 1.82 	2
 5.96 	 3.59 	 1.70 	2
 5.96 	 3.89 	 1.61 	2
 5.96 	 4.28 	 1.54 	2
 5.96 	 4.37 	 1.56 	2
 5.96 	 4.48 	 1.51 	2
 5.96 	 4.53 	 1.43 	2
 5.96 	 4.72 	 1.49 	2
 5.96  	 4.00 	 1.61 	2
 5.96  	 4.53  	 1.53  	2
 5.96  	 4.85 	 1.51 	2
 5.97 	 4.03 	 1.56 	2
 5.97 	 4.04 	 1.60 	2
 5.97 	 4.11 	 1.57 	2
 5.97 	 4.20 	 1.57 	2
 5.97 	 4.29 	 1.55  	2
 5.97 	 4.92 	 1.46 	2
 5.98 	 3.65 	 1.60 	2
 5.98 	 3.86 	 1.58 	2
 5.98 	 3.98 	 1.58 	2
 5.98 	 4.22 	 1.57 	0
 5.98  	 4.13  	 1.57  	0
 5.99 	 3.48 	 1.65 	1
 5.99 	 3.65 	 1.68 	1
 5.99 	 4.02 	 1.62 	2
 5.99 	 4.29 	 1.54 	2
 5.99 	 4.34 	 1.49  	2
 5.99 	 4.37 	 1.55 	2
 5.99 	 4.40 	 1.54 	2
 5.99 	 4.41 	 1.54  	2
 5.99  	  4.26  	 1.55   	2
 6.00 	 4.06 	 1.61 	2
 6.00 	 4.13 	 1.59 	2
 6.00 	 4.24 	 1.57 	2
 6.00 	 4.24 	 1.54 	0
 6.00 	 4.62 	 1.51 	2
 6.01 	 4.85 	 1.42 	2
 6.01  	 4.01 	 1.61  	2
 6.02 	 3.43 	 1.71 	2
 6.02 	 3.92 	 1.59  	0
 6.02 	 3.93 	 1.52 	0
 6.02  	 4.30 	 1.53 	2
 6.03	 5.15 	 1.48  	2
 6.03 	 4.00 	 1.60 	0
 6.03 	 4.12 	 1.59 	1
 6.03 	 4.33 	 1.54 	2
 6.03 	 4.37 	 1.56 	1
 6.03 	 4.46 	 1.47 	2
 6.04 	 4.03 	 1.58 	2
 6.04 	 4.15 	 1.56 	1
 6.04 	 4.31 	 1.54 	2
 6.04 	 4.41 	 1.52 	0
 6.05 	 3.57 	 1.66 	2
 6.05 	 3.61 	 1.66 	0
 6.05 	 4.33 	 1.47 	2
 6.05 	 4.36 	 1.54 	1
 6.05 	 4.79 	 1.45 	2
 6.06 	 4.08 	 1.49 	2
 6.06 	 4.11 	 1.48 	0
 6.06 	 4.15 	 1.58  	0
 6.06 	 4.53 	 1.47 	2
 6.06 	 4.53 	 1.50 	2
 6.06 	 4.89 	 1.46 	2
 6.07 	 3.63  	 1.63  	1
 6.07 	 4.24 	 1.58 	2
 6.07  	 4.08 	 1.57 	1
 6.08 	 4.04 	 1.58 	2
 6.08 	 4.09 	 1.57 	1
 6.09 	 4.19 	 1.47 	0
 6.09 	 4.88 	 1.44 	1
 6.10 	 4.85 	 1.50 	1
 6.10 	 5.19  	 1.43 	2
 6.10 	 5.53 	 1.45 	0
 6.10  	 5.03  	 1.46  	2
 6.11 	 3.83 	 1.59 	2
 6.11 	 4.22 	 1.57 	2
 6.11 	 4.24 	 1.55 	2
 6.11 	 4.27 	 1.55 	0
 6.11 	 4.32 	 1.50 	1
 6.11 	 4.40 	 1.52 	1
 6.11 	 4.57 	 1.52 	0
 6.11  	 4.39 	 1.50 	2
 6.12	 4.17 	 1.57 	2
 6.12 	 3.71  	 1.65 	2
 6.12 	 4.00 	 1.58 	2
 6.12 	 4.00 	 1.56 	2
 6.12 	 4.67 	 1.42 	2
 6.12  	 3.71 	 1.65 	2
 6.13 	 4.02 	 1.55 	0
 6.13 	 4.05 	 1.53 	2
 6.13 	 4.25  	 1.52 	2
 6.13 	 4.51 	 1.52 	2
 6.13 	 4.60 	 1.53 	2
 6.13 	 4.63 	 1.46 	2
 6.13 	 4.97 	 1.49 	2
 6.14 	 3.93 	 1.49 	2
 6.14 	 4.26 	 1.47 	2
 6.14 	 4.71  	 1.47  	2
 6.14 	 4.99 	 1.46 	1
 6.15 	 3.79 	 1.61 	1
 6.16 	 4.18 	 1.57  	2
 6.16 	 5.00 	 1.48 	0
 6.16   	 4.58  	 1.53 	2
 6.17 	 3.54 	 1.67 	2
 6.17 	 3.92 	 1.62 	0
 6.17 	 4.32 	 1.52 	2
 6.17 	 4.90 	 1.49  	0
 6.18 	 3.73 	 1.60 	0
 6.18 	 4.42 	 1.49 	0
 6.18 	 5.03 	 1.44 	1
 6.18  	 4.69  	 1.51 	2
 6.19 	 3.76 	 1.64 	0
 6.19 	 4.17 	 1.53 	2
 6.19 	 4.47 	 1.53 	1
 6.19 	 5.11	 1.47 	2
 6.19  	 4.17 	 1.56 	1
 6.20 	 4.26  	 1.56 	2
 6.20 	 4.33 	 1.50  	1
 6.20 	 4.42 	 1.53 	2
 6.20  	 4.50  	 1.54 	2
 6.21 	 4.10 	 1.56 	0
 6.21 	 4.20  	 1.58 	2
 6.21 	 4.23 	 1.47 	2
 6.21 	 4.57 	 1.51 	2
 6.21 	 4.68 	 1.47 	1
 6.21  	 4.56 	 1.52 	2
 6.22 	 4.41 	 1.50 	1
 6.22 	 4.71  	 1.49  	2
 6.23 	 3.77 	 1.62 	2
 6.23 	 4.22 	 1.52 	2
 6.23  	 4.99  	 1.44  	2
 6.24 	 4.26 	 1.49   	2
 6.24 	 4.32 	 1.48 	2
 6.25 	 4.15 	 1.57 	2
 6.25 	 5.17 	 1.45 	2
 6.25 	 5.21 	 1.46 	2
 6.25  	 4.48 	 1.50 	2
 6.26 	 4.23 	 1.47 	0
 6.26 	 4.27 	 1.56 	1
 6.26 	 4.34 	 1.55    	2
 6.27 	 4.06 	 1.56 	2
 6.27 	 4.14 	 1.57 	2
 6.27 	 4.73 	 1.50 	2
 6.27  	 3.59 	 1.67  	2
 6.27  	 4.68  	 1.48  	2
 6.27  	 5.17 	 1.47 	0
 6.28 	 4.22 	 1.54 	0
 6.28 	 4.80 	 1.47 	2
 6.29 	 4.18 	 1.53 	2
 6.29 	 4.59 	 1.39 	2
 6.29 	 4.62 	 1.50 	0
 6.29 	 4.63 	 1.41 	2
 6.29 	 4.65 	 1.50  	2
 6.29  	 4.29 	 1.47 	2
 6.30 	 4.36 	 1.52 	1
 6.30 	 4.48 	 1.48 	0
 6.30 	 4.56 	 1.49 	0
 6.30 	 4.73 	 1.48 	0
 6.30 	 4.87 	 1.46 	2
 6.30  	 4.49 	 1.52 	1
 6.30  	 4.80 	 1.45 	2
 6.31 	 4.24  	 1.54  	0
 6.32 	 3.27 	 1.73 	0
 6.32 	 3.69 	 1.65 	0
 6.32 	 4.94 	 1.49 	2
 6.32  	 3.90 	 1.60 	2
 6.33 	 4.46 	 1.50 	2
 6.33 	 4.58 	 1.41 	0
 6.33 	 4.74 	 1.50 	2
 6.33 	 5.82 	 1.42 	0
 6.33   	 5.22 	 1.46  	0
 6.34  	 4.40  	 1.53 	2
 6.35 	 4.30 	 1.52 	2
 6.35 	 4.69 	 1.47 	2
 6.36 	 3.99 	 1.59 	2
 6.36 	 4.41 	 1.49 	2
 6.36 	 4.50 	 1.43 	2
 6.36  	 5.27 	 1.43 	2
 6.37 	 3.65 	 1.64 	2
 6.37 	 4.03 	 1.58 	1
 6.37 	 4.34 	 1.53 	0
 6.38 	 4.50 	 1.48 	2
 6.38 	 4.54 	 1.49 	0
 6.38 	 4.57 	 1.49 	0
 6.38 	 4.75 	 1.47 	2
 6.38 	 5.15 	 1.42 	0
 6.38  	 4.85  	 1.46  	2
 6.39 	 4.68 	 1.50 	2
 6.39 	 4.70 	 1.50 	2
 6.39  	 4.55 	 1.50  	2
 6.40 	 4.34 	 1.52 	2
 6.40 	 4.51 	 1.51 	2
 6.40 	 4.54 	 1.52  	2
 6.40 	 4.65 	 1.50 	2
 6.40 	 4.87 	 1.40 	2
 6.40 	 4.94 	 1.45 	2
 6.40  	 4.81 	 1.41 	2
 6.41 	 3.78 	 1.60 	2
 6.41 	 4.08 	 1.54 	0
 6.41 	 4.15  	 1.54 	2
 6.41 	 4.78 	 1.49 	2
 6.41 	 4.83 	 1.46 	2
 6.41  	 5.39  	 1.42  	2
 6.42 	 3.96 	 1.42 	2
 6.42 	 4.01	 1.58 	2
 6.42 	 4.13 	 1.54 	2
 6.42 	 4.93 	 1.46 	2
 6.42 	 5.01 	 1.47 	2
 6.43 	 4.21 	 1.44 	0
 6.43 	 4.23 	 1.50 	2
 6.43 	 4.81 	 1.41 	2
 6.43  	 4.51  	 1.52  	2
 6.44 	 4.25 	 1.52 	0
 6.44 	 4.45 	 1.48 	2
 6.44 	 4.92 	 1.44 	2
 6.44 	 5.41 	 1.40 	2
 6.45 	 4.19 	 1.44 	1
 6.45 	 4.57 	 1.49 	1
 6.45 	 4.65  	 1.49  	0
 6.45 	 5.03 	 1.42 	1
 6.45  	 5.54  	 1.41  	1
 6.45  	 5.79  	 1.41  	2
 6.46 	 3.59 	 1.57 	2
 6.46 	 4.77 	 1.46 	1
 6.47 	 4.75 	 1.46 	2
 6.48 	 3.94 	 1.58 	2
 6.48 	 4.06 	 1.57 	0
 6.49 	 4.16 	 1.51 	2
 6.49 	 4.52 	 1.44 	2
 6.49 	 4.61 	 1.50 	2
 6.50 	 3.67 	 1.62 	1
 6.50 	 4.99 	 1.45 	0
 6.51 	 4.72 	 1.46  	2
 6.51 	 4.87 	 1.45 	2
 6.52 	 4.69 	 1.45 	2
 6.52 	 4.85  	 1.46  	0
 6.53 	 3.86  	 1.59 	2
 6.53 	 4.78 	 1.46 	1
 6.53 	 4.79 	 1.45 	2
 6.53  	 4.49  	 1.49  	2
 6.53  	 5.19 	 1.45 	2
 6.54 	 5.13 	 1.43 	2
 6.54  	 4.80  	 1.48  	0
 6.55 	 4.14 	 1.55 	2
 6.55 	 4.29 	 1.54 	0
 6.55 	 4.64 	 1.45 	2
 6.55 	 4.67 	 1.49 	0
 6.55  	 3.80  	 1.59 	2
 6.55   	 4.81  	 1.47 	2
 6.56 	 3.96 	 1.58 	2
 6.56 	 4.07 	 1.50 	1
 6.56 	 4.86 	 1.47 	2
 6.56 	 4.92 	 1.45  	2
 6.57 	 3.84 	 1.58 	2
 6.57 	 4.54 	 1.50 	2
 6.57 	 4.65 	 1.48 	2
 6.57 	 4.88 	 1.44 	2
 6.57 	 4.93 	 1.44 	2
 6.58 	 4.30 	 1.53 	2
 6.58 	 4.67 	 1.39 	2
 6.58  	 4.93 	 1.44 	1
 6.59 	 4.17 	 1.51 	1
 6.59 	 4.54 	 1.49 	0
 6.59 	 4.60 	 1.45 	0
 6.60 	 3.98  	 1.55 	1
 6.60 	 4.42 	 1.49 	0
 6.61 	 3.50 	 1.66 	0
 6.61 	 4.27 	 1.50 	2
 6.61 	 4.43 	 1.49 	0
 6.61 	 4.68 	 1.49 	2
 6.61 	 4.71 	 1.47 	2
 6.61 	 4.94 	 1.46 	2
 6.61 	 5.20 	 1.42 	2
 6.62 	 4.40 	 1.43 	2
 6.63 	 4.04 	 1.55 	0
 6.63 	 4.61 	 1.47 	2
 6.63 	 4.92 	 1.43 	2
 6.64 	 3.99 	 1.53 	2
 6.64 	 4.23 	 1.54 	2
 6.64 	 4.37 	 1.48 	1
 6.64 	 4.67 	 1.48 	2
 6.64 	 4.90 	 1.45 	2
 6.64 	 4.97 	 1.39 	2
 6.64 	 5.04 	 1.41 	2
 6.64  	 5.03  	 1.43  	2
 6.65 	 4.34 	 1.52 	0
 6.66 	 4.52 	 1.48 	2
 6.66 	 4.75 	 1.47 	2
 6.66 	 4.84 	 1.47 	0
 6.66 	 5.23 	 1.43 	1
 6.66 	 5.23 	 1.43  	1
 6.66  	 5.59  	 1.42  	2
 6.67 	 3.78 	 1.58 	1
 6.67 	 4.25 	 1.53 	2
 6.67 	 4.41 	 1.49 	1
 6.67 	 4.73 	 1.46 	2
 6.67 	 4.91 	 1.43 	2
 6.68 	 4.44 	 1.51 	0
 6.68 	 4.60 	 1.48 	2
 6.68 	 5.13 	 1.44   	2
 6.69 	 4.08 	 1.53 	0
 6.69 	 4.38 	 1.49  	2
 6.69 	 4.78 	 1.39 	2
 6.69 	 4.80 	 1.44 	2
 6.69  	 4.51  	 1.48  	1
 6.70 	 4.14 	 1.48 	2
 6.70 	 4.28 	 1.50 	0
 6.70 	 4.57 	 1.48 	2
 6.71 	 3.97 	 1.51 	2
 6.71 	 4.16 	 1.54  	1
 6.71 	 4.46 	 1.44 	2
 6.71 	 4.67 	 1.46 	2
 6.71 	 4.73 	 1.43 	1
 6.72 	 4.34 	 1.49 	2
 6.72 	 4.34 	 1.49 	2
 6.72 	 4.43 	 1.50 	2
 6.72 	 4.62 	 1.47 	2
 6.72 	 5.10 	 1.36 	1
 6.72  	 4.64 	 1.49 	2
 6.73 	 4.26 	 1.46 	0
 6.73 	 4.37 	 1.49  	2
 6.73 	 4.51 	 1.49  	0
 6.73 	 4.55 	 1.45 	1
 6.73 	 4.91 	 1.46 	2
 6.73 	 4.93 	 1.44 	2
 6.74 	 4.08 	 1.56 	1
 6.74 	 4.42 	 1.52 	0
 6.74 	 4.72 	 1.46 	0
 6.74 	 4.78 	 1.45 	1
 6.75 	 4.40 	 1.42 	2
 6.75 	 4.71 	 1.37 	0
 6.75 	 4.83 	 1.41 	2
 6.75 	 4.88  	 1.46  	2
 6.75  	 5.18 	  1.43  	2
 6.75  	 5.58    	 1.41  	2
 6.76 	 4.55 	 1.48 	2
 6.76 	 4.60 	 1.49 	0
 6.76 	 4.69 	 1.44 	0
 6.76  	 4.75  	 1.47 	0
 6.77 	 3.80 	 1.52 	0
 6.77 	 4.04 	 1.50 	2
 6.77 	 4.73 	 1.45 	2
 6.77 	 4.78 	 1.44 	2
 6.78 	 4.41 	 1.49  	0
 6.78 	 4.48 	 1.51 	2
 6.78 	 4.54 	 1.45  	0
 6.78 	 4.76 	 1.45 	2
 6.78 	 5.01 	 1.44 	0
 6.78  	 4.56 	 1.49 	2
 6.79 	 3.83 	 1.53 	2
 6.79 	 3.85 	 1.56  	2
 6.80 	 4.85 	 1.38 	2
 6.81 	 4.00 	 1.55 	2
 6.82 	 4.55 	 1.45 	2
 6.82 	 4.59 	 1.45 	2
 6.82 	 4.98 	 1.44 	1
 6.82  	 5.27 	 1.43 	2
 6.83 	 4.54 	 1.48 	0
 6.83 	 4.83 	 1.47 	2
 6.83 	 4.88 	 1.45 	0
 6.83 	 5.21 	 1.40 	2
 6.84 	 4.29  	 1.51 	2
 6.84 	 4.52 	 1.48 	2
 6.84 	 4.75 	 1.46  	2
 6.84 	 4.94 	 1.44 	1
 6.86 	 4.06 	 1.53  	0
 6.86 	 4.46  	 1.46 	2
 6.86 	 4.61 	 1.46 	2
 6.86 	 4.73 	 1.47 	2
 6.87 	 3.94 	 1.53 	2
 6.87 	 4.41 	 1.47 	2
 6.87 	 4.47 	 1.49 	2
 6.87 	 4.76 	 1.44 	0
 6.89 	 3.58 	 1.64 	2
 6.89 	 4.27 	 1.49 	2
 6.89 	 4.37 	 1.46 	2
 6.89 	 4.73 	 1.41 	2
 6.89 	 5.11 	 1.44 	0
 6.90 	 4.72 	 1.44 	2
 6.90 	 5.34  	 1.40 	2
 6.91 	 4.37 	 1.50 	2
 6.91 	 4.55 	 1.48 	1
 6.91 	 4.68 	 1.45 	2
 6.91 	 4.80 	 1.42 	0
 6.92 	 4.22 	 1.48 	2
 6.92 	 4.46 	 1.50 	0
 6.92 	 4.79 	 1.45 	2
 6.93 	 5.05 	 1.44 	2
 6.94 	 4.64 	 1.48 	2
 6.94 	 4.68 	 1.44 	1
 6.94 	 4.81 	 1.46 	2
 6.94 	 5.24 	 1.40 	2
 6.95 	 4.07 	 1.51 	2
 6.96 	 4.23 	 1.48 	1
 6.96 	 4.65 	 1.41 	2
 6.97 	 3.83 	 1.56 	2
 6.97 	 4.01 	 1.55 	0
 6.97 	 4.66 	 1.47 	2
 6.97 	 4.92 	 1.43 	2
 6.97 	 4.92 	 1.43 	2
 6.97  	 4.23  	 1.50  	2
 6.98 	 4.30 	 1.51 	2
 6.98 	 4.75 	 1.44 	2
 6.98 	 4.78 	 1.46 	2
 6.98 	 4.79 	 1.38 	0
 6.99 	 4.40 	 1.48 	2
 6.99 	 4.82  	 1.46 	2
 6.99 	 5.07  	 1.44 	2
 7.00 	 5.02	 1.44 	2
 7.00 	 5.12 	 1.38  	2
 7.00 	 5.27  	 1.43 	1
 7.00 	 5.34 	 1.40 	2
 7.01 	 3.91 	 1.55 	0
 7.01 	 4.46 	 1.41 	2
 7.02 	 4.51 	 1.46 	2
 7.02 	 4.54 	 1.48 	2
 7.02 	 5.28 	 1.40 	0
 7.02  	 5.13 	 1.41  	0
 7.03 	 4.82 	 1.46 	1
 7.03 	 4.96 	 1.43 	2
 7.04 	 4.76 	 1.44 	2
 7.05 	 4.08 	 1.52 	0
 7.05 	 4.84 	 1.44 	1
 7.06 	 4.52 	 1.47 	2
 7.06 	 5.05 	 1.43 	2
 7.07 	 3.95 	 1.54 	2
 7.07 	 4.57 	 1.46  	0
 7.08 	 4.57 	 1.47 	2
 7.08 	 5.24 	 1.40 	1
 7.09 	 4.51 	 1.49 	0
 7.09 	 4.57 	 1.46 	1
 7.09 	 4.98 	 1.42 	2
 7.09 	 5.09 	 1.38 	2
 7.09 	 5.32  	 1.39  	2
 7.10 	 4.21 	 1.51 	0
 7.10 	 4.27 	 1.49 	2
 7.10 	 4.92 	 1.42 	0
 7.10 	 4.93 	 1.43 	2
 7.10 	 4.94  	 1.44 	2
 7.10 	 5.03 	 1.42 	2
 7.10 	 5.14 	 1.41 	1
 7.10 	 5.19 	 1.41  	2
 7.11 	 4.74 	 1.37 	2
 7.11 	 4.90 	 1.42 	2
 7.12	 4.49 	 1.48 	2
 7.12 	 4.71 	 1.44 	2
 7.12 	 4.97 	 1.40 	2
 7.12 	 5.29 	 1.41 	0
 7.13 	 5.16 	 1.40 	1
 7.13  	 3.49 	 1.64 	2
 7.14 	 4.65  	 1.44 	2
 7.14 	 5.10  	 1.40 	2
 7.14 	 5.74 	 1.39 	1
 7.15 	 4.08 	 1.53  	0
 7.15 	 4.80 	 1.45 	2
 7.15 	 4.97 	 1.40 	2
 7.16 	 4.03 	 1.51 	2
 7.16 	 4.37 	 1.47 	2
 7.16 	 4.76 	 1.39 	2
 7.16 	 4.84 	 1.45 	2
 7.17 	 5.29 	 1.40 	2
 7.18 	 4.65 	 1.45 	2
 7.18 	 5.34 	 1.38 	2
 7.18 	 5.44 	 1.40 	2
 7.18 	 5.69  	 1.37  	2
 7.19 	 4.50 	 1.46 	2
 7.19 	 5.03 	 1.44 	2
 7.19 	 5.61 	 9.62 	1
 7.20 	 4.31 	 1.50 	0
 7.20 	 4.40 	 1.47 	2
 7.20 	 4.42 	 1.47 	2
 7.20 	 4.68 	 1.38 	0
 7.20  	 4.05 	 1.54 	2
 7.21 	 4.46 	 1.42 	2
 7.21 	 5.21 	 1.37 	2
 7.22 	 4.44 	 1.39 	1
 7.22 	 5.27 	 1.40 	2
 7.23 	 4.27 	 1.48 	2
 7.23 	 4.76 	 1.43 	2
 7.24 	 4.70 	 1.45 	1
 7.26 	 4.48 	 1.43 	0
 7.26 	 4.68 	 1.46 	2
 7.26  	 5.14  	 1.39  	2
 7.27 	 4.87 	 1.42 	2
 7.28 	 4.92 	 1.36 	0
 7.29 	 3.95 	 1.55 	2
 7.29 	 4.22 	 1.47 	1
 7.29  	 5.03  	 1.42  	0
 7.30 	 4.66 	 1.44 	2
 7.30 	 4.83 	 1.36 	2
 7.31 	 4.70 	 1.43 	2
 7.31 	 4.75 	 1.45 	2
 7.31 	 4.83 	 1.36 	0
 7.31  	 6.03 	 1.34  	2
 7.32 	 4.59 	 1.43 	2
 7.32 	 4.67 	 1.43 	2
 7.32 	 4.88 	 1.42 	0
 7.32 	 5.02 	 1.40 	2
 7.32 	 5.20 	 1.39 	2
 7.33 	 4.27 	 1.51 	2
 7.33 	 4.65 	 1.44 	0
 7.34 	 4.86 	 1.40 	2
 7.34 	 5.39 	 1.38  	2
 7.35 	 3.98 	 1.52 	0
 7.35 	 4.59 	 1.41 	2
 7.35 	 5.41  	 1.36 	2
 7.35  	 5.18  	 1.40  	2
 7.36 	 4.80 	 1.36 	2
 7.36 	 5.09 	 1.39 	2
 7.36  	 4.88 	 1.42 	2
 7.36   	 4.81  	 1.44 	2
 7.38 	 4.05 	 1.52 	0
 7.38 	 4.06 	 1.49 	2
 7.38 	 4.45  	 1.48  	2
 7.38 	 4.94 	 1.39 	2
 7.38 	 5.51 	 1.36 	2
 7.39  	 4.76 	 1.44 	2
 7.40 	 4.27 	 1.40 	2
 7.40 	 4.44 	 1.48 	2
 7.40 	 5.00 	 1.38 	1
 7.40 	 5.23 	 1.38 	2
 7.40  	 6.21  	 1.33  	2
 7.41 	 4.71 	 1.44 	2
 7.41 	 5.09 	 1.38 	2
 7.41 	 5.10	 1.41 	0
 7.41  	 4.52  	 1.47 	2
 7.42 	 4.63 	 1.43 	2
 7.42 	 4.63 	 1.43 	2
 7.43 	 5.13 	 1.40 	2
 7.44 	 4.96 	 1.43 	0
 7.45 	 4.76 	 1.43 	0
 7.46 	 5.17 	 1.37 	1
 7.47 	 4.89 	 1.42 	2
 7.48 	 4.99 	 1.41 	2
 7.48  	 5.28  	 1.38  	2
 7.49 	 4.42 	 1.47 	2
 7.49 	 5.06 	 1.38 	2
 7.49  	 4.50 	 1.45 	2
 7.51 	 4.79 	 1.44 	2
 7.51 	 5.48 	 1.37 	1
 7.52 	 4.39 	 1.46 	0
 7.52 	 4.51 	 1.45 	2
 7.52 	 4.71 	 1.42 	2
 7.52 	 4.77 	 1.42 	2
 7.52 	 5.03	 1.42 	1
 7.52 	 5.20 	 1.37 	0
 7.52 	 5.68 	 1.37 	2
 7.52 	 5.95  	 1.34 	2
 7.52  	 4.67 	 1.44  	2
 7.53 	 4.55 	 1.46  	2
 7.53 	 5.05 	 1.39 	2
 7.53 	 5.18 	 1.38 	2
 7.53 	 5.60  	 1.38  	0
 7.54 	 4.25 	 1.47 	2
 7.54 	 4.64 	 1.43 	2
 7.55 	 5.41 	 1.36 	2
 7.56 	 4.38 	 1.45 	2
 7.56  	 4.51 	 1.43 	1
 7.57 	 4.56 	 1.45 	2
 7.57 	 4.74 	 1.38 	1
 7.57 	 4.87 	 1.42  	2
 7.58 	 2.66 	 1.80 	2
 7.59 	 5.46 	 1.36 	2
 7.59 	 5.57 	 1.35 	2
 7.59  	 5.39 	 1.39 	2
 7.60 	 4.91 	 1.40 	2
 7.60 	 5.03  	 1.41  	1
 7.62 	 4.78 	 1.43 	2
 7.62 	 4.79 	 1.42 	2
 7.62 	 5.61  	 1.37 	2
 7.62  	 4.80 	 1.43 	2
 7.65 	 5.34 	 1.37 	2
 7.66 	 3.85 	 1.54  	2
 7.66 	 4.40 	 1.44 	0
 7.66 	 5.43 	 1.34 	2
 7.67 	 4.97 	 1.40 	2
 7.67 	 5.08 	 1.33 	1
 7.68 	 4.29 	 1.47 	0
 7.68 	 4.72 	 1.43 	2
 7.68 	 4.80 	 1.43 	1
 7.68 	 5.45 	 1.36 	0
 7.68 	 5.52 	 1.35 	2
 7.69 	 4.60  	 1.45 	2
 7.69 	 5.03  	 1.39 	2
 7.70 	 4.26  	 1.49  	2
 7.70 	 4.80 	 1.39 	0
 7.71 	 4.70 	 1.42 	2
 7.71 	 5.25 	 1.38 	1
 7.72 	 4.30 	 1.46 	2
 7.73 	 4.85 	 1.42 	2
 7.73  	 5.22 	 1.37 	2
 7.74 	 4.49 	 1.44 	1
 7.74 	 4.70 	 1.42  	1
 7.75 	 4.52 	 1.39  	0
 7.75 	 5.21 	 1.38 	2
 7.76 	 4.91 	 1.40 	2
 7.76 	 5.06 	 1.39 	1
 7.76 	 5.44 	 1.37 	2
 7.77 	 4.36 	 1.47 	2
 7.77 	 4.54 	 1.46 	2
 7.77 	 5.41 	 1.37 	2
 7.78 	 4.94 	 1.36 	1
 7.78 	 5.03 	 1.37 	1
 7.79 	 4.50 	 1.42 	1
 7.79 	 4.82 	 1.42 	2
 7.79 	 4.90 	 1.42 	2
 7.79  	 5.11  	 1.39  	1
 7.80  	 5.56  	 1.34  	2
 7.81 	 4.58 	 1.43 	2
 7.81 	 5.46 	 1.37 	2
 7.81     	 5.03 	 1.38 	2
 7.82 	 4.75 	 1.41 	2
 7.82 	 4.75 	 1.41 	2
 7.83 	 4.83 	 1.41 	2
 7.84 	 4.20 	 1.46 	2
 7.84 	 4.98 	 1.40  	0
 7.85 	 4.61 	 1.45 	2
 7.88 	 4.36 	 1.45 	2
 7.88 	 4.51 	 1.44 	2
 7.90 	 4.49 	 1.45 	0
 7.90 	 4.98 	 1.39 	2
 7.91 	 5.99 	 1.33 	2
 7.92 	 4.55 	 1.43 	2
 7.92 	 4.79 	 1.38 	2
 7.92 	 5.41 	 1.36 	2
 7.96 	 5.10 	 1.40 	0
 7.96 	 5.37  	 1.35 	2
 7.96  	 5.08 	 1.40 	2
 7.99 	 4.82 	 1.40 	2
 7.99 	 4.89 	 1.34 	2
 8.00 	 5.61 	 1.35 	0
 8.01 	 4.95 	 1.39 	2
 8.01 	 5.20 	 1.39 	1
 8.01 	 5.26 	 1.37 	2
 8.01 	 5.49 	 1.31 	2
 8.03  	 5.21 	 1.36 	0
 8.04 	 4.92 	 1.37 	2
 8.04  	 4.82 	 1.41  	1
 8.05 	 5.05 	 1.39 	2
 8.07 	 4.32 	 1.47 	2
 8.07 	 5.09 	 1.39 	2
 8.07 	 5.16 	 1.37 	1
 8.08 	 4.78 	 1.38 	0
 8.08 	 5.48 	 1.35 	2
 8.08 	 6.25 	 1.30 	2
 8.09 	 4.52 	 1.43 	2
 8.09 	 4.67 	 1.40 	2
 8.10 	 5.25 	 1.39 	2
 8.11 	 5.14 	 1.37 	2
 8.11 	 5.48   	 1.37 	2
 8.12 	 4.54 	 1.38 	2
 8.12 	 5.42 	 1.36 	2
 8.13 	 5.34 	 1.36  	2
 8.16 	 4.70 	 1.41 	2
 8.16 	 4.93 	 1.42 	2
 8.17 	 4.83 	 1.41 	2
 8.17 	 4.96 	 1.40 	2
 8.17 	 5.18 	 1.35 	0
 8.18 	 4.97 	 1.41 	2
 8.18 	 5.49 	 1.34 	2
 8.19 	 5.20 	 1.38 	2
 8.20 	 5.06 	 1.36 	2
 8.20 	 5.33 	 1.37 	2
 8.20 	 5.72 	 1.35 	2
 8.20 	 6.26  	 1.32 	2
 8.21 	 4.06	 1.49 	1
 8.21 	 5.12 	 1.38 	2
 8.24 	 4.86 	 1.39  	2
 8.25 	 5.46 	 1.27 	2
 8.26 	 4.70 	 1.41 	1
 8.26 	 5.23 	 1.36 	0
 8.27 	 4.82 	 1.38 	0
 8.28 	 4.55 	 1.40 	2
 8.28 	 5.15 	 1.34 	2
 8.28 	 5.40 	 1.33 	2
 8.29 	 4.42 	 1.43 	2
 8.29 	 4.84 	 1.37 	2
 8.30 	 4.59 	 1.41 	2
 8.31 	 5.40 	 1.34 	2
 8.31 	 5.70 	 1.33 	0
 8.32 	 5.11 	 1.30 	1
 8.35 	 4.50 	 1.41 	0
 8.35 	 5.08  	 1.39 	2
 8.36 	 5.03 	 1.33 	2
 8.36 	 5.12 	 1.36 	2
 8.36 	 5.14 	 1.36 	2
 8.36 	 5.54 	 1.35 	2
 8.36 	 5.59 	 1.28 	2
 8.36  	 5.06	 1.37  	2
 8.37 	 4.63 	 1.41 	2
 8.37 	 5.64 	 1.27 	2
 8.38 	 4.38 	 1.43 	2
 8.38 	 5.81 	 1.32 	2
 8.39 	 5.34 	 1.30  	2
 8.40 	 4.90 	 1.37 	2
 8.41 	 4.46 	 1.42 	2
 8.41 	 5.46 	 1.27 	2
 8.41 	 5.59 	 1.35 	0
 8.41  	 4.83 	 1.39 	2
 8.45 	 5.51 	 1.36 	2
 8.46 	 5.76  	 1.33 	2
 8.46  	 4.27 	 1.37 	2
 8.48 	 4.79 	 1.39 	2
 8.48 	 5.02 	 1.39 	2
 8.48 	 5.31 	 1.36 	2
 8.48  	 5.30 	 1.36 	2
 8.49 	 5.40 	 1.29 	2
 8.49 	 5.78 	 1.32 	2
 8.50 	 4.24 	 1.42 	2
 8.50 	 4.93 	 1.40 	2
 8.50 	 4.95 	 1.37 	2
 8.50 	 5.35 	 1.35 	2
 8.51 	 4.23 	 1.43 	1
 8.51 	 5.02 	 1.35 	2
 8.52 	 4.49 	 1.42 	2
 8.52 	 5.50 	 1.34 	0
 8.53 	 5.29 	 1.34 	2
 8.54 	 4.43 	 1.35 	2
 8.55 	 5.73 	 1.27 	2
 8.55 	 6.28 	 1.28 	2
 8.56  	 5.17 	 1.32 	2
 8.57 	 5.60 	 1.35 	0
 8.58 	 4.63 	 1.40 	2
 8.58 	 5.70 	 1.34 	2
 8.58 	 5.74 	 1.32 	0
 8.60 	 5.36  	 1.36 	2
 8.60 	 5.65 	 1.34 	0
 8.61 	 4.36 	 1.39 	2
 8.62  	 6.02 	 1.31  	0
 8.63  	 5.23  	 1.35 	2
 8.63  	 6.01	 1.31 	0
 8.64 	 4.21 	 1.45 	0
 8.64 	 4.74 	 1.41 	0
 8.64 	 4.94 	 1.34 	1
 8.64 	 5.47 	 1.30 	1
 8.64 	 6.17 	 1.30 	2
 8.65 	 4.82 	 1.37 	2
 8.66 	 4.48 	 1.38 	2
 8.66 	 4.93 	 1.37 	2
 8.66 	 5.26 	 1.37 	1
 8.66 	 5.80 	 1.30 	2
 8.66 	 6.76 	 1.30 	2
 8.67 	  6.02 	 1.33 	1
 8.67 	 4.53 	 1.35 	1
 8.68 	 5.79 	 1.30 	2
 8.68 	 6.02 	 1.30 	2
 8.69 	 5.01 	 1.35 	2
 8.70 	 4.87 	 1.36 	0
 8.70 	 5.02 	 1.38 	0
 8.70 	 5.41 	 1.28 	2
 8.70 	 5.44 	 1.28 	2
 8.70 	 6.85 	 1.27 	1
 8.71 	 4.99 	 1.32 	2
 8.71 	 5.45 	 1.31 	2
 8.71 	 5.50 	 1.33 	2
 8.72 	 5.09 	 1.29 	2
 8.72 	 5.42 	 1.33 	2
 8.72 	 5.46 	 1.35 	2
 8.72  	 5.48 	 1.33 	2
 8.74 	 4.73 	 1.41 	2
 8.74 	 6.19 	 1.31  	1
 8.75 	 5.11 	 1.35 	2
 8.75 	 5.38 	 1.32 	2
 8.76 	 6.08 	 1.28 	1
 8.77 	 5.03  	 1.36 	2
 8.78 	 4.51 	 1.37  	0
 8.78 	 5.21  	 1.30 	2
 8.78 	 5.65 	 1.34 	1
 8.78 	 5.84 	 1.33 	2
 8.79  	 6.06 	 1.30 	2
 8.80 	 4.62 	 1.37 	2
 8.80 	 4.90 	 1.31 	2
 8.81 	 5.12 	 1.37 	2
 8.82 	 4.36 	 1.44 	2
 8.82 	 4.99 	 1.35  	0
 8.82 	 5.32 	 1.28 	0
 8.82 	 5.79 	 1.31 	2
 8.82  	 4.91  	 1.38  	2
 8.83 	 5.92 	 1.25 	2
 8.86 	 4.92 	 1.37 	2
 8.87 	 4.93  	 1.38 	0
 8.88 	 5.20 	 1.35 	2
 8.89 	 5.02 	 1.34 	2
 8.89  	 6.26  	 1.29  	2
 8.90 	 5.43 	 1.34 	2
 8.91 	 5.20 	 1.29 	2
 8.91 	 6.04 	 1.31 	2
 8.92 	 5.95 	 1.29 	0
 8.95 	 4.92 	 1.37 	2
 8.95 	 4.92 	 1.37 	2
 8.95 	 4.95 	 1.34 	1
 8.95 	 5.65 	 1.34 	0
 8.96 	 5.56 	 1.31 	2
 8.97 	 4.91 	 1.36 	0
 8.97 	 4.91 	 1.36 	0
 8.98 	 5.22 	 1.34 	2
 8.98 	 6.48 	 1.27 	2
 8.99 	 5.61 	 1.30 	0
 9.00	 6.05 	 1.32 	2
 9.00 	 5.79 	 1.27 	2
 9.00 	 6.74  	 1.28  	0
 9.04  	 4.79 	 1.37 	2
 9.05 	 5.74 	 1.31 	2
 9.05  	 5.78  	 1.31  	2
 9.06 	 4.58 	 1.37 	2
 9.06 	 4.68 	 1.35 	2
 9.06 	 5.15 	 1.34 	2
 9.08 	 4.49 	 1.36 	2
 9.08 	 5.23 	 1.33 	2
 9.08 	 5.24 	 1.34 	2
 9.10 	 5.03 	 1.36 	0
 9.11 	 4.61 	 1.32 	0
 9.12	 5.86 	 1.31  	2
 9.12 	 5.34 	 1.29 	1
 9.14 	 5.43 	 1.32 	0
 9.15 	 5.59 	 1.33 	0
 9.16 	 5.25 	 1.34 	1
 9.16 	 5.37 	 1.34 	2
 9.16 	 5.47 	 1.32 	2
 9.16 	 5.96 	 1.30 	2
 9.17 	 5.01 	 1.34 	0
 9.17 	 5.25 	 1.35 	2
 9.18 	 5.06 	 1.35 	2
 9.19  	 6.17 	 1.31 	2
 9.20 	 6.06 	 1.31   	2
 9.22 	 5.00 	 1.34 	2
 9.22 	 5.76  	 1.32  	2
 9.22 	 5.86 	 1.25 	2
 9.23 	 6.07 	 1.31 	2
 9.24 	 5.70 	 1.26 	2
 9.24  	 4.86 	 1.35 	2
 9.27 	 5.07 	 1.31 	0
 9.28 	 5.52 	 1.33 	2
 9.29 	 4.96 	 1.36 	2
 9.30 	 5.90 	 1.26 	2
 9.31 	 5.45 	 1.33 	2
 9.32 	 4.54 	 1.38 	2
 9.35 	 4.48 	 1.35 	2
 9.36 	 5.86  	 1.31 	1
 9.36  	 5.14 	 1.36 	2
 9.37 	 4.46 	 1.40 	0
 9.37 	 4.85 	 1.34 	0
 9.37 	 5.49 	 1.31 	2
 9.38 	 5.40 	 1.33 	0
 9.39 	 5.59 	 1.26 	2
 9.40 	 5.55 	 1.33 	2
 9.41 	 4.60 	 1.37 	2
 9.41  	 5.71 	 1.31  	2
 9.41  	 6.12  	 1.30  	2
 9.45 	 4.83 	 1.36  	2
 9.45 	 6.43 	 1.25 	2
 9.46 	 5.81 	 1.29 	2
 9.47 	 4.88 	 1.38 	0
 9.48  	 6.62 	 1.28 	2
 9.49 	 5.64 	 1.30 	2
 9.50  	 5.22 	 1.35  	2
 9.51 	 5.07 	 1.29 	0
 9.52 	 5.11 	 1.30 	2
 9.52 	 6.27 	 1.29 	2
 9.53 	 5.24 	 1.33 	2
 9.53 	 5.24 	 1.33 	2
 9.53  	 5.29  	 1.34  	2
 9.57 	 5.14 	 1.33 	2
 9.57 	 5.35 	 1.33 	0
 9.58 	 5.66 	 1.33 	2
 9.58 	 5.90 	 1.28 	2
 9.58 	 6.00 	 1.29 	2
 9.60 	 5.30 	 1.32 	1
 9.61 	 4.67 	 1.38 	2
 9.63 	 5.02 	 1.30 	0
 9.63 	 6.10 	 1.28 	2
 9.64 	 5.67 	 1.32 	2
 9.65 	 6.03 	 1.30 	0
 9.65  	 6.00 	 1.29 	1
 9.66 	 5.95 	 1.27 	2
 9.69 	 5.13 	 1.31 	2
 9.71 	 5.41 	 1.31 	0
 9.71 	 6.24 	 1.27 	2
 9.73 	 5.11 	 1.33 	2
 9.73  	 5.55  	 1.33 	2
 9.76 	 5.87 	 1.30 	2
 9.77 	 6.38 	 1.26 	2
 9.77 	 6.44 	 1.27 	2
 9.83 	 5.85 	 1.30 	2
 9.84 	 4.98 	 1.33 	2
 9.84 	 5.37 	 1.29  	1
 9.84 	 5.57 	 1.25 	2
 9.85 	 5.67 	 1.30 	2
 9.85 	 6.19 	 1.26 	2
 9.86 	 6.36 	 1.27 	2
 9.86 	 6.88 	 1.26  	2
 9.87 	 5.86 	 1.29 	2
 9.88 	 4.88 	 1.33 	0
 9.89 	 4.65 	 1.35 	2
 9.89 	 5.19 	 1.34 	2
 9.89 	 5.82 	 1.29 	2
 9.91 	 5.75 	 1.31 	1
 9.92 	 6.00 	 1.28 	2
 9.93 	 5.14  	 1.33 	2
 9.96 	 5.24 	 1.31 	2
 9.98 	 5.48 	 1.32 	1
 9.98 	 5.61 	 1.30  	0 
 1.23 	 6.51 	 12.60 	1
 1.23 	 6.53 	 12.63 	0
 1.23 	 6.54 	 11.44 	1
 1.23 	 6.55 	 11.26 	0
 1.23 	 6.57 	 10.63 	1
 1.23 	 6.58 	 11.96 	2
 1.23 	 6.59 	 12.68 	1
 1.23 	 6.60 	 14.08 	1
 1.23 	 6.66 	 11.96 	1
 1.23 	 6.66 	 10.61 	1
 1.23 	 6.67 	 12.34 	1
 1.23 	 6.73  	 11.09  	1
 1.23 	 6.75 	 12.26 	1
 1.23 	 6.77 	 13.19 	1
 1.23 	 6.80 	 12.28 	1
 1.23 	 6.81 	 12.69 	2
 1.23 	 6.83 	 11.16 	1
 1.23 	 6.83 	 12.67 	1
 1.23 	 6.85 	 13.29  	0
 1.23 	 6.85 	 11.29 	1
 1.23 	 6.86 	 12.59 	0
 1.23 	 6.90 	 12.15 	1
 1.23 	 6.91 	 11.96  	1
 1.23 	 6.91  	 12.32 	1
 1.23 	 6.93 	 11.28 	0
 1.23 	 6.93 	 11.28 	1
 1.23 	 6.93 	 11.69 	2
 1.23 	 6.99 	 11.37 	1
 1.23 	 6.99 	 11.01 	1
 1.23 	 7.02 	 12.46 	1
 1.23 	 7.10 	 11.91 	2
 1.23 	 7.18 	 12.04 	1
 1.23 	 7.20 	 11.15 	0
 1.23 	 7.26 	 11.65 	2
 1.23 	 7.27 	 12.09 	1
 1.23 	 7.35 	 11.76 	1
 1.23 	 7.49 	 10.63  	1
 1.23 	 7.50 	 11.34 	0
 1.23 	 7.73 	 11.14 	1
 1.23  	 6.10 	 14.21 	1
 1.23  	 6.35 	 11.38 	1
 1.23  	 6.49   	 11.87  	1
 1.23  	 6.59 	 13.37 	1
 1.23  	 6.59  	 13.26   	1
 1.23  	 6.92 	 13.23  	1
 1.23  	 7.22 	 11.39 	1
 1.23  	 7.40  	 11.05  	1
 1.23   	  6.81  	 13.07  	1
 1.24 	 5.53 	 10.20 	1
 1.24 	 5.70 	 16.39 	1
 1.24 	 5.73 	 9.76 	1
 1.24 	 5.74 	 11.45 	1
 1.24 	 5.77 	 9.88 	2
 1.24 	 5.80 	 10.85 	1
 1.24 	 5.81 	 9.85 	2
 1.24 	 5.82 	 9.19 	1
 1.24 	 5.85 	 9.82 	1
 1.24 	 5.91 	 12.17 	0
 1.24 	 5.92 	 11.08 	0
 1.24 	 5.93 	 11.67 	1
 1.24 	 6.15 	 12.47 	1
 1.24 	 6.16 	 14.76 	1
 1.24 	 6.16 	 12.19 	1
 1.24 	 6.17 	 12.18 	1
 1.24 	 6.18 	 12.49 	1
 1.24 	 6.18  	 12.15 	1
 1.24 	 6.20  	 10.78 	1
 1.24 	 6.23 	 10.27 	1
 1.24 	 6.26 	 10.68 	1
 1.24 	 6.30 	 10.96 	1
 1.24 	 6.30 	 12.29 	1
 1.24 	 6.31 	 12.60 	0
 1.24 	 6.32 	 11.37 	1
 1.24 	 6.33 	 11.82 	0
 1.24 	 6.33 	 12.18 	1
 1.24 	 6.35 	 8.77 	1
 1.24 	 6.36 	 13.60 	1
 1.24 	 6.36 	 13.25 	1
 1.24 	 6.38 	 10.36 	1
 1.24 	 6.38 	 12.66 	1
 1.24 	 6.42 	 11.95 	1
 1.24 	 6.43 	 12.14 	1
 1.24 	 6.43 	 10.61 	1
 1.24 	 6.46 	 10.82 	1
 1.24 	 6.48 	 11.70 	1
 1.24 	 6.48 	 11.24 	1
 1.24 	 6.50 	 12.82 	0
 1.24 	 6.50 	 11.41 	1
 1.24 	 6.52 	 12.41 	1
 1.24 	 6.53 	 11.35 	1
 1.24 	 6.53 	 10.66 	1
 1.24 	 6.55 	 9.86 	1
 1.24 	 6.55 	 10.45 	1
 1.24 	 6.59 	 12.48 	1
 1.24 	 6.60 	 12.04 	0
 1.24 	 6.63  	 11.67 	1
 1.24 	 6.64 	 12.85 	1
 1.24 	 6.65 	 11.55 	1
 1.24 	 6.68 	 11.90 	1
 1.24 	 6.70 	 11.40  	1
 1.24 	 6.73 	 10.89 	1
 1.24 	 6.77 	 11.00 	1
 1.24 	 6.79 	 11.40 	1
 1.24 	 6.92 	 11.86 	1
 1.24 	 6.94 	 11.33 	1
 1.24 	 6.94 	 11.44 	1
 1.24 	 6.95 	 10.98 	1
 1.24 	 6.96 	 11.17 	1
 1.24 	 6.98 	 11.85   	1
 1.24 	 7.13 	 9.84 	1
 1.24 	 7.23 	 11.24 	0
 1.24  	 6.00 	 13.03 	1
 1.24  	 6.42  	 12.17  	1
 1.24  	 6.44 	 13.10	1
 1.24  	 6.80  	 10.55 	2
 1.24  	 6.86  	 11.58  	1
 1.24  	 6.94   	 11.13  	1
 1.24  	 7.04   	 11.32 	1
 1.24  	 7.13   	 10.58  	1
 1.24   	 6.58  	 11.19  	1
 1.25 	 5.18 	 11.91  	1
 1.25 	 5.35 	 11.15 	1
 1.25 	 5.39 	 10.03 	2
 1.25 	 5.45 	 9.01 	2
 1.25 	 5.49 	 12.47 	0
 1.25 	 5.63 	 9.81 	1
 1.25 	 5.64 	 9.21 	0
 1.25 	 5.64 	 12.28 	1
 1.25 	 5.70 	 9.07 	1
 1.25 	 5.71 	 9.77 	0
 1.25 	 5.76 	 9.53 	1
 1.25 	 5.77 	 11.96 	1
 1.25 	 5.77 	 11.06 	0
 1.25 	 5.79 	 9.28  	2
 1.25 	 5.80 	 9.22 	1
 1.25 	 5.85 	 11.64 	1
 1.25 	 5.89 	 11.06 	1
 1.25 	 5.90 	 12.28 	1
 1.25 	 5.93 	 12.04 	1
 1.25 	 5.99  	 11.59 	0
 1.25 	 6.01 	 12.30 	1
 1.25 	 6.02 	 12.64 	1
 1.25 	 6.02 	 11.74 	1
 1.25 	 6.05 	 11.30 	1
 1.25 	 6.06 	 13.84 	0
 1.25 	 6.06 	 11.52 	1
 1.25 	 6.06 	 12.23 	1
 1.25 	 6.08 	 11.77 	1
 1.25 	 6.09 	 7.87 	1
 1.25 	 6.09 	 10.63 	0
 1.25 	 6.13 	 10.47 	1
 1.25 	 6.14 	 12.71 	2
 1.25 	 6.14 	 10.29 	1
 1.25 	 6.15 	 11.82 	1
 1.25 	 6.18 	 11.87 	0
 1.25 	 6.18 	 11.49 	1
 1.25 	 6.18  	 12.31 	1
 1.25 	 6.19 	 12.51 	1
 1.25 	 6.24 	 12.44 	1
 1.25 	 6.24  	 10.78 	1
 1.25 	 6.29 	 10.95 	0
 1.25 	 6.30 	 10.80 	1
 1.25 	 6.36 	 11.50 	1
 1.25 	 6.37 	 10.95 	1
 1.25 	 6.39 	 9.42 	1
 1.25 	 6.41 	 12.08 	1
 1.25 	 6.49 	 11.48 	1
 1.25 	 6.51 	 10.30 	1
 1.25 	 6.51 	 10.89 	1
 1.25 	 6.55 	 10.28  	1
 1.25 	 6.55 	 11.42 	1
 1.25 	 6.57 	 10.58 	1
 1.25 	 6.59 	 12.08 	2
 1.25 	 6.68 	 11.22 	2
 1.25 	 6.68  	 10.89 	1
 1.25 	 6.78 	 11.80 	1
 1.25 	 6.80 	 9.96 	0
 1.25 	 6.84 	 10.60 	0
 1.25 	 6.85 	 10.10 	1
 1.25  	 6.21  	 12.23  	1
 1.25  	 6.31 	 11.34 	1
 1.25  	 6.41  	 10.70  	1
 1.25  	 6.58  	 9.67  	1
 1.26 	 5.49 	 10.66 	1
 1.26 	 5.53 	 9.43 	2
 1.26 	 5.71 	 10.91 	2
 1.26 	 5.71 	 8.67 	1
 1.26 	 5.76 	 8.50 	1
 1.26 	 5.84  	 13.04 	1
 1.26 	 5.86 	 10.65 	1
 1.26 	 5.86 	 9.07 	1
 1.26 	 5.88 	 11.73 	1
 1.26 	 5.93 	 11.65  	1
 1.26 	 5.94 	 11.64 	1
 1.26 	 5.95 	 13.53 	1
 1.26 	 5.95 	 11.44 	1
 1.26 	 5.95 	 11.99 	1
 1.26 	 5.95 	 10.13 	1
 1.26 	 5.97 	 11.98 	1
 1.26 	 6.00	 10.71 	0
 1.26 	 6.00 	 11.73 	0
 1.26 	 6.03 	 11.49 	1
 1.26 	 6.03 	 10.56 	2
 1.26 	 6.05 	 11.40 	1
 1.26 	 6.06 	 10.44 	0
 1.26 	 6.06 	 11.09 	1
 1.26 	 6.07 	 12.25 	0
 1.26 	 6.08 	 10.47 	1
 1.26 	 6.09 	 13.18 	0
 1.26 	 6.09 	 11.14 	2
 1.26 	 6.10 	 11.90 	1
 1.26 	 6.10 	 12.95 	1
 1.26 	 6.16 	 12.55 	2
 1.26 	 6.18 	 9.47 	1
 1.26 	 6.21 	 9.70 	1
 1.26 	 6.23 	 11.91 	1
 1.26 	 6.26 	 11.72 	0
 1.26 	 6.27 	 11.29 	1
 1.26 	 6.30 	 10.15 	1
 1.26 	 6.30  	 10.63  	1
 1.26 	 6.31 	 11.77 	0
 1.26 	 6.31 	 10.84 	1
 1.26 	 6.31 	 10.97 	1
 1.26 	 6.35  	 9.91 	1
 1.26 	 6.38 	 10.61 	0
 1.26 	 6.40 	 10.01 	1
 1.26 	 6.43  	 10.16 	1
 1.26 	 6.49 	 10.11 	0
 1.26 	 6.51 	 10.74 	2
 1.26 	 6.52 	 10.12 	1
 1.26 	 6.54 	 11.48 	1
 1.26 	 6.61 	 10.08 	1
 1.26 	 6.64 	 10.50 	0
 1.26 	 6.66 	 10.06 	2
 1.26 	 6.75 	 10.76 	1
 1.26 	 6.78 	 10.42 	1
 1.26 	 6.78 	 9.69 	1
 1.26 	 6.81 	 9.91 	2
 1.26  	 5.93  	 11.72 	1
 1.26  	 5.99 	 9.95 	1
 1.26  	 6.09 	 10.85 	1
 1.26  	 6.11  	 11.03  	1
 1.26  	 6.17 	 11.10 	1
 1.26  	 6.19 	 10.07 	1
 1.26  	 6.28 	 10.17 	1
 1.26  	 6.37  	 10.15  	1
 1.26  	 6.43  	 10.32  	1
 1.27 	 5.06 	 11.83 	2
 1.27 	 5.32 	 10.56 	1
 1.27 	 5.44 	 12.62 	1
 1.27 	 5.57 	 9.62 	0
 1.27 	 5.66 	 8.29 	1
 1.27 	 5.68 	 10.93 	1
 1.27 	 5.71 	 12.03 	1
 1.27 	 5.71 	 11.18 	2
 1.27 	 5.73 	 11.58 	1
 1.27 	 5.75 	 11.88 	1
 1.27 	 5.75 	 10.95 	1
 1.27 	 5.76 	 12.93 	0
 1.27 	 5.79 	 11.66 	1
 1.27 	 5.80 	 10.99 	1
 1.27 	 5.81 	 13.30 	0
 1.27 	 5.83 	 10.67 	1
 1.27 	 5.85 	 11.24 	1
 1.27 	 5.89 	 11.59  	1
 1.27 	 5.90 	 9.48 	1
 1.27 	 5.91 	 11.04 	1
 1.27 	 5.92 	 11.40 	1
 1.27 	 5.93 	 11.11 	1
 1.27 	 5.93 	 9.84 	1
 1.27 	 5.96 	 12.72 	2
 1.27 	 5.96 	 9.25 	1
 1.27 	 5.97 	 9.11 	1
 1.27 	 5.97 	 9.68 	1
 1.27 	 5.98 	 12.11	1
 1.27 	 6.01 	 12.00 	1
 1.27 	 6.01 	 11.74  	1
 1.27 	 6.02  	 10.20 	1
 1.27 	 6.03 	 10.30 	0
 1.27 	 6.08 	 11.69 	1
 1.27 	 6.08 	 11.65 	1
 1.27 	 6.08 	 11.00 	1
 1.27 	 6.09 	 10.02 	1
 1.27 	 6.11 	 11.38 	1
 1.27 	 6.11 	 10.50 	1
 1.27 	 6.11 	 10.67 	1
 1.27 	 6.11 	 10.56 	1
 1.27 	 6.14 	 9.27 	1
 1.27 	 6.16 	 10.42 	1
 1.27 	 6.17 	 11.22 	1
 1.27 	 6.19 	 9.98  	1
 1.27 	 6.19   	 11.29  	1
 1.27 	 6.21 	 11.27 	1
 1.27 	 6.21 	 10.67 	0
 1.27 	 6.23 	 11.00	1
 1.27 	 6.24 	 9.76  	1
 1.27 	 6.25 	 10.72 	1
 1.27 	 6.32 	 10.91 	1
 1.27 	 6.33 	 9.16 	1
 1.27 	 6.34 	 10.81 	1
 1.27 	 6.37  	 10.79  	1
 1.27 	 6.42 	 10.83  	0
 1.27 	 6.43 	 10.41 	1
 1.27 	 6.53 	 10.36 	1
 1.27 	 6.60 	 9.28 	1
 1.27 	 6.61  	 10.54 	1
 1.27  	 5.83 	 10.67 	1
 1.27  	 5.99 	 12.06 	1
 1.27  	 6.33 	 11.13 	1
 1.27  	 6.35  	 9.66  	1
 1.27  	 6.40 	 10.20 	1
 1.27  	 6.45  	 10.57  	1
 1.27  	 6.62  	 9.85 	2
 1.28 	 5.14 	 9.99 	0
 1.28 	 5.16 	 10.53 	1
 1.28 	 5.17 	 9.19 	1
 1.28 	 5.30 	 8.98 	2
 1.28 	 5.36 	 11.51 	1
 1.28 	 5.38 	 10.96 	1
 1.28 	 5.41 	 9.46 	1
 1.28 	 5.41 	 9.14 	1
 1.28 	 5.46 	 8.66 	0
 1.28 	 5.47 	 8.93 	2
 1.28 	 5.51 	 7.55 	1
 1.28 	 5.51 	 9.49 	0
 1.28 	 5.52 	 11.71  	1
 1.28 	 5.52 	 11.05 	1
 1.28 	 5.56 	 11.51 	0
 1.28 	 5.56 	 11.29 	0
 1.28 	 5.58 	 8.10 	1
 1.28 	 5.59 	 12.02 	1
 1.28 	 5.62 	 9.88 	1
 1.28 	 5.64 	 9.98  	1
 1.28 	 5.65 	 11.14 	1
 1.28 	 5.66 	 10.67  	0
 1.28 	 5.66 	 11.02 	1
 1.28 	 5.68 	 8.77 	1
 1.28 	 5.70 	 9.65 	1
 1.28 	 5.71 	 11.54 	1
 1.28 	 5.75 	 10.50 	1
 1.28 	 5.76 	 10.24 	1
 1.28 	 5.77 	 9.42 	0
 1.28 	 5.78 	 9.62 	1
 1.28 	 5.80 	 9.41 	1
 1.28 	 5.81 	 11.64 	1
 1.28 	 5.82 	 9.65 	1
 1.28 	 5.86 	 11.45 	1
 1.28 	 5.86 	 11.74 	2
 1.28 	 5.87 	 10.27 	0
 1.28 	 5.87 	 9.48 	1
 1.28 	 5.89 	 11.75 	1
 1.28 	 5.93 	 9.56 	1
 1.28 	 5.94 	 9.34  	1
 1.28 	 5.95 	 10.44 	1
 1.28 	 5.96 	 9.55 	1
 1.28 	 5.98 	 11.08 	1
 1.28 	 5.98 	 10.79 	1
 1.28 	 6.00 	 9.80 	2
 1.28 	 6.04 	 10.03 	1
 1.28 	 6.04  	 9.81 	1
 1.28 	 6.05 	 11.17 	0
 1.28 	 6.07 	 10.82 	0
 1.28 	 6.07 	 9.45 	1
 1.28 	 6.10 	 10.31 	1
 1.28 	 6.10 	 11.20 	0
 1.28 	 6.10 	 10.28 	1
 1.28 	 6.11 	 8.98 	1
 1.28 	 6.14 	 10.87  	1
 1.28 	 6.15 	 10.46 	1
 1.28 	 6.16 	 10.79 	1
 1.28 	 6.17 	 9.44 	1
 1.28 	 6.21 	 9.33 	1
 1.28 	 6.25 	 9.95 	1
 1.28 	 6.27 	 10.11 	1
 1.28 	 6.28 	 9.90 	1
 1.28 	 6.30 	 9.62 	1
 1.28 	 6.30  	 9.43  	1
 1.28 	 6.32 	 9.85 	1
 1.28 	 6.40 	 9.90 	0
 1.28 	 6.40 	 9.65 	1
 1.28 	 6.41 	 10.27 	1
 1.28 	 6.45 	 10.29 	1
 1.28 	 6.50 	 9.69 	2
 1.28 	 6.74 	 9.18 	0
 1.28  	 5.56 	 10.90 	2
 1.28  	 5.77  	 11.01  	1
 1.28  	 5.80 	 11.10	1
 1.28  	 5.83  	 10.33  	1
 1.28  	 5.99 	 11.02 	1
 1.28  	 6.00  	 9.97  	1
 1.28  	 6.06 	 10.69  	1
 1.28  	 6.10  	 9.87  	1
 1.28  	 6.18 	 9.46 	1
 1.28  	 6.23 	 10.45 	1
 1.28  	 6.51 	 9.19 	1
 1.28  	 6.66  	 8.56  	1
 1.29 	 4.69 	 9.57  	1
 1.29 	 5.04 	 10.94 	1
 1.29 	 5.13 	 8.96 	1
 1.29 	 5.15 	 9.81 	1
 1.29 	 5.30 	 11.72 	1
 1.29 	 5.30 	 9.86 	1
 1.29 	 5.37 	 10.22 	0
 1.29 	 5.40 	 10.39 	0
 1.29 	 5.42 	 8.27 	1
 1.29 	 5.43 	 10.23 	1
 1.29 	 5.46 	 11.56 	1
 1.29 	 5.50 	 12.70 	1
 1.29 	 5.50 	 10.74 	1
 1.29 	 5.50 	 10.74 	1
 1.29 	 5.51 	 9.47 	2
 1.29 	 5.52 	 9.61 	1
 1.29 	 5.55 	 10.46 	2
 1.29 	 5.55 	 10.41 	0
 1.29 	 5.55 	 9.45  	1
 1.29 	 5.59 	 11.21 	0
 1.29 	 5.59 	 8.77 	1
 1.29 	 5.63 	 10.80 	1
 1.29 	 5.63 	 10.81 	1
 1.29 	 5.65 	 9.26 	0
 1.29 	 5.68 	 10.60 	1
 1.29 	 5.70 	 9.92 	1
 1.29 	 5.72 	 11.21 	1
 1.29 	 5.73 	 10.48 	1
 1.29 	 5.75 	 11.20 	0
 1.29 	 5.79 	 9.78  	1
 1.29 	 5.80 	 11.38 	1
 1.29 	 5.80 	 9.50 	1
 1.29 	 5.81 	 8.95 	1
 1.29 	 5.82 	 10.17 	1
 1.29 	 5.82 	 9.28 	0
 1.29 	 5.84  	 9.25 	0
 1.29 	 5.85 	 9.31 	0
 1.29 	 5.86 	 10.81 	1
 1.29 	 5.87 	 10.12	1
 1.29 	 5.87 	 9.25 	1
 1.29 	 5.88 	 9.98 	1
 1.29 	 5.89 	 9.22 	1
 1.29 	 5.90 	 9.50 	1
 1.29 	 5.92 	 10.52 	0
 1.29 	 5.92 	 11.22 	1
 1.29 	 5.93 	 9.88 	1
 1.29 	 5.97 	 10.21 	1
 1.29 	 5.99 	 9.74 	0
 1.29 	 6.00 	 9.89 	0
 1.29 	 6.01 	 9.91 	1
 1.29 	 6.02 	 9.46 	1
 1.29 	 6.02 	 9.67 	0
 1.29 	 6.03 	 10.19 	2
 1.29 	 6.04 	 9.56 	1
 1.29 	 6.06 	 9.80 	0
 1.29 	 6.06 	 8.90 	0
 1.29 	 6.06 	 9.27 	0
 1.29 	 6.10 	 10.10 	1
 1.29 	 6.12 	 9.83 	1
 1.29 	 6.12 	 9.10 	1
 1.29 	 6.19 	 10.25 	1
 1.29 	 6.22 	 9.92 	1
 1.29 	 6.24 	 10.02 	1
 1.29 	 6.29  	 8.81 	1
 1.29 	 6.30 	 10.10 	2
 1.29 	 6.32 	 9.68 	0
 1.29 	 6.68 	 9.00 	2
 1.29 	 6.80 	 9.01 	1
 1.29  	 5.50 	 9.05 	1
 1.29  	 5.53 	 11.02 	1
 1.29  	 5.79 	 9.54 	1
 1.29  	 5.82 	 10.18 	0
 1.29  	 5.89 	 9.64 	1
 1.29  	 5.90 	 10.62 	1
 1.29  	 6.63 	 9.27 	1
 1.29   	 5.85  	 9.64   	1
 1.30 	 5.07 	 8.43 	1
 1.30 	 5.11 	 9.03 	1
 1.30 	 5.31 	 8.24 	2
 1.30 	 5.33 	 9.38 	1
 1.30 	 5.35 	 9.96 	1
 1.30 	 5.35 	 8.43 	1
 1.30 	 5.35 	 9.26  	0
 1.30 	 5.35 	 9.95 	1
 1.30 	 5.37 	 7.97 	1
 1.30 	 5.37 	 9.49 	1
 1.30 	 5.42 	 10.06 	1
 1.30 	 5.46 	 9.80 	1
 1.30 	 5.47 	 10.18 	1
 1.30 	 5.48 	 9.68 	1
 1.30 	 5.51 	 10.84 	1
 1.30 	 5.51 	 11.27 	0
 1.30 	 5.51 	 10.57 	1
 1.30 	 5.52 	 9.31 	0
 1.30 	 5.52 	 9.87 	1
 1.30 	 5.52 	 11.08 	1
 1.30 	 5.55 	 9.83 	2
 1.30 	 5.55 	 9.30 	0
 1.30 	 5.55 	 9.14 	1
 1.30 	 5.55 	 10.40 	1
 1.30 	 5.56 	 9.63 	2
 1.30 	 5.57 	 11.39 	1
 1.30 	 5.57 	 9.87 	1
 1.30 	 5.59 	 11.53 	1
 1.30 	 5.59 	 10.11 	1
 1.30 	 5.61 	 10.87 	1
 1.30 	 5.61 	 9.11 	1
 1.30 	 5.62 	 10.89 	1
 1.30 	 5.62 	 10.50 	0
 1.30 	 5.63 	 10.81 	1
 1.30 	 5.63 	 10.62 	1
 1.30 	 5.63 	 10.00 	1
 1.30 	 5.63 	 10.52 	1
 1.30 	 5.63 	 9.76 	1
 1.30 	 5.64 	 10.91 	1
 1.30 	 5.64 	 9.83 	1
 1.30 	 5.66 	 9.14 	1
 1.30 	 5.67 	 9.24 	0
 1.30 	 5.67 	 9.70 	2
 1.30 	 5.68 	 9.17 	1
 1.30 	 5.70 	 10.42  	0
 1.30 	 5.70 	 11.11 	1
 1.30 	 5.70 	 10.39 	1
 1.30 	 5.72 	 10.74 	1
 1.30 	 5.73 	 9.29 	1
 1.30 	 5.75 	 10.98 	1
 1.30 	 5.75 	 8.59 	1
 1.30 	 5.75 	 9.71 	1
 1.30 	 5.75 	 9.63 	2
 1.30 	 5.78  	 10.26  	1
 1.30 	 5.80 	 9.65 	0
 1.30 	 5.80 	 9.00 	0
 1.30 	 5.81 	 10.86 	1
 1.30 	 5.81 	 8.80 	1
 1.30 	 5.82 	 9.38 	2
 1.30 	 5.82 	 8.99 	1
 1.30 	 5.83 	 9.63  	1
 1.30 	 5.85 	 9.73 	1
 1.30 	 5.86 	 9.47 	1
 1.30 	 5.86 	 10.08 	0
 1.30 	 5.89  	 10.06 	2
 1.30 	 5.90 	 10.32 	1
 1.30 	 5.90 	 8.81 	1
 1.30 	 5.91 	 10.15 	1
 1.30 	 5.97 	 10.00 	1
 1.30 	 5.97 	 8.77 	1
 1.30 	 6.00 	 8.10 	0
 1.30 	 6.02 	 8.72 	1
 1.30 	 6.03 	 8.84 	1
 1.30 	 6.03 	 8.25  	0
 1.30 	 6.06 	 10.20 	1
 1.30 	 6.08 	 9.20 	1
 1.30 	 6.10 	 9.64 	1
 1.30 	 6.10 	 9.04 	1
 1.30 	 6.13 	 8.74 	1
 1.30 	 6.14 	 9.60 	1
 1.30 	 6.16 	 9.48 	0
 1.30 	 6.17 	 9.32 	1
 1.30 	 6.19 	 10.35 	1
 1.30 	 6.19 	 9.15 	1
 1.30 	 6.25  	 9.60 	1
 1.30  	 5.40 	 10.56 	1
 1.30  	 5.41  	 11.23 	0
 1.30  	 5.42  	 10.22  	1
 1.30  	 5.43  	 10.58  	0
 1.30  	 5.72   	 10.32  	1
 1.30  	 5.73 	 8.49 	1
 1.30  	 5.84 	 9.62 	1
 1.30  	 5.88  	 9.41   	0
 1.30  	 5.93  	 9.83  	1
 1.30   	 5.90  	 9.58  	0
 1.31 	 3.61 	 5.19 	0
 1.31 	 4.56 	 10.21 	1
 1.31 	 4.90 	 10.77 	1
 1.31 	 4.90 	 9.37 	1
 1.31 	 4.95 	 10.53 	1
 1.31 	 4.98 	 8.55 	1
 1.31 	 4.99 	 10.42 	1
 1.31 	 5.04 	 8.37 	1
 1.31 	 5.11 	 9.47 	1
 1.31 	 5.17  	 9.20 	1
 1.31 	 5.18 	 8.60 	1
 1.31 	 5.22 	 12.03 	1
 1.31 	 5.24 	 7.31 	1
 1.31 	 5.25 	 10.43 	1
 1.31 	 5.27 	 10.99 	1
 1.31 	 5.27 	 9.73 	0
 1.31 	 5.30 	 8.09 	1
 1.31 	 5.35 	 9.72 	1
 1.31 	 5.37 	 9.93 	1
 1.31 	 5.37 	 10.14 	1
 1.31 	 5.37 	 9.45 	1
 1.31 	 5.40 	 10.53  	1
 1.31 	 5.41 	 10.05 	1
 1.31 	 5.43 	 9.44 	1
 1.31 	 5.44 	 10.44 	0
 1.31 	 5.46 	 9.13  	2
 1.31 	 5.46  	 11.01 	0
 1.31 	 5.49 	 9.69 	1
 1.31 	 5.54 	 9.56 	1
 1.31 	 5.54 	 10.35 	1
 1.31 	 5.57 	 9.19 	1
 1.31 	 5.58 	 8.91 	1
 1.31 	 5.59 	 10.47 	1
 1.31 	 5.59  	 9.00 	2
 1.31 	 5.61 	 9.67 	1
 1.31 	 5.62 	 9.53 	0
 1.31 	 5.63  	 9.13 	1
 1.31 	 5.65 	 8.97 	0
 1.31 	 5.65 	 9.83 	0
 1.31 	 5.66 	 8.79 	1
 1.31 	 5.67 	 9.36  	1
 1.31 	 5.67 	 9.90 	1
 1.31 	 5.68 	 9.94 	2
 1.31 	 5.68 	 8.76 	1
 1.31 	 5.69 	 9.70 	1
 1.31 	 5.69 	 9.18 	1
 1.31 	 5.69 	 9.64 	1
 1.31 	 5.69 	 9.17 	1
 1.31 	 5.70 	 9.29 	1
 1.31 	 5.71 	 9.09 	1
 1.31 	 5.72 	 9.29  	1
 1.31 	 5.75 	 10.53 	1
 1.31 	 5.76 	 10.07 	1
 1.31 	 5.77 	 9.97 	1
 1.31 	 5.77 	 9.26 	1
 1.31 	 5.79 	 9.66 	1
 1.31 	 5.80 	 10.24 	1
 1.31 	 5.84 	 9.92 	1
 1.31 	 5.84 	 8.16 	1
 1.31 	 5.85 	 9.33 	1
 1.31 	 5.85 	 9.20 	1
 1.31 	 5.87 	 9.44 	0
 1.31 	 5.92 	 9.27 	1
 1.31 	 5.92 	 9.54 	1
 1.31 	 5.95 	 8.91 	1
 1.31 	 6.04 	 9.26 	1
 1.31 	 6.05 	 9.07  	1
 1.31 	 6.11  	 8.18 	1
 1.31 	 6.45 	 8.29 	1
 1.31  	 5.43  	 9.43  	1
 1.31  	 5.59 	 9.27 	1
 1.31  	 5.61  	 9.13  	1
 1.31  	 5.61  	 10.55  	0
 1.31  	 5.79 	 9.33 	1
 1.31  	 5.99  	 8.99  	2
 1.31  	 6.04  	 8.35 	1
 1.31  	 6.36 	 8.42  	2
 1.31   	 5.74  	 9.30  	2
 1.32	 5.35	 9.25	0
 1.32 	 4.84 	 8.33 	1
 1.32 	 4.84  	 9.18 	1
 1.32 	 4.87 	 8.63 	2
 1.32 	 4.88 	 9.05 	0
 1.32 	 4.94 	 12.04 	1
 1.32 	 4.97 	 8.71 	2
 1.32 	 5.00 	 10.80 	1
 1.32 	 5.02 	 10.47 	1
 1.32 	 5.04 	 9.24 	0
 1.32 	 5.04 	 9.18 	2
 1.32 	 5.05 	 7.95 	2
 1.32 	 5.06 	 10.23 	1
 1.32 	 5.07 	 10.19 	2
 1.32 	 5.11 	 10.81 	1
 1.32 	 5.11 	 9.81 	1
 1.32 	 5.16 	 9.87 	1
 1.32 	 5.17 	 9.12 	1
 1.32 	 5.18 	 7.42 	1
 1.32 	 5.20 	 10.46 	1
 1.32 	 5.20 	 9.89 	1
 1.32 	 5.25 	 10.17 	1
 1.32 	 5.26 	 8.73  	1
 1.32 	 5.28 	 8.06 	1
 1.32 	 5.30 	 9.53 	1
 1.32 	 5.31 	 8.76 	1
 1.32 	 5.31 	 8.97 	1
 1.32 	 5.33 	 10.23 	0
 1.32 	 5.34 	 9.72 	1
 1.32 	 5.34 	 9.47 	1
 1.32 	 5.37 	 7.51 	1
 1.32 	 5.38 	 9.56 	1
 1.32 	 5.38 	 9.32 	0
 1.32 	 5.39 	 7.29 	1
 1.32 	 5.39 	 8.73 	1
 1.32 	 5.42 	 9.48 	1
 1.32 	 5.43 	 9.36 	1
 1.32 	 5.43 	 10.67 	1
 1.32 	 5.45 	 9.45 	0
 1.32 	 5.45 	 8.97 	1
 1.32 	 5.48 	 9.19 	1
 1.32 	 5.48 	 10.02 	1
 1.32 	 5.48 	 9.33 	1
 1.32 	 5.50 	 8.70 	1
 1.32 	 5.50 	 7.48 	0
 1.32 	 5.51 	 9.49 	0
 1.32 	 5.52 	 10.21 	1
 1.32 	 5.53 	 10.07 	1
 1.32 	 5.53 	 9.55 	1
 1.32 	 5.54 	 9.06 	1
 1.32 	 5.54 	 9.47 	1
 1.32 	 5.55 	 9.23 	1
 1.32 	 5.55 	 9.17 	1
 1.32 	 5.55 	 9.44 	1
 1.32 	 5.57 	 9.15 	1
 1.32 	 5.59 	 9.61 	1
 1.32 	 5.59 	 9.46 	1
 1.32 	 5.60 	 8.59 	1
 1.32 	 5.62 	 10.06 	2
 1.32 	 5.63 	 8.90 	1
 1.32 	 5.63 	 8.90 	1
 1.32 	 5.64 	 8.13 	0
 1.32 	 5.66 	 10.09 	2
 1.32 	 5.67 	 9.56 	1
 1.32 	 5.67 	 8.58 	1
 1.32 	 5.73 	 8.42 	1
 1.32 	 5.74 	 8.99 	0
 1.32 	 5.75 	 9.89  	0
 1.32 	 5.75 	 8.33 	1
 1.32 	 5.75 	 8.47 	1
 1.32 	 5.75 	 8.99  	0
 1.32 	 5.78 	 9.55 	0
 1.32 	 5.78 	 8.70 	1
 1.32 	 5.79 	 9.81 	1
 1.32 	 5.81 	 8.49 	1
 1.32 	 5.81 	 9.19 	1
 1.32 	 5.81 	 9.10 	1
 1.32 	 5.84 	 8.55 	1
 1.32 	 5.89  	 9.29 	1
 1.32 	 6.02 	 8.78  	0
 1.32 	 6.07 	 8.79 	1
 1.32 	 6.11	 8.03 	2
 1.32 	 6.53 	 8.05 	1
 1.32  	 5.35 	 9.66 	0
 1.32  	 6.14 	 8.85  	0
 1.32   	 5.68  	 8.91  	0
 1.32   	 5.81  	 9.30  	1
 1.33 	 4.47 	 9.42 	1
 1.33 	 4.78 	 9.67 	1
 1.33 	 4.85 	 10.44 	1
 1.33 	 4.86 	 8.88 	1
 1.33 	 4.87 	 7.85 	2
 1.33 	 4.98 	 7.92 	1
 1.33 	 5.02 	 9.35 	1
 1.33 	 5.03 	 8.17 	0
 1.33 	 5.04 	 10.74 	2
 1.33 	 5.04 	 8.74 	1
 1.33 	 5.06 	 9.88  	1
 1.33 	 5.08 	 8.91 	1
 1.33 	 5.08 	 9.10 	1
 1.33 	 5.10 	 10.09 	1
 1.33 	 5.10 	 9.52 	1
 1.33 	 5.11 	 9.18 	1
 1.33 	 5.12 	 7.52 	1
 1.33 	 5.15 	 9.19 	1
 1.33 	 5.15 	 8.38 	1
 1.33 	 5.17 	 9.60 	1
 1.33 	 5.17 	 9.06  	1
 1.33 	 5.18 	 8.98 	1
 1.33 	 5.23  	 9.52 	1
 1.33 	 5.24 	 10.38 	1
 1.33 	 5.25 	 7.78 	0
 1.33 	 5.25 	 9.26 	2
 1.33 	 5.25 	 8.16 	1
 1.33 	 5.26 	 9.25 	1
 1.33 	 5.27 	 7.69 	1
 1.33 	 5.27 	 8.86  	1
 1.33 	 5.29 	 9.50 	0
 1.33 	 5.29 	 10.11	0
 1.33 	 5.31 	 10.05 	1
 1.33 	 5.31 	 8.33 	2
 1.33 	 5.31 	 8.65 	1
 1.33 	 5.32 	 9.46 	1
 1.33 	 5.32 	 8.96 	2
 1.33 	 5.32 	 8.74 	1
 1.33 	 5.32 	 7.37 	1
 1.33 	 5.32 	 8.84 	1
 1.33 	 5.33 	 10.27 	1
 1.33 	 5.33 	 10.09 	1
 1.33 	 5.33 	 9.27  	1
 1.33 	 5.33 	 7.97 	0
 1.33 	 5.36 	 9.19 	1
 1.33 	 5.38 	 8.97 	1
 1.33 	 5.38 	 10.34 	1
 1.33 	 5.38 	 8.24 	1
 1.33 	 5.38 	 9.01 	1
 1.33 	 5.39 	 8.28 	0
 1.33 	 5.40 	 9.99 	0
 1.33 	 5.41 	 9.14 	1
 1.33 	 5.42 	 8.29  	1
 1.33 	 5.43 	 9.23 	0
 1.33 	 5.43  	 8.32 	1
 1.33 	 5.46 	 9.43 	1
 1.33 	 5.46 	 9.75  	1
 1.33 	 5.47 	 9.29 	1
 1.33 	 5.49 	 9.76 	1
 1.33 	 5.49 	 8.46 	1
 1.33 	 5.52 	 9.67 	1
 1.33 	 5.52  	 8.82 	0
 1.33 	 5.54 	 9.67 	1
 1.33 	 5.54 	 9.25 	1
 1.33 	 5.54 	 9.41 	1
 1.33 	 5.58 	 8.93 	1
 1.33 	 5.59 	 8.50 	0
 1.33 	 5.61 	 9.36 	1
 1.33 	 5.62 	 9.45 	1
 1.33 	 5.65  	 9.49  	1
 1.33 	 5.66 	 9.32 	0
 1.33 	 5.68 	 9.37 	0
 1.33 	 5.69 	 9.02 	1
 1.33 	 5.72 	 8.07 	1
 1.33 	 5.72 	 8.41 	2
 1.33 	 5.75 	 8.97 	0
 1.33 	 5.76  	 8.45  	1
 1.33 	 5.78 	 8.84 	1
 1.33 	 5.78 	 8.60 	0
 1.33 	 5.78 	 8.35 	0
 1.33 	 5.79 	 9.08 	1
 1.33 	 5.79 	 8.26 	1
 1.33 	 5.80  	 8.77 	1
 1.33 	 5.84 	 9.03 	1
 1.33 	 5.85 	 8.76 	1
 1.33 	 5.87 	 8.54 	2
 1.33 	 5.87  	 8.25  	1
 1.33 	 5.88 	 8.96 	1
 1.33 	 6.43 	 10.01 	1
 1.33  	 5.36  	 9.33  	1
 1.33  	 5.44 	 9.69 	1
 1.34 	  5.00 	 11.00 	1
 1.34 	 4.68 	 8.36 	1
 1.34 	 4.72 	 9.05 	1
 1.34 	 4.76 	 7.26 	1
 1.34 	 4.78 	 10.21 	1
 1.34 	 4.79 	 9.27 	1
 1.34 	 4.79 	 9.26 	0
 1.34 	 4.81 	 8.59 	1
 1.34 	 4.87 	 9.58 	1
 1.34 	 4.88 	 7.84 	1
 1.34 	 4.91 	 9.39 	1
 1.34 	 4.92 	 11.21 	0
 1.34 	 4.94 	 8.96 	1
 1.34 	 4.94  	 9.58 	2
 1.34 	 4.95 	 9.96 	0
 1.34 	 4.95 	 7.97 	1
 1.34 	 4.96 	 7.62 	2
 1.34 	 4.96  	 8.49 	2
 1.34 	 4.97 	 9.45 	1
 1.34 	 5.05 	 8.90 	1
 1.34 	 5.06 	 9.24 	0
 1.34 	 5.06  	 9.52  	1
 1.34 	 5.10	 10.75 	1
 1.34 	 5.11 	 10.25 	1
 1.34 	 5.11 	 9.93 	1
 1.34 	 5.13 	 10.03 	1
 1.34 	 5.13 	 9.57 	1
 1.34 	 5.16 	 8.50 	1
 1.34 	 5.17 	 8.31 	1
 1.34 	 5.18 	 10.12 	1
 1.34 	 5.18 	 8.26 	2
 1.34 	 5.18 	 9.16 	1
 1.34 	 5.22 	 9.29 	1
 1.34 	 5.22 	 8.96 	1
 1.34 	 5.22 	 9.60 	2
 1.34 	 5.25 	 8.53 	1
 1.34 	 5.25 	 7.45 	1
 1.34 	 5.26 	 9.31 	1
 1.34 	 5.27 	 10.19 	1
 1.34 	 5.27 	 9.68 	1
 1.34 	 5.28 	 7.86 	1
 1.34 	 5.29 	 9.61 	1
 1.34 	 5.29 	 9.38 	1
 1.34 	 5.30 	 9.98 	1
 1.34 	 5.30 	 9.40 	1
 1.34 	 5.30 	 8.93 	2
 1.34 	 5.30 	 8.38 	2
 1.34 	 5.31 	 9.82 	1
 1.34 	 5.31 	 9.09 	2
 1.34 	 5.32 	 8.94 	1
 1.34 	 5.33 	 9.43 	2
 1.34 	 5.33 	 8.77 	0
 1.34 	 5.34 	 8.37 	1
 1.34 	 5.34 	 8.10 	0
 1.34 	 5.34 	 9.32 	0
 1.34 	 5.35 	 7.83 	1
 1.34 	 5.35 	 8.33 	1
 1.34 	 5.38 	 8.82 	2
 1.34 	 5.39 	 7.99 	0
 1.34 	 5.40 	 9.01 	1
 1.34 	 5.41 	 8.25 	1
 1.34 	 5.41 	 7.91 	1
 1.34 	 5.43 	 8.88 	1
 1.34 	 5.44 	 8.91 	1
 1.34 	 5.45 	 8.80 	1
 1.34 	 5.45 	 9.20 	2
 1.34 	 5.50 	 8.94 	0
 1.34 	 5.50 	 8.92 	1
 1.34 	 5.50  	 9.48 	1
 1.34 	 5.51 	 9.30 	1
 1.34 	 5.53 	 8.46 	1
 1.34 	 5.53 	 7.95 	1
 1.34 	 5.54 	 8.78 	1
 1.34 	 5.55 	 9.07  	1
 1.34 	 5.55 	 8.72  	1
 1.34 	 5.57 	 9.31 	0
 1.34 	 5.60 	 8.69 	0
 1.34 	 5.62 	 7.94 	1
 1.34 	 5.63 	 8.25 	1
 1.34 	 5.64 	 8.40 	1
 1.34 	 5.65 	 8.33 	1
 1.34 	 5.65 	 8.41 	2
 1.34 	 5.66 	 8.88 	1
 1.34 	 5.66 	 8.66 	0
 1.34 	 5.76  	 7.57 	0
 1.34 	 5.78 	 7.45 	1
 1.34 	 5.85 	 8.07 	0
 1.34 	 6.16 	 7.97  	0
 1.34  	 4.96  	 10.58  	0
 1.34  	 5.07  	 10.52 	1
 1.34  	 5.14 	 8.76 	1
 1.34  	 5.18 	 9.63 	1
 1.34  	 5.21 	 9.44  	1
 1.34  	 5.41 	 9.73 	1
 1.34  	 5.49  	 9.27  	1
 1.34  	 5.57  	 8.02  	0
 1.34  	 5.57  	 9.04  	1
 1.34  	 5.69  	 8.26   	1
 1.35 	 4.55 	 11.91 	1
 1.35 	 4.69 	 7.67 	1
 1.35 	 4.71 	 9.97 	1
 1.35 	 4.74 	 9.31 	1
 1.35 	 4.80 	 7.65 	1
 1.35 	 4.84  	 11.58 	1
 1.35 	 4.85 	 8.72 	0
 1.35 	 4.85 	 9.30 	1
 1.35 	 4.86 	 10.22 	1
 1.35 	 4.86  	 9.87 	1
 1.35 	 4.86  	 7.67 	0
 1.35 	 4.87 	 7.72 	1
 1.35 	 4.93 	 7.91 	1
 1.35 	 4.96 	 7.30 	1
 1.35 	 4.98 	 9.22 	1
 1.35 	 4.99 	 9.23 	1
 1.35 	 4.99  	 8.11 	1
 1.35 	 5.01 	 9.20 	1
 1.35 	 5.03 	 9.06 	1
 1.35 	 5.04 	 10.49 	2
 1.35 	 5.05 	 10.03 	1
 1.35 	 5.07 	 8.67 	1
 1.35 	 5.07 	 7.79 	1
 1.35 	 5.08 	 8.27 	1
 1.35 	 5.09 	 8.85 	1
 1.35 	 5.09 	 8.73 	1
 1.35 	 5.09 	 7.52 	1
 1.35 	 5.10 	 8.96 	1
 1.35 	 5.10 	 8.50 	1
 1.35 	 5.11 	 8.46 	0
 1.35 	 5.12 	 9.18 	2
 1.35 	 5.13 	 8.29 	1
 1.35 	 5.14 	 8.61 	2
 1.35 	 5.14 	 8.43 	1
 1.35 	 5.15 	 9.86 	0
 1.35 	 5.15 	 8.91 	1
 1.35 	 5.19 	 9.36 	1
 1.35 	 5.21 	 9.76 	1
 1.35 	 5.21 	 8.72 	1
 1.35 	 5.22 	 8.74 	2
 1.35 	 5.22 	 8.25 	1
 1.35 	 5.22 	 8.88 	1
 1.35 	 5.22 	 7.74 	0
 1.35 	 5.22 	 8.20 	2
 1.35 	 5.24 	 9.29 	0
 1.35 	 5.27 	 9.19 	1
 1.35 	 5.27 	 8.33 	1
 1.35 	 5.28 	 8.65 	1
 1.35 	 5.28 	 8.08 	1
 1.35 	 5.28 	 8.13 	1
 1.35 	 5.29 	 9.06 	1
 1.35 	 5.30 	 9.02 	1
 1.35 	 5.31 	 9.02 	0
 1.35 	 5.32 	 8.43 	0
 1.35 	 5.34 	 8.44 	1
 1.35 	 5.35 	 9.38  	1
 1.35 	 5.35 	 8.70 	2
 1.35 	 5.36 	 8.06 	1
 1.35 	 5.37 	 9.00	1
 1.35 	 5.37 	 9.11 	0
 1.35 	 5.38 	 8.90 	1
 1.35 	 5.39 	 9.15 	1
 1.35 	 5.41 	 8.49 	1
 1.35 	 5.42 	 8.64 	1
 1.35 	 5.42 	 8.72 	1
 1.35 	 5.46 	 8.64 	1
 1.35 	 5.46 	 7.48 	2
 1.35 	 5.47 	 7.91 	0
 1.35 	 5.53 	 8.18 	1
 1.35 	 5.53 	 9.06 	1
 1.35 	 5.53 	 7.47 	1
 1.35 	 5.56 	 7.79 	1
 1.35 	 5.58 	 7.91 	1
 1.35 	 5.59 	 8.24 	2
 1.35 	 5.60 	 8.01 	1
 1.35 	 5.60 	 8.01	1
 1.35 	 5.69 	 8.47 	1
 1.35 	 5.77 	 7.82 	0
 1.35  	 5.16  	 9.85 	1
 1.35  	 5.30  	 8.47  	1
 1.35  	 5.38  	 8.25  	1
 1.35  	 5.53  	 8.60  	1
 1.35  	 5.94  	 7.41  	1
 1.36 	 4.46 	 11.46 	1
 1.36 	 4.61 	 9.85 	0
 1.36 	 4.67 	 9.60 	0
 1.36 	 4.68 	 9.11 	1
 1.36 	 4.74 	 8.76 	1
 1.36 	 4.76 	 7.43 	1
 1.36 	 4.79 	 8.56 	1
 1.36 	 4.79 	 9.25 	1
 1.36 	 4.82 	 10.53 	1
 1.36 	 4.84 	 8.49 	1
 1.36 	 4.84 	 9.06 	1
 1.36 	 4.86 	 10.21 	1
 1.36 	 4.86 	 7.88 	1
 1.36 	 4.88 	 8.10	1
 1.36 	 4.90 	 8.40 	1
 1.36 	 4.91 	 6.83 	1
 1.36 	 4.92 	 10.51 	1
 1.36 	 4.92 	 7.18 	1
 1.36 	 4.92 	 8.99 	1
 1.36 	 4.92 	 8.77 	2
 1.36 	 4.92  	 9.23 	1
 1.36 	 4.93 	 8.75 	1
 1.36 	 4.93 	 7.10 	1
 1.36 	 4.94 	 7.80 	1
 1.36 	 4.95 	 8.61 	1
 1.36 	 4.96 	 8.49 	1
 1.36 	 4.97 	 9.68 	1
 1.36 	 4.97 	 8.42 	1
 1.36 	 4.98 	 9.99 	1
 1.36 	 4.99 	 9.95 	1
 1.36 	 5.01 	 7.88 	0
 1.36 	 5.05 	 8.12 	1
 1.36 	 5.06 	 8.32 	0
 1.36 	 5.06 	 8.58 	1
 1.36 	 5.06 	 8.58 	1
 1.36 	 5.07 	 9.22 	1
 1.36 	 5.08 	 8.50 	1
 1.36 	 5.09 	 8.38 	0
 1.36 	 5.09 	 9.50 	1
 1.36 	 5.09 	 8.49 	2
 1.36 	 5.10 	 8.22 	0
 1.36 	 5.10 	 7.81 	1
 1.36 	 5.11 	 8.18 	1
 1.36 	 5.13 	 9.67 	1
 1.36 	 5.13 	 6.44 	1
 1.36 	 5.14 	 9.28 	1
 1.36 	 5.14 	 8.40 	2
 1.36 	 5.14 	 9.10 	1
 1.36 	 5.14 	 7.83 	1
 1.36 	 5.15 	 8.46 	0
 1.36 	 5.15 	 7.86  	1
 1.36 	 5.17 	 8.88 	1
 1.36 	 5.17 	 7.95 	1
 1.36 	 5.19 	 9.60 	0
 1.36 	 5.20 	 7.98 	1
 1.36 	 5.22 	 8.47 	1
 1.36 	 5.22 	 7.90 	0
 1.36 	 5.23 	 8.25 	1
 1.36 	 5.25 	 7.77 	1
 1.36 	 5.28 	 7.99 	1
 1.36 	 5.28 	 7.65 	1
 1.36 	 5.28 	 8.42 	1
 1.36 	 5.28 	 8.34 	1
 1.36 	 5.29 	 7.88 	1
 1.36 	 5.32 	 8.23 	2
 1.36 	 5.37 	 8.63 	1
 1.36 	 5.38 	 8.74 	1
 1.36 	 5.39 	 8.33 	0
 1.36 	 5.39 	 8.65 	1
 1.36 	 5.39 	 8.53 	0
 1.36 	 5.40 	 8.63 	1
 1.36 	 5.41 	 8.37 	1
 1.36 	 5.44 	 8.20 	0
 1.36 	 5.45 	 8.40  	1
 1.36 	 5.49 	 7.43 	1
 1.36 	 5.50 	 7.89  	0
 1.36 	 5.54 	 7.99 	1
 1.36 	 5.55 	 8.22 	1
 1.36 	 5.63 	 7.82   	0
 1.36 	 5.65 	 8.12	1
 1.36 	 5.83 	 8.09 	1
 1.36 	 5.85 	 7.80 	0
 1.36 	 5.87 	 7.61 	2
 1.36 	 5.93 	 6.81 	2
 1.36 	 6.27 	 7.03 	2
 1.36  	 4.79 	 9.25 	1
 1.36  	 4.84 	 8.87 	0
 1.36  	 4.84 	 8.78 	1
 1.36  	 5.27 	 8.77 	0
 1.36  	 5.28  	 7.94  	1
 1.36  	 5.51  	 7.50  	1
 1.36  	 6.07 	 7.12  	0
 1.36   	 5.97 	 7.25  	1
 1.37 	 4.49 	 8.62 	1
 1.37 	 4.52 	 9.31 	1
 1.37 	 4.60 	 7.41 	1
 1.37 	 4.60 	 8.05 	0
 1.37 	 4.62 	 9.07 	2
 1.37 	 4.66 	 10.92  	1
 1.37 	 4.68 	 8.32 	1
 1.37 	 4.69 	 9.44 	2
 1.37 	 4.71 	 9.93 	0
 1.37 	 4.74 	 9.46 	1
 1.37 	 4.74 	 7.97 	2
 1.37 	 4.76 	 8.46 	1
 1.37 	 4.78 	 7.54 	1
 1.37 	 4.82 	 6.72 	1
 1.37 	 4.84 	 8.25 	1
 1.37 	 4.85 	 6.69 	0
 1.37 	 4.86 	 8.06 	1
 1.37 	 4.87 	 8.62 	1
 1.37 	 4.88 	 10.12  	1
 1.37 	 4.88 	 8.57 	1
 1.37 	 4.89 	 7.62 	0
 1.37 	 4.90 	 7.16 	0
 1.37 	 4.94 	 8.06  	1
 1.37 	 4.95  	 8.45 	1
 1.37 	 4.95  	 8.60 	1
 1.37 	 4.98 	 8.79 	1
 1.37 	 4.99 	 9.20 	0
 1.37 	 4.99 	 7.55 	1
 1.37 	 5.01 	 7.46 	1
 1.37 	 5.02 	 9.34 	1
 1.37 	 5.03 	 8.30 	0
 1.37 	 5.04 	 7.87 	1
 1.37 	 5.05 	 8.52 	1
 1.37 	 5.06 	 8.58 	1
 1.37 	 5.07 	 8.35 	1
 1.37 	 5.07 	 7.94 	1
 1.37 	 5.08 	 8.47 	1
 1.37 	 5.09 	 6.53 	1
 1.37 	 5.10 	 8.27 	1
 1.37 	 5.11 	 8.14 	1
 1.37 	 5.11 	 7.44 	1
 1.37 	 5.12 	 8.60 	1
 1.37 	 5.12 	 8.25 	2
 1.37 	 5.12 	 8.47 	1
 1.37 	 5.12 	 7.39 	1
 1.37 	 5.12 	 7.56 	0
 1.37 	 5.14 	 8.10 	1
 1.37 	 5.15 	 8.97 	1
 1.37 	 5.15 	 8.20 	0
 1.37 	 5.15 	 8.40 	1
 1.37 	 5.15 	 8.35 	1
 1.37 	 5.18 	 8.65 	1
 1.37 	 5.20 	 7.73 	1
 1.37 	 5.23 	 8.58 	1
 1.37 	 5.23 	 7.96 	1
 1.37 	 5.24  	 8.15 	1
 1.37 	 5.26 	 7.67 	1
 1.37 	 5.27 	 8.37 	1
 1.37 	 5.27 	 8.29 	0
 1.37 	 5.27 	 8.58 	1
 1.37 	 5.27 	 7.12 	1
 1.37 	 5.29 	 8.20 	1
 1.37 	 5.29 	 7.71 	1
 1.37 	 5.29  	 8.72 	1
 1.37 	 5.30 	 8.04 	1
 1.37 	 5.32 	 8.60 	1
 1.37 	 5.32 	 7.98 	1
 1.37 	 5.32 	 6.96 	1
 1.37 	 5.32 	 7.64  	1
 1.37 	 5.32 	 7.13 	2
 1.37 	 5.33 	 8.14 	1
 1.37 	 5.34 	 8.57 	2
 1.37 	 5.36 	 7.61 	1
 1.37 	 5.39 	 7.26 	2
 1.37 	 5.41 	 8.29 	1
 1.37 	 5.41 	 7.84  	0
 1.37 	 5.42 	 7.68 	1
 1.37 	 5.44 	 7.51 	1
 1.37 	 5.45 	 7.42 	1
 1.37 	 5.45 	 7.36 	1
 1.37 	 5.47 	 7.97 	0
 1.37 	 5.50 	 8.21 	1
 1.37 	 5.50 	 7.32 	0
 1.37 	 5.51 	 7.87 	1
 1.37 	 5.64 	 7.16 	1
 1.37 	 5.65 	 7.70 	1
 1.37 	 5.65 	 6.89 	0
 1.37 	 5.66 	 7.50 	1
 1.37 	 5.66 	 7.17  	1
 1.37 	 5.66 	 7.55 	1
 1.37  	 4.92 	 8.89 	1
 1.37  	 5.01  	 8.38  	1
 1.37  	 5.08	 8.23  	1
 1.37  	 5.15 	 8.71 	2
 1.37  	 5.35  	 7.49  	1
 1.37  	 5.39  	 7.53  	0
 1.37  	 5.45  	 8.16  	1
 1.38 	 4.34 	 10.92 	1
 1.38 	 4.42 	 10.50 	1
 1.38 	 4.43 	 9.19 	1
 1.38 	 4.48 	 8.61 	0
 1.38 	 4.54 	 8.50 	0
 1.38 	 4.57 	 7.97 	0
 1.38 	 4.58 	 8.55 	0
 1.38 	 4.60 	 8.79 	1
 1.38 	 4.63 	 8.42 	1
 1.38 	 4.64 	 7.16 	2
 1.38 	 4.65 	 9.58 	0
 1.38 	 4.66 	 7.76 	2
 1.38 	 4.66 	 8.63 	2
 1.38 	 4.67 	 6.84 	1
 1.38 	 4.67  	 7.02	1
 1.38 	 4.68 	 8.10	1
 1.38 	 4.71 	 9.33 	1
 1.38 	 4.71 	 10.15 	1
 1.38 	 4.71 	 7.89 	1
 1.38 	 4.71 	 8.79 	1
 1.38 	 4.72 	 8.19 	0
 1.38 	 4.74 	 8.49 	1
 1.38 	 4.75 	 8.98  	1
 1.38 	 4.75  	 9.26 	0
 1.38 	 4.76  	 8.22 	1
 1.38 	 4.78 	 8.34 	1
 1.38 	 4.80 	 8.75 	1
 1.38 	 4.80 	 8.75 	1
 1.38 	 4.83 	 7.66 	0
 1.38 	 4.86 	 8.91 	0
 1.38 	 4.89 	 8.25 	1
 1.38 	 4.89 	 8.25 	1
 1.38 	 4.89  	 8.38  	0
 1.38 	 4.90 	 8.19 	1
 1.38 	 4.91 	 8.70 	1
 1.38 	 4.93 	 8.07 	1
 1.38 	 4.94 	 8.19 	1
 1.38 	 4.94 	 7.28 	1
 1.38 	 4.95 	 8.74 	1
 1.38 	 4.95 	 9.31 	1
 1.38 	 4.95 	 8.42 	1
 1.38 	 4.96 	 8.48 	0
 1.38 	 4.97 	 8.52 	1
 1.38 	 4.97 	 8.26 	1
 1.38 	 4.98 	 8.28 	2
 1.38 	 4.98 	 8.51 	1
 1.38 	 4.99 	 8.54 	1
 1.38 	 4.99 	 8.45 	1
 1.38 	 5.01 	 8.93 	2
 1.38 	 5.02 	 8.89 	1
 1.38 	 5.02 	 8.26 	1
 1.38 	 5.02 	 8.30  	0
 1.38 	 5.02 	 7.98 	1
 1.38 	 5.03 	 7.32 	0
 1.38 	 5.04 	 8.09 	1
 1.38 	 5.05 	 8.69 	1
 1.38 	 5.05 	 7.66 	1
 1.38 	 5.05 	 8.03 	2
 1.38 	 5.06 	 7.91 	0
 1.38 	 5.07 	 7.54 	1
 1.38 	 5.08 	 8.66 	0
 1.38 	 5.08 	 7.24 	1
 1.38 	 5.09 	 8.29 	2
 1.38 	 5.09 	 8.67  	1
 1.38 	 5.09 	 8.69 	1
 1.38 	 5.11 	 8.20 	1
 1.38 	 5.11 	 6.93 	1
 1.38 	 5.11 	 7.51 	0
 1.38 	 5.11 	 7.48 	1
 1.38 	 5.12 	 8.09	1
 1.38 	 5.13 	 8.39 	1
 1.38 	 5.14 	 8.25 	1
 1.38 	 5.14 	 7.27 	1
 1.38 	 5.17 	 7.58 	2
 1.38 	 5.20 	 8.61 	1
 1.38 	 5.20 	 7.89 	1
 1.38 	 5.20 	 7.98 	1
 1.38 	 5.21 	 8.13 	1
 1.38 	 5.22 	 8.57  	1
 1.38 	 5.23 	 7.86 	1
 1.38 	 5.25 	 8.20 	0
 1.38 	 5.27 	 7.93 	1
 1.38 	 5.27 	 8.05 	1
 1.38 	 5.31 	 7.64  	1
 1.38 	 5.31 	 7.17 	1
 1.38 	 5.32 	 7.84 	1
 1.38 	 5.32 	 8.13 	1
 1.38 	 5.33 	 6.89 	1
 1.38 	 5.35 	 7.51 	1
 1.38 	 5.35  	 7.60 	1
 1.38 	 5.38 	 8.08 	1
 1.38 	 5.38 	 7.96 	0
 1.38 	 5.41 	 7.99 	1
 1.38 	 5.41  	 7.51  	1
 1.38 	 5.43 	 7.81 	1
 1.38 	 5.45 	 7.28 	1
 1.38 	 5.49 	 6.80 	1
 1.38 	 5.64  	 7.00  	1
 1.38  	 4.65 	 8.62 	2
 1.38  	 4.78 	 9.47  	0
 1.38  	 4.81  	 7.73 	1
 1.38  	 4.93  	 8.34  	1
 1.38  	 5.01  	 8.27  	0
 1.38  	 5.13  	 8.48 	1
 1.38  	 5.21  	 7.60  	1
 1.38  	 5.28  	 8.14  	1
 1.38  	 5.30  	 8.20  	0
 1.38  	 5.66  	 6.90  	1
 1.38  	 5.68  	 7.16 	0
 1.38  	 5.69 	 7.24 	0
 1.39 	  4.66 	 8.66 	1
 1.39 	 4.29 	 9.54 	1
 1.39 	 4.45 	 10.20 	1
 1.39 	 4.45 	 7.66 	1
 1.39 	 4.50 	 8.42 	1
 1.39 	 4.57 	 6.71 	2
 1.39 	 4.57 	 8.83 	0
 1.39 	 4.58 	 7.73 	1
 1.39 	 4.61 	 9.70 	1
 1.39 	 4.61 	 8.79 	2
 1.39 	 4.62 	 9.52 	0
 1.39 	 4.63 	 6.76 	1
 1.39 	 4.65 	 7.82 	1
 1.39 	 4.65 	 6.77 	1
 1.39 	 4.66 	 8.79 	1
 1.39 	 4.67 	 7.97 	1
 1.39 	 4.68  	 8.18 	1
 1.39 	 4.71 	 8.22 	1
 1.39 	 4.73 	 8.11 	2
 1.39 	 4.74 	 8.44 	0
 1.39 	 4.74 	 8.11 	1
 1.39 	 4.76 	 8.49 	1
 1.39 	 4.76 	 7.95 	1
 1.39 	 4.76 	 7.87 	1
 1.39 	 4.77 	 7.92 	1
 1.39 	 4.77 	 7.69 	1
 1.39 	 4.77 	 8.07 	1
 1.39 	 4.77 	 7.42 	1
 1.39 	 4.78 	 7.55 	0
 1.39 	 4.78  	 9.16 	1
 1.39 	 4.78  	 8.77 	1
 1.39 	 4.79 	 8.90 	1
 1.39 	 4.79  	 8.37  	0
 1.39 	 4.80 	 7.82 	2
 1.39 	 4.82 	 8.38 	1
 1.39 	 4.82 	 8.70 	1
 1.39 	 4.82 	 7.43 	2
 1.39 	 4.84 	 7.68 	1
 1.39 	 4.85 	 9.21 	0
 1.39 	 4.85 	 7.21 	2
 1.39 	 4.85 	 8.36 	1
 1.39 	 4.85 	 6.86 	2
 1.39 	 4.87 	 6.49 	1
 1.39 	 4.88 	 8.66 	1
 1.39 	 4.88 	 7.85 	1
 1.39 	 4.88 	 8.46 	1
 1.39 	 4.88 	 7.08 	1
 1.39 	 4.90 	 7.14 	1
 1.39 	 4.90 	 7.32 	1
 1.39 	 4.90 	 7.32 	1
 1.39 	 4.91 	 8.25 	1
 1.39 	 4.91 	 6.38 	1
 1.39 	 4.92 	 8.44 	1
 1.39 	 4.92 	 7.84 	1
 1.39 	 4.93 	 7.56 	2
 1.39 	 4.94 	 8.67 	1
 1.39 	 4.95  	 8.27 	1
 1.39 	 4.98 	 7.66 	1
 1.39 	 4.99 	 8.45 	1
 1.39 	 5.00 	 7.83 	1
 1.39 	 5.02 	 7.53  	1
 1.39 	 5.03 	 8.42 	1
 1.39 	 5.03 	 7.03  	1
 1.39 	 5.03 	 7.49 	1
 1.39 	 5.04 	 8.41 	1
 1.39 	 5.04 	 7.86 	1
 1.39 	 5.05 	 8.15 	1
 1.39 	 5.05 	 7.79 	2
 1.39 	 5.05 	 7.88 	1
 1.39 	 5.06 	 8.22 	0
 1.39 	 5.07 	 6.83 	1
 1.39 	 5.10 	 7.77 	1
 1.39 	 5.14 	 6.82 	0
 1.39 	 5.14 	 7.50 	1
 1.39 	 5.15 	 8.32 	1
 1.39 	 5.15 	 8.20 	1
 1.39 	 5.15 	 7.47 	1
 1.39 	 5.15 	 7.54 	1
 1.39 	 5.16 	 7.75  	1
 1.39 	 5.17 	 7.92 	0
 1.39 	 5.17 	 7.24 	1
 1.39 	 5.18 	 8.03 	0
 1.39 	 5.18 	 7.46 	1
 1.39 	 5.20 	 7.53 	1
 1.39 	 5.20 	 6.83 	1
 1.39 	 5.21  	 7.74 	0
 1.39 	 5.25 	 7.98 	1
 1.39 	 5.26 	 7.28 	1
 1.39 	 5.27 	 7.73 	1
 1.39 	 5.29 	 7.79  	1
 1.39 	 5.33 	 6.53 	1
 1.39 	 5.34  	 6.92 	2
 1.39 	 5.36 	 7.71 	1
 1.39 	 5.39 	 6.97 	1
 1.39 	 5.40 	 7.61 	1
 1.39 	 5.43 	 7.30 	1
 1.39 	 5.44 	 7.81 	1
 1.39 	 5.54 	 6.79 	1
 1.39  	 4.53 	 7.18 	0
 1.39  	 4.76 	 8.36 	1
 1.39  	 4.83  	  7.97  	1
 1.39  	 4.98 	 7.82 	1
 1.39  	 5.07 	 8.61 	1
 1.39  	 5.09 	 8.36  	1
 1.39  	 5.12 	 7.36  	1
 1.39  	 5.38 	 7.05 	1
 1.39  	 5.42 	 6.78 	1
 1.39  	 5.72 	 7.04 	2
 1.40 	 4.14 	 11.09 	0
 1.40 	 4.33 	 10.28  	1
 1.40 	 4.42 	 9.83 	1
 1.40 	 4.43 	 7.11 	1
 1.40 	 4.44 	 9.86 	1
 1.40 	 4.45 	 7.60 	0
 1.40 	 4.46 	 7.95 	1
 1.40 	 4.55 	 8.06 	1
 1.40 	 4.57 	 9.20 	1
 1.40 	 4.58 	 6.73 	2
 1.40 	 4.59 	 6.83 	1
 1.40 	 4.60 	 7.74 	1
 1.40 	 4.60 	 7.85 	0
 1.40 	 4.61 	 6.94  	2
 1.40 	 4.63 	 8.36 	1
 1.40 	 4.63 	 8.69 	1
 1.40 	 4.65 	 8.24 	1
 1.40 	 4.66 	 8.09 	1
 1.40 	 4.68 	 9.19 	1
 1.40 	 4.68 	 8.18 	1
 1.40 	 4.69 	 9.36 	2
 1.40 	 4.69 	 9.50 	1
 1.40 	 4.71 	 6.40 	1
 1.40 	 4.72 	 7.34 	1
 1.40 	 4.73 	 8.89 	1
 1.40 	 4.73 	 7.67 	1
 1.40 	 4.73 	 6.46 	1
 1.40 	 4.75 	 7.35 	2
 1.40 	 4.75 	 7.91 	1
 1.40 	 4.75 	 8.05 	1
 1.40 	 4.75 	 6.88 	2
 1.40 	 4.76 	 8.27 	1
 1.40 	 4.77 	 8.33 	1
 1.40 	 4.78 	 8.57 	1
 1.40 	 4.78 	 7.42 	1
 1.40 	 4.79  	 8.36  	1
 1.40 	 4.80 	 7.93  	0
 1.40 	 4.80 	 7.28 	0
 1.40 	 4.81 	 7.30 	1
 1.40 	 4.82 	 7.40 	1
 1.40 	 4.82 	 7.80  	1
 1.40 	 4.85 	 6.98 	1
 1.40 	 4.86 	 6.61 	0
 1.40 	 4.87 	 7.61 	1
 1.40 	 4.87 	 8.06 	2
 1.40 	 4.87 	 7.68 	1
 1.40 	 4.87 	 7.88 	1
 1.40 	 4.87 	 7.07  	0
 1.40 	 4.87 	 7.20 	1
 1.40 	 4.90 	 8.48 	1
 1.40 	 4.91 	 7.75 	1
 1.40 	 4.92 	 7.70 	2
 1.40 	 4.92 	 7.68 	0
 1.40 	 4.92 	 7.66 	1
 1.40 	 4.93 	 8.23 	1
 1.40 	 4.94 	 8.13 	1
 1.40 	 4.94 	 7.72 	1
 1.40 	 4.96 	 7.52 	0
 1.40 	 4.96  	 7.55 	1
 1.40 	 4.97 	 8.18 	1
 1.40 	 4.99 	 6.92 	1
 1.40 	 5.01 	 8.44 	1
 1.40 	 5.04 	 7.36 	0
 1.40 	 5.05 	 7.34 	1
 1.40 	 5.07 	 7.82 	1
 1.40 	 5.07 	 7.55  	0
 1.40 	 5.08 	 7.44 	1
 1.40 	 5.08 	 7.21 	2
 1.40 	 5.09 	 7.17 	1
 1.40 	 5.13 	 7.60 	1
 1.40 	 5.15 	 7.95 	1
 1.40 	 5.19 	 7.77 	1
 1.40 	 5.21 	 7.28 	2
 1.40 	 5.21 	 6.92 	1
 1.40 	 5.23 	 6.57 	1
 1.40 	 5.24 	 7.74 	2
 1.40 	 5.31 	 7.44 	1
 1.40 	 5.41 	 7.22 	0
 1.40 	 5.46 	 7.30 	1
 1.40 	 6.06 	 6.50  	2
 1.40  	 4.69 	 8.93 	1
 1.40  	 4.86  	 8.08  	1
 1.40  	 4.96 	 8.05 	1
 1.40  	 5.11  	  7.24  	2
 1.40  	 5.16  	 7.08  	1
 1.40  	 5.17 	 7.96 	0
 1.40  	 5.58  	 6.77 	1
 1.41 	 4.27 	 8.14 	1
 1.41 	 4.34  	 9.41 	1
 1.41 	 4.37 	 10.25  	1
 1.41 	 4.38 	 8.31 	1
 1.41 	 4.40 	 7.90 	1
 1.41 	 4.42 	 8.99  	0
 1.41 	 4.48 	 8.06 	2
 1.41 	 4.49 	 9.96 	1
 1.41 	 4.49 	 7.55 	1
 1.41 	 4.50 	 6.88 	1
 1.41 	 4.50 	 6.91 	0
 1.41 	 4.57 	 9.24  	1
 1.41 	 4.59 	 7.39 	1
 1.41 	 4.60 	 7.49 	1
 1.41 	 4.61 	 8.34 	0
 1.41 	 4.62 	 7.63  	1
 1.41 	 4.63 	 8.91  	1
 1.41 	 4.64  	 8.62 	1
 1.41 	 4.65 	 7.67 	0
 1.41 	 4.66 	 8.10 	1
 1.41 	 4.66 	 8.26 	1
 1.41 	 4.68  	 8.27 	1
 1.41 	 4.70 	 6.83 	2
 1.41 	 4.70 	 7.06 	0
 1.41 	 4.71 	 8.57 	1
 1.41 	 4.71 	 7.82 	1
 1.41 	 4.72 	 8.26 	1
 1.41 	 4.73 	 7.49 	0
 1.41 	 4.75 	 7.65 	0
 1.41 	 4.75 	 7.72 	0
 1.41 	 4.75 	 7.24 	1
 1.41 	 4.76 	 7.24 	1
 1.41 	 4.76 	 7.44 	1
 1.41 	 4.77 	 7.68 	1
 1.41 	 4.77 	 6.64 	1
 1.41 	 4.77 	 7.25 	1
 1.41 	 4.78 	 8.01  	0
 1.41 	 4.78 	 7.12 	1
 1.41 	 4.78 	 7.75 	1
 1.41 	 4.78 	 7.53 	1
 1.41 	 4.79 	 7.51 	1
 1.41 	 4.79 	 7.19 	0
 1.41 	 4.80 	 7.23 	2
 1.41 	 4.81 	 7.69  	1
 1.41 	 4.84 	 7.67 	1
 1.41 	 4.84 	 7.49 	2
 1.41 	 4.85 	 7.07 	1
 1.41 	 4.86 	 8.23 	1
 1.41 	 4.86 	 7.13 	2
 1.41 	 4.86  	 7.63 	1
 1.41 	 4.87 	 8.14 	1
 1.41 	 4.87 	 7.36 	1
 1.41 	 4.88 	 7.43 	1
 1.41 	 4.90 	 7.06 	1
 1.41 	 4.90 	 7.43 	1
 1.41 	 4.90 	 7.38 	1
 1.41 	 4.90 	 6.72 	2
 1.41 	 4.90  	 8.10	1
 1.41 	 4.93 	 7.99 	0
 1.41 	 4.94 	 6.87 	2
 1.41 	 4.94 	 6.83 	2
 1.41 	 4.95 	 8.16 	1
 1.41 	 4.95 	 6.97 	1
 1.41 	 4.97 	 7.29  	1
 1.41 	 4.98 	 7.35 	0
 1.41 	 5.01 	 7.19 	2
 1.41 	 5.02 	 6.97 	1
 1.41 	 5.05 	 7.06 	1
 1.41 	 5.05 	 6.96 	1
 1.41 	 5.08 	 7.02 	1
 1.41 	 5.08 	 6.85 	0
 1.41 	 5.09 	 7.17 	2
 1.41 	 5.09 	 7.60 	1
 1.41 	 5.10 	 7.51  	1
 1.41 	 5.12 	 7.41 	1
 1.41 	 5.19 	 6.95 	0
 1.41 	 5.19 	 6.78 	0
 1.41 	 5.20 	 7.22 	1
 1.41 	 5.22 	 5.62 	1
 1.41 	 5.23 	 6.99 	1
 1.41 	 5.32 	 7.03 	1
 1.41 	 5.64  	 6.76  	1
 1.41  	 4.69 	 7.87 	1
 1.41  	 4.78  	 7.59  	1
 1.41  	 4.83 	 7.78 	1
 1.41  	 4.84  	 7.86  	1
 1.41  	 4.98 	 7.63 	0
 1.41  	 5.09  	 7.17 	1
 1.41  	 5.54  	 6.77 	1
 1.41  	 5.60  	 6.79 	1
 1.42 	 4.25 	 7.86 	1
 1.42 	 4.26  	 8.32 	1
 1.42 	 4.30 	 7.33 	0
 1.42 	 4.31  	 8.56 	1
 1.42 	 4.33 	 7.27  	1
 1.42 	 4.34 	 8.69 	0
 1.42 	 4.37 	 8.86 	1
 1.42 	 4.37 	 8.00 	0
 1.42 	 4.39 	 7.91 	1
 1.42 	 4.45 	 6.93 	1
 1.42 	 4.45 	 7.69 	1
 1.42 	 4.46 	 8.24 	1
 1.42 	 4.47 	 7.66 	1
 1.42 	 4.49 	 6.60 	1
 1.42 	 4.50 	 7.52 	1
 1.42 	 4.51 	 7.87 	1
 1.42 	 4.51 	 7.61  	1
 1.42 	 4.52 	 8.85  	1
 1.42 	 4.52 	 6.58 	0
 1.42 	 4.52 	 7.51 	1
 1.42 	 4.53 	 8.85 	1
 1.42 	 4.53 	 7.73 	0
 1.42 	 4.53 	 6.11 	1
 1.42 	 4.54 	 8.03 	1
 1.42 	 4.55 	 7.59 	1
 1.42 	 4.55 	 7.99 	1
 1.42 	 4.55 	 6.32 	1
 1.42 	 4.57 	 9.46 	1
 1.42 	 4.57  	 6.45 	0
 1.42 	 4.58 	 7.04 	1
 1.42 	 4.60 	 7.47 	2
 1.42 	 4.61 	 7.98 	1
 1.42 	 4.61 	 6.59 	0
 1.42 	 4.62 	 7.56 	0
 1.42 	 4.65 	 8.25 	0
 1.42 	 4.66 	 7.75 	1
 1.42 	 4.67 	 6.75 	1
 1.42 	 4.67 	 6.33 	1
 1.42 	 4.67 	 7.57 	1
 1.42 	 4.67 	 7.24 	0
 1.42 	 4.67  	 7.26  	1
 1.42 	 4.68 	 6.85 	1
 1.42 	 4.69 	 7.11 	1
 1.42 	 4.69 	 6.92 	1
 1.42 	 4.70  	 8.43  	1
 1.42 	 4.71 	 7.94  	1
 1.42 	 4.72 	 7.34 	1
 1.42 	 4.72 	 8.03 	1
 1.42 	 4.72 	 6.90 	1
 1.42 	 4.73 	 7.41 	1
 1.42 	 4.75 	 7.48  	1
 1.42 	 4.75 	 6.73  	0
 1.42 	 4.76 	 7.38 	0
 1.42 	 4.76 	 8.26 	1
 1.42 	 4.77 	 7.67 	1
 1.42 	 4.77 	 7.98  	1
 1.42 	 4.77 	 8.03 	0
 1.42 	 4.77 	 6.16 	1
 1.42 	 4.78 	 7.24 	0
 1.42 	 4.79 	 7.67 	0
 1.42 	 4.80 	 7.34 	0
 1.42 	 4.80 	 5.95 	1
 1.42 	 4.80 	 7.27 	1
 1.42 	 4.81 	 7.65 	2
 1.42 	 4.82 	 7.56 	2
 1.42 	 4.83 	 8.01 	0
 1.42 	 4.85 	 8.07 	0
 1.42 	 4.85  	 6.93 	2
 1.42 	 4.86 	 6.99 	1
 1.42 	 4.87 	 7.42 	1
 1.42 	 4.88 	 6.84 	2
 1.42 	 4.91 	 7.24 	2
 1.42 	 4.93 	 6.79 	1
 1.42 	 4.93 	 7.01 	1
 1.42 	 4.93 	 7.53 	1
 1.42 	 4.93 	 6.79 	1
 1.42 	 4.94 	 7.58 	0
 1.42 	 4.95 	 7.74 	1
 1.42 	 4.95 	 7.10 	1
 1.42 	 4.95 	 7.31 	0
 1.42 	 4.96 	 6.86 	1
 1.42 	 4.96 	 6.63 	1
 1.42 	 4.98 	 7.56 	1
 1.42 	 4.98 	 7.10 	0
 1.42 	 4.99 	 7.50 	1
 1.42 	 4.99 	 6.82 	2
 1.42 	 5.01 	 6.67 	1
 1.42 	 5.02	 7.02 	2
 1.42 	 5.02 	 6.68 	1
 1.42 	 5.03 	 7.49 	1
 1.42 	 5.03 	 6.51 	2
 1.42 	 5.04 	 7.21 	1
 1.42 	 5.05  	 7.01 	1
 1.42 	 5.06 	 7.14 	1
 1.42 	 5.06 	 7.05 	0
 1.42 	 5.07 	 7.59 	2
 1.42 	 5.09 	 6.94 	2
 1.42 	 5.09  	 7.16 	1
 1.42 	 5.22 	 7.11	2
 1.42 	 5.24 	 7.02 	2
 1.42 	 5.24 	 6.66 	1
 1.42 	 5.27  	 6.82 	1
 1.42 	 5.39 	 6.40 	1
 1.42  	 4.55 	 7.80  	2
 1.42  	 4.55  	 7.72 	0
 1.42  	 4.56 	 8.69 	0
 1.42  	 4.65  	 8.50   	1
 1.42  	 4.69 	 8.55 	1
 1.42  	 4.77 	 5.94 	1
 1.42  	 4.77  	 7.54  	2
 1.42  	 4.83   	 7.23 	1
 1.42  	 5.01 	 7.48 	1
 1.42  	 5.06  	 7.07  	1
 1.42  	 5.06  	 7.10  	1
 1.42  	 5.08  	 7.39 	1
 1.42  	 5.11 	 7.29  	1
 1.42  	 5.12   	 6.78  	1
 1.42  	 5.14  	 6.65  	0
 1.42  	 5.21 	 7.10  	2
 1.42   	 4.66 	 8.05 	1
 1.42   	 4.85  	 7.78  	2
 1.43	 4.86	 6.73	1
 1.43 	 4.05 	 8.45 	1
 1.43 	 4.09 	 7.30 	1
 1.43 	 4.24 	 9.09 	1
 1.43 	 4.26 	 8.41 	0
 1.43 	 4.27 	 7.58 	1
 1.43 	 4.28 	 8.45 	1
 1.43 	 4.34 	 8.74  	1
 1.43 	 4.39 	 8.90 	1
 1.43 	 4.39 	 7.23 	1
 1.43 	 4.39 	 7.70 	2
 1.43 	 4.41 	 7.71 	1
 1.43 	 4.41 	 7.63 	1
 1.43 	 4.42 	 7.81 	1
 1.43 	 4.42 	 7.86 	1
 1.43 	 4.42 	 7.97 	1
 1.43 	 4.43 	 7.90 	1
 1.43 	 4.47 	 9.04	1
 1.43 	 4.47 	 6.71 	1
 1.43 	 4.48 	 8.34 	1
 1.43 	 4.48 	 7.69 	0
 1.43 	 4.49 	 7.77 	1
 1.43 	 4.49 	 6.99 	1
 1.43 	 4.50 	 6.55 	1
 1.43 	 4.50 	 8.00 	1
 1.43 	 4.50 	 6.25 	1
 1.43 	 4.50 	 7.80 	1
 1.43 	 4.50 	 7.50 	2
 1.43 	 4.51 	 7.36 	1
 1.43 	 4.52 	 7.41 	2
 1.43 	 4.53 	 7.71 	0
 1.43 	 4.54 	 7.99 	1
 1.43 	 4.54 	 8.50 	1
 1.43 	 4.55 	 7.09 	1
 1.43 	 4.59 	 8.32 	2
 1.43 	 4.59 	 7.56 	0
 1.43 	 4.60 	 8.34  	0
 1.43 	 4.60 	 7.57 	1
 1.43 	 4.60 	 7.36 	1
 1.43 	 4.61 	 6.17 	1
 1.43 	 4.62 	 8.17 	1
 1.43 	 4.63 	 8.50  	1
 1.43 	 4.63 	 8.12  	0
 1.43 	 4.63 	 6.25 	1
 1.43 	 4.64 	 6.36 	0
 1.43 	 4.64 	 5.93 	1
 1.43 	 4.64 	 7.24 	1
 1.43 	 4.66 	 7.30 	0
 1.43 	 4.67 	 6.92 	1
 1.43 	 4.68 	 7.23 	2
 1.43 	 4.68 	 7.54 	1
 1.43 	 4.68 	 6.66 	1
 1.43 	 4.69 	 7.54 	1
 1.43 	 4.69 	 6.97 	0
 1.43 	 4.70 	 6.28 	1
 1.43 	 4.72 	 7.36 	1
 1.43 	 4.74 	 7.37 	1
 1.43 	 4.75 	 7.73 	1
 1.43 	 4.75 	 7.83  	0
 1.43 	 4.75  	 7.46 	0
 1.43 	 4.78 	 6.74 	1
 1.43 	 4.79 	 7.85 	1
 1.43 	 4.79 	 7.56 	1
 1.43 	 4.79 	 7.65  	1
 1.43 	 4.79  	 7.72 	1
 1.43 	 4.80 	 7.66 	1
 1.43 	 4.80 	 6.45 	1
 1.43 	 4.80 	 6.67 	0
 1.43 	 4.83 	 7.39 	0
 1.43 	 4.83 	 6.77 	0
 1.43 	 4.84 	 7.55 	1
 1.43 	 4.86  	 7.54  	2
 1.43 	 4.87 	 6.89 	0
 1.43 	 4.88 	 7.49 	1
 1.43 	 4.90 	 6.96 	1
 1.43 	 4.92 	 7.28  	1
 1.43 	 4.92 	 6.42 	1
 1.43 	 4.92 	 6.83 	1
 1.43 	 4.92 	 6.63 	1
 1.43 	 4.92 	 6.49 	1
 1.43 	 4.93  	 7.22 	1
 1.43 	 4.96 	 7.22 	2
 1.43 	 4.96 	 7.30 	1
 1.43 	 4.98 	 7.41 	0
 1.43 	 5.00 	 7.16 	1
 1.43 	 5.03 	 7.12 	1
 1.43 	 5.05 	 7.02 	1
 1.43 	 5.46 	 6.11 	1
 1.43  	 4.53 	 8.51 	1
 1.43  	 4.53 	 8.14 	1
 1.43  	 4.78 	 7.79 	1
 1.43  	 4.85 	 6.80 	0
 1.43  	 4.85  	 6.96 	1
 1.43  	 4.90  	  6.97  	1
 1.43  	 4.99 	 7.22 	1
 1.43  	 5.20  	 6.36  	1
 1.43  	 5.25 	 6.64 	1
 1.43  	 5.34  	 6.14  	0
 1.44 	 3.39 	 4.58 	0
 1.44 	 4.14 	 8.04 	1
 1.44 	 4.22 	 7.45 	1
 1.44 	 4.25 	 9.35 	1
 1.44 	 4.26 	 8.12 	1
 1.44 	 4.26 	 7.11 	1
 1.44 	 4.26 	 7.42 	1
 1.44 	 4.27 	 6.70 	1
 1.44 	 4.28 	 6.32 	1
 1.44 	 4.28 	 7.80 	0
 1.44 	 4.29 	 7.27 	2
 1.44 	 4.29 	 7.20 	1
 1.44 	 4.30 	 7.24 	0
 1.44 	 4.31 	 7.63 	1
 1.44 	 4.34 	 8.04 	0
 1.44 	 4.36 	 7.66 	1
 1.44 	 4.38 	 8.58 	2
 1.44 	 4.38 	 6.62 	0
 1.44 	 4.40 	 7.63 	2
 1.44 	 4.42 	 7.74 	0
 1.44 	 4.45 	 7.46 	1
 1.44 	 4.46 	 6.73 	1
 1.44 	 4.46 	 6.96 	1
 1.44 	 4.47 	 7.73 	2
 1.44 	 4.47 	 6.87 	1
 1.44 	 4.48 	 7.11 	2
 1.44 	 4.48 	 8.43 	1
 1.44 	 4.49 	 8.18 	2
 1.44 	 4.49 	 6.86 	1
 1.44 	 4.49 	 6.96 	1
 1.44 	 4.52 	 6.73 	1
 1.44 	 4.52 	 7.42 	0
 1.44 	 4.52 	 7.30 	1
 1.44 	 4.53 	 6.64 	1
 1.44 	 4.55  	 7.86  	1
 1.44 	 4.56 	 5.88 	1
 1.44 	 4.56 	 7.21 	1
 1.44 	 4.57 	 6.67  	1
 1.44 	 4.57 	 7.04 	0
 1.44 	 4.58 	 6.52 	1
 1.44 	 4.58 	 7.21 	2
 1.44 	 4.59 	 6.73  	1
 1.44 	 4.59 	 6.92 	1
 1.44 	 4.60 	 7.74 	1
 1.44 	 4.60 	 6.97  	1
 1.44 	 4.60 	 6.58 	1
 1.44 	 4.61 	 7.78 	2
 1.44 	 4.61 	 7.32  	1
 1.44 	 4.61 	 6.99 	1
 1.44 	 4.62 	 7.10 	2
 1.44 	 4.62 	 5.87 	1
 1.44 	 4.63 	 7.26  	0
 1.44 	 4.64 	 6.09 	1
 1.44 	 4.65 	 8.00 	1
 1.44 	 4.67 	 6.79 	1
 1.44 	 4.68 	 7.10 	0
 1.44 	 4.68 	 5.73 	1
 1.44 	 4.70 	 6.98 	1
 1.44 	 4.70 	 6.96  	1
 1.44 	 4.71 	 7.73 	1
 1.44 	 4.71  	 6.60 	0
 1.44 	 4.72 	 6.96 	1
 1.44 	 4.73 	 6.88 	1
 1.44 	 4.75 	 7.08 	1
 1.44 	 4.75  	 7.03 	1
 1.44 	 4.76 	 6.51 	1
 1.44 	 4.77 	 7.25 	1
 1.44 	 4.79  	 7.35 	0
 1.44 	 4.79  	 6.69 	1
 1.44 	 4.80 	 7.47 	1
 1.44 	 4.81 	 7.29  	1
 1.44 	 4.81 	 6.98 	1
 1.44 	 4.82 	 7.19 	1
 1.44 	 4.82  	 7.27 	1
 1.44 	 4.84  	  7.18 	1
 1.44 	 4.85 	 7.45 	0
 1.44 	 4.85 	 7.29 	0
 1.44 	 4.87 	 7.44 	1
 1.44 	 4.87  	 6.44 	1
 1.44 	 4.88 	 6.75 	1
 1.44 	 4.90 	 6.54 	2
 1.44 	 4.92 	 7.02 	1
 1.44 	 4.94 	 6.87  	0
 1.44 	 4.96 	 6.31 	1
 1.44 	 5.00 	 6.80 	1
 1.44 	 5.00 	 6.40 	1
 1.44 	 5.06 	 6.47 	1
 1.44 	 5.06 	 6.78 	1
 1.44 	 5.07 	 6.81 	1
 1.44 	 5.14  	 6.85 	1
 1.44  	 4.83  	 7.53  	0
 1.44  	 4.85 	 6.99 	1
 1.44  	 4.87   	 6.74  	1
 1.44  	 4.93  	 6.65  	1
 1.44  	 4.99  	 7.24  	1
 1.44  	 5.07  	 6.43  	1
 1.44   	 4.24 	 9.03 	1
 1.44   	 5.04  	 7.18  	1
 1.45 	 4.17 	 7.82 	1
 1.45 	 4.21 	 6.50 	1
 1.45 	 4.27 	 7.82 	1
 1.45 	 4.29 	 8.80 	1
 1.45 	 4.29 	 6.07 	1
 1.45 	 4.31 	 8.42 	2
 1.45 	 4.31 	 6.39 	1
 1.45 	 4.33 	 7.50 	0
 1.45 	 4.34 	 8.58 	1
 1.45 	 4.34 	 8.59 	1
 1.45 	 4.34 	 6.45 	1
 1.45 	 4.35 	 6.24 	1
 1.45 	 4.37 	 7.79 	1
 1.45 	 4.38 	 7.57 	1
 1.45 	 4.38 	 7.04  	2
 1.45 	 4.40 	 7.47 	1
 1.45 	 4.40 	 7.41 	1
 1.45 	 4.41 	 7.78 	1
 1.45 	 4.43 	 6.68 	1
 1.45 	 4.43 	 7.72 	1
 1.45 	 4.44 	 8.41 	0
 1.45 	 4.46 	 7.59 	1
 1.45 	 4.46 	 7.16 	1
 1.45 	 4.49 	 5.73 	1
 1.45 	 4.49 	 6.99 	1
 1.45 	 4.50 	 6.53 	0
 1.45 	 4.50  	 7.33 	1
 1.45 	 4.51 	 7.42 	1
 1.45 	 4.51 	 7.73 	1
 1.45 	 4.51 	 7.68 	1
 1.45 	 4.51 	 6.90 	1
 1.45 	 4.51 	 6.46 	1
 1.45 	 4.52 	 6.77 	1
 1.45 	 4.52 	 5.87 	2
 1.45 	 4.53 	 7.68 	1
 1.45 	 4.53 	 6.68 	1
 1.45 	 4.53 	 6.53 	0
 1.45 	 4.54 	 7.61 	1
 1.45 	 4.54 	 7.83 	1
 1.45 	 4.54 	 7.31  	1
 1.45 	 4.54 	 6.94 	0
 1.45 	 4.55 	 6.44 	1
 1.45 	 4.57 	 7.95 	2
 1.45 	 4.57 	 6.23 	1
 1.45 	 4.57 	 5.83 	0
 1.45 	 4.59 	 7.32 	1
 1.45 	 4.59  	 6.27 	1
 1.45 	 4.60 	 6.68 	1
 1.45 	 4.61 	 7.91 	1
 1.45 	 4.63 	 5.64 	0
 1.45 	 4.64 	 7.55 	1
 1.45 	 4.65 	 6.86 	0
 1.45 	 4.65 	 7.50 	1
 1.45 	 4.65 	 6.94 	1
 1.45 	 4.66 	 6.99 	1
 1.45 	 4.67 	 6.93 	1
 1.45 	 4.69 	 6.46 	2
 1.45 	 4.70 	 6.45 	2
 1.45 	 4.71 	 6.42 	1
 1.45 	 4.71 	 6.85 	1
 1.45 	 4.72 	 6.94 	0
 1.45 	 4.74 	 6.23 	1
 1.45 	 4.74 	 6.52 	2
 1.45 	 4.74 	 6.52 	1
 1.45 	 4.75 	 7.21 	0
 1.45 	 4.75 	 6.74 	0
 1.45 	 4.77 	 6.72 	1
 1.45 	 4.77 	 6.16 	1
 1.45 	 4.78 	 6.24 	2
 1.45 	 4.79 	 6.27 	1
 1.45 	 4.80 	 6.73 	1
 1.45 	 4.81 	 6.99 	1
 1.45 	 4.82 	 7.30 	1
 1.45 	 4.82 	 7.01 	1
 1.45 	 4.83 	 6.66 	1
 1.45 	 4.84 	 6.71 	1
 1.45 	 4.84 	 7.29 	1
 1.45 	 4.86 	 7.09 	1
 1.45 	 4.86 	 7.04 	2
 1.45 	 4.89 	 6.73 	0
 1.45 	 4.92 	 6.68 	2
 1.45 	 4.94 	 7.00 	1
 1.45 	 4.94  	 6.51 	1
 1.45 	 4.95 	 6.83  	1
 1.45 	 4.95 	 6.52 	0
 1.45 	 4.96 	 6.52 	0
 1.45 	 4.97 	 6.72 	1
 1.45 	 4.99 	 6.76 	1
 1.45 	 5.00 	 6.35 	1
 1.45 	 5.04 	 6.77 	1
 1.45 	 5.08 	 6.55 	1
 1.45 	 5.13 	 6.48 	0
 1.45 	 5.18 	 6.40 	1
 1.45 	 5.22   	 6.31 	1
 1.45  	 4.32 	 7.57 	1
 1.45  	 4.79 	 7.01 	1
 1.45  	 4.79  	 7.00	1
 1.45  	 4.80  	 6.81  	2
 1.45  	 4.83 	 7.20  	1
 1.45  	 4.89  	 6.59  	1
 1.45  	 5.00  	 6.82  	0
 1.46 	 3.48 	 6.94 	0
 1.46 	 3.95 	 7.02 	1
 1.46 	 4.01 	 7.44 	2
 1.46 	 4.01 	 7.46 	0
 1.46 	 4.07 	 8.71 	1
 1.46 	 4.08 	 8.76 	1
 1.46 	 4.14 	 9.16 	0
 1.46 	 4.15 	 6.37 	1
 1.46 	 4.15 	 6.58 	0
 1.46 	 4.18 	 8.77 	0
 1.46 	 4.20 	 6.71 	1
 1.46 	 4.21 	 7.55 	1
 1.46 	 4.22 	 6.15 	1
 1.46 	 4.25 	 7.05 	1
 1.46 	 4.25 	 7.26 	1
 1.46 	 4.25 	 7.28 	1
 1.46 	 4.26 	 7.21 	1
 1.46 	 4.26 	 6.29 	1
 1.46 	 4.28 	 7.43 	1
 1.46 	 4.30 	 6.03 	1
 1.46 	 4.32 	 7.46 	1
 1.46 	 4.33 	 6.86   	1
 1.46 	 4.35 	 7.49 	1
 1.46 	 4.37 	 7.21 	1
 1.46 	 4.37 	 6.30 	1
 1.46 	 4.38 	 7.57  	1
 1.46 	 4.38 	 7.57 	1
 1.46 	 4.38 	 6.68 	1
 1.46 	 4.38 	 5.83 	0
 1.46 	 4.39 	 6.16  	1
 1.46 	 4.40 	 6.71 	0
 1.46 	 4.41 	 6.38 	0
 1.46 	 4.42 	 5.85 	0
 1.46 	 4.42 	 6.74 	1
 1.46 	 4.43 	 8.06 	1
 1.46 	 4.43 	 7.23 	1
 1.46 	 4.43 	 6.58 	1
 1.46 	 4.44 	 7.09 	1
 1.46 	 4.44 	 5.85 	0
 1.46 	 4.45 	 5.56 	2
 1.46 	 4.45 	 6.43 	1
 1.46 	 4.46 	 7.73 	2
 1.46 	 4.46 	 7.56 	1
 1.46 	 4.47 	 7.65 	1
 1.46 	 4.48 	 7.94 	2
 1.46 	 4.48 	 7.61 	1
 1.46 	 4.49 	 6.85 	1
 1.46 	 4.49 	 6.54 	1
 1.46 	 4.50 	 7.47 	1
 1.46 	 4.50 	 7.62 	0
 1.46 	 4.50 	 6.14 	1
 1.46 	 4.50 	 6.44 	1
 1.46 	 4.51 	 7.14 	1
 1.46 	 4.51 	 6.83 	1
 1.46 	 4.52 	 6.86 	1
 1.46 	 4.53 	 6.69 	2
 1.46 	 4.53 	 6.83 	1
 1.46 	 4.54 	 6.60 	1
 1.46 	 4.54 	 7.08 	1
 1.46 	 4.54 	 6.79 	1
 1.46 	 4.54 	 7.13 	1
 1.46 	 4.54 	 6.46 	0
 1.46 	 4.54 	 6.81 	1
 1.46 	 4.55 	 7.02	1
 1.46 	 4.56 	 6.98 	2
 1.46 	 4.56 	 6.74 	1
 1.46 	 4.57 	 7.14 	1
 1.46 	 4.58 	 7.27  	2
 1.46 	 4.58 	 7.37 	1
 1.46 	 4.59 	 7.72  	1
 1.46 	 4.59 	 6.11	1
 1.46 	 4.59 	 6.45 	1
 1.46 	 4.60 	 5.78 	1
 1.46 	 4.62  	 6.95 	1
 1.46 	 4.63 	 7.50 	1
 1.46 	 4.65 	 7.07 	1
 1.46 	 4.66 	 6.91 	1
 1.46 	 4.67 	 6.92 	1
 1.46 	 4.68 	 6.92 	0
 1.46 	 4.68 	 6.57  	1
 1.46 	 4.70 	 6.54 	0
 1.46 	 4.70 	 7.14 	1
 1.46 	 4.71 	 7.06 	1
 1.46 	 4.71 	 6.56 	1
 1.46 	 4.72 	 7.27 	0
 1.46 	 4.72 	 7.19 	1
 1.46 	 4.73 	 6.17 	0
 1.46 	 4.77 	 7.10	1
 1.46 	 4.77 	 6.52 	1
 1.46 	 4.78 	 6.47 	1
 1.46 	 4.78 	 6.86 	1
 1.46 	 4.84 	 6.80 	2
 1.46 	 4.86 	 6.08 	0
 1.46 	 4.91 	 6.24 	1
 1.46 	 4.94 	 6.72  	2
 1.46 	 4.98 	 6.08 	1
 1.46 	 5.04 	 6.41 	1
 1.46 	 5.11 	 6.34 	0
 1.46 	 5.11 	 6.09 	1
 1.46 	 5.42 	 5.96 	2
 1.46  	  4.60  	 6.84  	1
 1.46  	 4.26 	 8.01 	0
 1.46  	 4.45 	 7.94 	1
 1.46  	 4.45 	 5.96 	1
 1.46  	 4.49  	 6.69  	1
 1.46  	 4.52 	 7.08 	2
 1.46  	 4.53 	 7.33 	0
 1.46  	 4.57 	 6.33 	0
 1.46  	 4.57  	 7.78 	0
 1.46  	 4.60  	 7.60  	1
 1.46  	 4.63 	 6.33 	0
 1.46  	 4.65  	 6.96  	0
 1.46  	 4.69 	 6.85 	1
 1.46  	 4.78  	 6.49  	1
 1.46  	 4.79  	 6.39  	0
 1.46  	 4.80  	 6.80  	1
 1.46  	 4.87  	 6.49  	1
 1.46  	 4.87  	 6.66 	1
 1.46  	 4.88 	 6.79  	0
 1.46  	 5.07 	 6.23  	1
 1.46   	 4.55  	 7.12  	0
 1.47 	  4.50 	 7.12 	1
 1.47 	 3.78 	 8.05 	1
 1.47 	 3.90 	 7.72 	1
 1.47 	 4.02 	 7.82 	1
 1.47 	 4.12 	 7.29 	1
 1.47 	 4.14 	 7.24 	1
 1.47 	 4.16 	 7.36 	1
 1.47 	 4.16 	 7.44 	1
 1.47 	 4.17 	 8.03 	2
 1.47 	 4.20 	 6.80 	1
 1.47 	 4.21 	 8.45 	1
 1.47 	 4.24 	 6.23 	1
 1.47 	 4.24 	 6.00 	1
 1.47 	 4.25 	 8.36  	1
 1.47 	 4.25 	 7.58 	0
 1.47 	 4.26 	 1.47 	1
 1.47 	 4.26 	 6.00 	2
 1.47 	 4.27 	 7.13 	2
 1.47 	 4.29 	 7.66 	1
 1.47 	 4.30 	 7.95 	1
 1.47 	 4.31 	 6.79 	1
 1.47 	 4.32 	 7.93 	1
 1.47 	 4.32 	 5.44 	1
 1.47 	 4.34 	 6.16 	0
 1.47 	 4.34 	 7.17 	1
 1.47 	 4.37 	 5.88 	1
 1.47 	 4.37 	 7.73 	1
 1.47 	 4.37 	 6.26 	1
 1.47 	 4.38 	 7.07 	1
 1.47 	 4.38 	 6.95 	1
 1.47 	 4.38 	 6.31 	1
 1.47 	 4.38 	 5.61 	0
 1.47 	 4.41 	 5.78 	1
 1.47 	 4.41 	 6.72 	1
 1.47 	 4.42 	 7.38 	1
 1.47 	 4.42 	 7.22 	0
 1.47 	 4.43 	 7.33  	2
 1.47 	 4.43 	 6.11 	2
 1.47 	 4.44 	 6.83 	1
 1.47 	 4.46 	 7.39 	1
 1.47 	 4.46 	 7.03 	1
 1.47 	 4.46 	 5.78 	2
 1.47 	 4.46 	 6.57 	1
 1.47 	 4.47 	 6.94 	1
 1.47 	 4.48 	 6.95 	1
 1.47 	 4.49 	 6.81 	1
 1.47 	 4.49 	 6.52 	0
 1.47 	 4.49  	 6.76  	1
 1.47 	 4.50 	 6.94 	0
 1.47 	 4.50 	 6.88 	2
 1.47 	 4.50 	 7.64  	2
 1.47 	 4.50 	 6.91 	1
 1.47 	 4.50  	 6.94 	0
 1.47 	 4.51 	 7.11 	2
 1.47 	 4.51 	 6.79 	1
 1.47 	 4.52 	 7.32 	1
 1.47 	 4.52 	 6.41 	2
 1.47 	 4.53 	 7.08 	1
 1.47 	 4.54 	 7.11 	1
 1.47 	 4.55 	 6.69 	2
 1.47 	 4.55 	 6.74 	1
 1.47 	 4.57 	 7.26  	1
 1.47 	 4.57 	 5.75 	0
 1.47 	 4.57  	 6.92 	2
 1.47 	 4.58 	 6.82 	1
 1.47 	 4.58 	 6.21 	0
 1.47 	 4.60 	 6.78 	2
 1.47 	 4.60 	 5.75 	0
 1.47 	 4.62 	 6.57 	2
 1.47 	 4.63 	 6.36 	0
 1.47 	 4.66 	 6.96 	1
 1.47 	 4.67  	 6.99  	1
 1.47 	 4.68 	 5.95 	1
 1.47 	 4.69 	 7.11 	1
 1.47 	 4.70 	 6.75 	1
 1.47 	 4.70 	 6.45 	0
 1.47 	 4.73 	 6.40 	1
 1.47 	 4.73 	 6.41 	1
 1.47 	 4.74 	 6.21 	1
 1.47 	 4.75 	 6.46 	0
 1.47 	 4.75  	 6.94 	1
 1.47 	 4.76 	 6.77 	1
 1.47 	 4.76 	 6.50 	1
 1.47 	 4.76 	 6.33 	1
 1.47 	 4.76 	 6.52 	1
 1.47 	 4.76 	 6.58 	2
 1.47 	 4.78 	 5.90 	1
 1.47 	 4.78 	 6.46 	0
 1.47 	 4.79 	 6.88 	1
 1.47 	 4.80 	 6.73 	1
 1.47 	 4.81 	 6.54 	1
 1.47 	 4.81 	 6.19 	0
 1.47 	 4.82 	 6.75 	0
 1.47 	 4.82  	 6.44 	1
 1.47 	 4.84 	 6.68 	1
 1.47 	 4.85 	 6.78 	1
 1.47 	 4.90 	 6.60 	1
 1.47 	 4.95 	 5.81 	1
 1.47 	 4.96 	 5.92 	1
 1.47 	 4.98 	 6.47 	1
 1.47 	 5.04 	 5.99 	2
 1.47 	 5.05 	 6.06 	1
 1.47 	 5.06 	 6.08 	1
 1.47 	 5.12 	 6.24 	1
 1.47 	 5.20 	 5.99 	1
 1.47  	 4.18 	 7.18 	1
 1.47  	 4.78  	 6.20  	1
 1.47  	 4.78  	 6.35  	1
 1.47  	 5.01  	 6.32  	1
 1.47   	 4.49   	 6.79  	1
 1.48 	 3.94 	 7.91 	1
 1.48 	 4.06 	 6.86 	0
 1.48 	 4.11 	 6.81 	1
 1.48 	 4.18 	 7.49 	0
 1.48 	 4.19 	 6.81 	0
 1.48 	 4.20 	 8.10 	1
 1.48 	 4.21 	 7.07 	0
 1.48 	 4.21 	 6.35 	1
 1.48 	 4.23 	 7.66  	1
 1.48 	 4.23 	 6.85 	1
 1.48 	 4.23  	 6.87 	1
 1.48 	 4.26 	 7.32 	2
 1.48 	 4.26 	 7.02 	1
 1.48 	 4.26 	 7.09 	1
 1.48 	 4.26 	 7.51 	0
 1.48 	 4.27 	 7.75  	1
 1.48 	 4.27 	 7.21 	2
 1.48 	 4.28 	 6.74 	1
 1.48 	 4.29 	 7.01  	1
 1.48 	 4.29 	 6.48 	1
 1.48 	 4.30 	 7.75 	1
 1.48 	 4.30 	 6.97 	1
 1.48 	 4.31 	 6.84 	1
 1.48 	 4.32 	 6.50 	1
 1.48 	 4.32  	 6.50 	1
 1.48 	 4.34 	 6.89 	1
 1.48 	 4.34 	 6.83 	1
 1.48 	 4.35 	 6.12	0
 1.48 	 4.36 	 7.01 	2
 1.48 	 4.36 	 6.82 	1
 1.48 	 4.37 	 6.19 	2
 1.48 	 4.38 	 4.06 	0
 1.48 	 4.38 	 4.36 	1
 1.48 	 4.39 	 7.52 	1
 1.48 	 4.39 	 7.15 	1
 1.48 	 4.39 	 6.49 	1
 1.48 	 4.41 	 6.95 	1
 1.48 	 4.42 	 6.44 	1
 1.48 	 4.42 	 6.09 	1
 1.48 	 4.43 	 5.95 	1
 1.48 	 4.43 	 6.46 	1
 1.48 	 4.43 	 6.51 	2
 1.48 	 4.44 	 6.36  	1
 1.48 	 4.45 	 6.87 	0
 1.48 	 4.45 	 6.78 	0
 1.48 	 4.46 	 7.46 	1
 1.48 	 4.47 	 6.96 	0
 1.48 	 4.47 	 6.96 	0
 1.48 	 4.47 	 6.91 	1
 1.48 	 4.47 	 6.50 	1
 1.48 	 4.49 	 7.03 	0
 1.48 	 4.49 	 6.87 	2
 1.48 	 4.49 	 7.00 	1
 1.48 	 4.51 	 7.15 	1
 1.48 	 4.51 	 6.42 	1
 1.48 	 4.51 	 7.01 	1
 1.48 	 4.51 	 6.71 	1
 1.48 	 4.51  	 7.16 	1
 1.48 	 4.53 	 6.98 	1
 1.48 	 4.53 	 6.97 	1
 1.48 	 4.53 	 6.58 	0
 1.48 	 4.53 	 6.23 	1
 1.48 	 4.53  	 7.25  	1
 1.48 	 4.54 	 6.98 	1
 1.48 	 4.56 	 6.90 	1
 1.48 	 4.58 	 7.22 	2
 1.48 	 4.59 	 6.50 	1
 1.48 	 4.59 	 6.37 	2
 1.48 	 4.60 	 6.95 	1
 1.48 	 4.62 	 6.92 	1
 1.48 	 4.64 	 6.3 	1
 1.48 	 4.64 	 6.26 	2
 1.48 	 4.65 	 6.82 	1
 1.48 	 4.65 	 6.23 	1
 1.48 	 4.66 	 6.35 	1
 1.48 	 4.66 	 6.10 	1
 1.48 	 4.68 	 6.34 	1
 1.48 	 4.69 	 6.53 	1
 1.48 	 4.71 	 6.69 	1
 1.48 	 4.72 	 6.72 	1
 1.48 	 4.72 	 6.80 	2
 1.48 	 4.72 	 6.81 	0
 1.48 	 4.73 	 6.80 	2
 1.48 	 4.73 	 6.23  	1
 1.48 	 4.74 	 6.29 	1
 1.48 	 4.76 	 6.59 	1
 1.48 	 4.77  	 6.74 	1
 1.48 	 4.79 	 6.48  	0
 1.48 	 4.79 	 6.66 	1
 1.48 	 4.82 	 6.46 	1
 1.48 	 4.94  	 6.21 	1
 1.48 	 5.15 	 5.57 	0
 1.48  	 4.27 	 6.94 	2
 1.48  	 4.46   	 6.98  	2
 1.48  	 4.49  	 6.75  	1
 1.48  	 4.51 	 6.00 	1
 1.48  	 4.51  	  6.54  	1
 1.48  	 4.52  	 6.64  	0
 1.48  	 4.60 	 6.89 	0
 1.48  	 4.69 	 6.57 	2
 1.48  	 4.85  	 6.34 	1
 1.49 	 3.93 	 7.31 	1
 1.49 	 3.95 	 6.95 	1
 1.49 	 3.96 	 7.28 	1
 1.49 	 3.97 	 7.18 	1
 1.49 	 3.99 	 5.43 	0
 1.49 	 4.08 	 6.31 	1
 1.49 	 4.09 	 7.33 	1
 1.49 	 4.09 	 7.12 	1
 1.49 	 4.10 	 8.15 	1
 1.49 	 4.11 	 6.24 	1
 1.49 	 4.13 	 6.66 	0
 1.49 	 4.14 	 6.20 	1
 1.49 	 4.19 	 7.77 	1
 1.49 	 4.20 	 6.56 	1
 1.49 	 4.20 	 7.10 	1
 1.49 	 4.23 	 5.94 	1
 1.49 	 4.23 	 6.31 	1
 1.49 	 4.24 	 7.48 	0
 1.49 	 4.25 	 6.76 	2
 1.49 	 4.28 	 7.66 	0
 1.49 	 4.28 	 7.44 	1
 1.49 	 4.28 	 6.12 	1
 1.49 	 4.29 	 7.70 	2
 1.49 	 4.30 	 7.42 	1
 1.49 	 4.30 	 5.58 	2
 1.49 	 4.30 	 6.50 	1
 1.49 	 4.30 	 7.07 	1
 1.49 	 4.31 	 6.17 	1
 1.49 	 4.32 	 7.47 	0
 1.49 	 4.32 	 7.44 	1
 1.49 	 4.32 	 6.97 	1
 1.49 	 4.34 	 7.14 	0
 1.49 	 4.34 	 6.88 	1
 1.49 	 4.35 	 6.67 	1
 1.49 	 4.36 	 7.19 	0
 1.49 	 4.36 	 6.76 	1
 1.49 	 4.37 	 7.43 	1
 1.49 	 4.37 	 6.21 	0
 1.49 	 4.37  	 6.71 	1
 1.49 	 4.38 	 6.76 	1
 1.49 	 4.38 	 6.31 	1
 1.49 	 4.39 	 7.19 	1
 1.49 	 4.39 	 5.88 	1
 1.49 	 4.40 	 6.89 	2
 1.49 	 4.40 	 6.46 	2
 1.49 	 4.40 	 6.44 	2
 1.49 	 4.41 	 6.39  	0
 1.49 	 4.42 	 6.96 	1
 1.49 	 4.42 	 5.84 	0
 1.49 	 4.43 	 5.54 	1
 1.49 	 4.44 	 6.22  	1
 1.49 	 4.45 	 5.16 	0
 1.49 	 4.45 	 5.31 	2
 1.49 	 4.45 	 6.06 	1
 1.49 	 4.46 	 6.78 	1
 1.49 	 4.46 	 6.40 	1
 1.49 	 4.47 	 6.86 	0
 1.49 	 4.47 	 6.59 	1
 1.49 	 4.47 	 6.15 	2
 1.49 	 4.48 	 6.93 	1
 1.49 	 4.49 	 6.91 	1
 1.49 	 4.49 	 6.47 	1
 1.49 	 4.50 	 6.37  	1
 1.49 	 4.50 	 6.44 	0
 1.49 	 4.51 	 6.88 	1
 1.49 	 4.51 	 6.58 	1
 1.49 	 4.51 	 6.00 	1
 1.49 	 4.51 	 5.55 	1
 1.49 	 4.51  	 6.36 	1
 1.49 	 4.53 	 6.77 	1
 1.49 	 4.54 	 6.35 	1
 1.49 	 4.55 	 5.86  	2
 1.49 	 4.56 	 6.41 	1
 1.49 	 4.56 	 6.29 	1
 1.49 	 4.57 	 6.25 	1
 1.49 	 4.58 	 6.31 	0
 1.49 	 4.59 	 5.42 	0
 1.49 	 4.59 	 6.81 	1
 1.49 	 4.60 	 6.32 	1
 1.49 	 4.62 	 6.59 	0
 1.49 	 4.62 	 5.46 	2
 1.49 	 4.64 	 6.35 	0
 1.49 	 4.64 	 5.10 	1
 1.49 	 4.66 	 5.54 	1
 1.49 	 4.67 	 6.22 	1
 1.49 	 4.69 	 6.55   	2
 1.49 	 4.69  	 6.78 	1
 1.49 	 4.71 	 6.28 	1
 1.49 	 4.71 	 6.32 	1
 1.49 	 4.71 	 6.43 	0
 1.49 	 4.73 	 6.48 	0
 1.49 	 4.75 	 5.81 	0
 1.49 	 4.75 	 5.74 	1
 1.49 	 4.80 	 6.63 	2
 1.49 	 4.81 	 6.34 	1
 1.49 	 4.83  	 6.34 	1
 1.49 	 4.90 	 5.62 	1
 1.49 	 5.04 	 5.89 	1
 1.49 	 5.14 	 5.78  	2
 1.49 	 5.26 	 5.92 	1
 1.49  	 3.99 	 7.92 	1
 1.49  	 4.24  	 7.71 	1
 1.49  	 4.32 	 7.28  	1
 1.49  	 4.38 	 7.19 	1
 1.49  	 4.40 	 7.23 	0
 1.49  	 4.43 	 6.24 	1
 1.49  	 4.53  	 6.77 	0
 1.49  	 4.73  	 6.52  	1
 1.49  	 4.74  	 6.49  	1
 1.49  	 5.35 	 5.75 	1
 1.50 	 3.43 	 6.76 	1
 1.50 	 3.87 	 7.17 	1
 1.50 	 4.00 	 7.09 	1
 1.50 	 4.01 	 8.41  	1
 1.50 	 4.03 	 7.58 	1
 1.50 	 4.03 	 7.31 	1
 1.50 	 4.05 	 7.16 	0
 1.50 	 4.08 	 6.97 	1
 1.50 	 4.10	 7.56 	1
 1.50 	 4.13 	 6.59 	1
 1.50 	 4.13 	 6.95 	1
 1.50 	 4.14 	 7.64 	0
 1.50 	 4.14 	 6.89 	0
 1.50 	 4.15 	 7.32 	1
 1.50 	 4.16 	 6.68 	0
 1.50 	 4.16 	 5.79 	1
 1.50 	 4.16 	 5.82 	1
 1.50 	 4.17 	 5.88 	2
 1.50 	 4.17 	 7.63 	1
 1.50 	 4.18 	 7.26 	0
 1.50 	 4.18 	 6.37 	1
 1.50 	 4.19 	 6.76 	2
 1.50 	 4.19 	 6.95 	2
 1.50 	 4.19  	 7.50 	1
 1.50 	 4.21 	 6.65 	1
 1.50 	 4.22 	 7.32 	1
 1.50 	 4.22 	 6.47 	0
 1.50 	 4.22 	 5.70 	1
 1.50 	 4.23 	 7.46 	1
 1.50 	 4.24 	 5.65 	1
 1.50 	 4.25 	 7.58 	1
 1.50 	 4.26 	 7.12 	1
 1.50 	 4.26 	 7.06 	0
 1.50 	 4.27 	 7.36 	1
 1.50 	 4.27 	 6.84 	2
 1.50 	 4.27 	 5.45 	0
 1.50 	 4.27 	 5.63 	1
 1.50 	 4.27 	 6.24 	1
 1.50 	 4.29 	 7.35 	0
 1.50 	 4.29 	 6.11 	1
 1.50 	 4.32 	 6.13 	1
 1.50 	 4.33 	 6.46 	1
 1.50 	 4.33 	 6.65 	2
 1.50 	 4.33 	 5.77 	0
 1.50 	 4.35 	 7.23 	1
 1.50 	 4.35 	 7.14 	1
 1.50 	 4.35 	 5.39 	1
 1.50 	 4.36 	 6.44 	1
 1.50 	 4.36 	 5.98 	1
 1.50 	 4.37 	 7.19 	1
 1.50 	 4.37 	 7.22 	0
 1.50 	 4.38 	 6.44 	1
 1.50 	 4.38 	 5.31 	1
 1.50 	 4.39 	 6.13 	2
 1.50 	 4.40 	 5.81 	0
 1.50 	 4.41 	 6.89 	0
 1.50 	 4.41 	 6.51 	1
 1.50 	 4.42 	 6.07 	1
 1.50 	 4.43 	 6.25 	1
 1.50 	 4.44 	 6.77 	0
 1.50 	 4.44 	 6.02 	2
 1.50 	 4.46 	 6.41 	1
 1.50 	 4.46 	 6.29 	0
 1.50 	 4.46 	 5.69 	0
 1.50 	 4.48 	 5.97 	0
 1.50 	 4.48 	 6.27 	2
 1.50 	 4.48 	 6.03 	0
 1.50 	 4.48 	 5.89 	0
 1.50 	 4.49 	 6.82 	1
 1.50 	 4.49 	 6.54 	0
 1.50 	 4.51 	 6.06 	1
 1.50 	 4.52 	 6.44 	0
 1.50 	 4.53 	 6.23 	1
 1.50 	 4.55 	 6.67 	1
 1.50 	 4.56 	 5.83 	1
 1.50 	 4.57 	 6.72 	1
 1.50 	 4.57 	 6.18 	1
 1.50 	 4.57 	 6.15 	1
 1.50 	 4.59 	 6.09 	2
 1.50 	 4.60 	 6.01 	2
 1.50 	 4.61 	 6.09  	1
 1.50 	 4.61 	 6.29 	1
 1.50 	 4.63 	 5.93 	0
 1.50 	 4.63 	 5.85 	2
 1.50 	 4.65 	 6.36 	2
 1.50 	 4.67 	 5.80 	1
 1.50 	 4.67  	 6.41 	1
 1.50 	 4.71  	 6.15 	1
 1.50 	 4.72 	 6.18 	1
 1.50 	 4.72 	 6.25 	1
 1.50 	 4.72 	 5.36 	1
 1.50 	 4.75 	 6.11	0
 1.50 	 4.77 	 5.83 	1
 1.50 	 4.78 	 6.33 	2
 1.50 	 4.81  	 6.28  	2
 1.50 	 4.85 	 6.10 	1
 1.50 	 4.88   	 6.05 	2
 1.50  	 4.04  	 7.36  	1
 1.50  	 4.19 	 6.65 	1
 1.50  	 4.37 	 6.32 	1
 1.50  	 4.50 	 5.78 	1
 1.50  	 4.65  	 6.36  	1
 1.50  	 4.71  	 6.00 	0
 1.50  	 4.88  	 5.90  	1
 1.50  	 4.89  	 5.67  	2
 1.50  	 4.91 	 5.82  	0
 1.50  	 5.29 	 5.71 	1
 1.51	 4.42	 6.25	1
 1.51 	 3.74 	 6.42 	0
 1.51 	 3.87 	 6.79 	1
 1.51 	 3.90 	 6.77 	1
 1.51 	 3.94 	 6.16 	1
 1.51 	 3.95 	 6.43 	1
 1.51 	 3.96 	 7.86 	1
 1.51 	 3.96 	 6.67 	2
 1.51 	 4.05 	 6.69  	1
 1.51 	 4.06 	 6.95 	0
 1.51 	 4.07	 7.40 	1
 1.51 	 4.07 	 7.03 	1
 1.51 	 4.07 	 5.70 	1
 1.51 	 4.07 	 7.14 	1
 1.51 	 4.07 	 6.85 	2
 1.51 	 4.07  	 7.40 	1
 1.51 	 4.08 	 6.31 	1
 1.51 	 4.09 	 6.32 	2
 1.51 	 4.10 	 6.64 	1
 1.51 	 4.13 	 6.58 	1
 1.51 	 4.17 	 6.70 	1
 1.51 	 4.17  	  7.54 	1
 1.51 	 4.18 	 6.59 	1
 1.51 	 4.19 	 6.80 	1
 1.51 	 4.20 	 6.82 	1
 1.51 	 4.21 	 7.30 	1
 1.51 	 4.21 	 6.34 	0
 1.51 	 4.21 	 5.94 	0
 1.51 	 4.22 	 7.10	1
 1.51 	 4.25 	 6.47 	1
 1.51 	 4.26 	 7.29 	1
 1.51 	 4.27 	 6.28 	1
 1.51 	 4.27  	 6.26 	1
 1.51 	 4.29 	 7.14 	1
 1.51 	 4.29 	 6.75 	1
 1.51 	 4.29 	 6.56 	0
 1.51 	 4.29 	 6.79 	1
 1.51 	 4.29  	 6.46 	1
 1.51 	 4.30 	 6.49 	1
 1.51 	 4.30 	 5.57 	0
 1.51 	 4.30 	 6.31 	0
 1.51 	 4.31 	 6.40   	2
 1.51 	 4.32 	 6.67 	1
 1.51 	 4.33 	 6.52 	2
 1.51 	 4.34 	 6.73 	1
 1.51 	 4.34 	 6.51 	1
 1.51 	 4.34 	 5.45 	0
 1.51 	 4.35 	 6.08 	1
 1.51 	 4.35  	 6.44 	1
 1.51 	 4.36 	 6.04 	1
 1.51 	 4.36 	 6.00 	1
 1.51 	 4.37 	 5.93 	1
 1.51 	 4.38 	 6.82 	1
 1.51 	 4.39 	 6.80 	0
 1.51 	 4.39 	 6.00 	1
 1.51 	 4.40 	 6.58 	0
 1.51 	 4.40 	 6.16 	1
 1.51 	 4.40 	 6.39 	0
 1.51 	 4.40  	 6.56  	2
 1.51 	 4.42 	 6.73 	1
 1.51 	 4.42  	 6.67 	2
 1.51 	 4.44 	 6.72 	0
 1.51 	 4.44 	 6.64 	1
 1.51 	 4.45 	 5.37 	1
 1.51 	 4.48 	 6.72 	1
 1.51 	 4.48  	 6.09	1
 1.51 	 4.49 	 6.39 	2
 1.51 	 4.49 	 5.75 	1
 1.51 	 4.49 	 6.22 	1
 1.51 	 4.50 	 5.28 	2
 1.51 	 4.52 	 5.10 	1
 1.51 	 4.54 	 6.51 	1
 1.51 	 4.54 	 5.93 	2
 1.51 	 4.57 	 5.95 	1
 1.51 	 4.57 	 5.68 	1
 1.51 	 4.58 	 5.81 	1
 1.51 	 4.58 	 5.70 	1
 1.51 	 4.61 	 5.97 	1
 1.51 	 4.61 	 5.75 	1
 1.51 	 4.62 	 5.68 	1
 1.51 	 4.62 	 6.14 	1
 1.51 	 4.63 	 6.23 	1
 1.51 	 4.63 	 5.68 	0
 1.51 	 4.64  	 6.19  	1
 1.51 	 4.66 	 6.21 	1
 1.51 	 4.75 	 5.87 	1
 1.51 	 4.80 	 5.71 	1
 1.51 	 4.83 	 6.08 	1
 1.51 	 5.00 	 5.30 	1
 1.51 	 5.03 	 5.60 	2
 1.51 	 5.25 	 5.56 	1
 1.51  	  4.67  	 5.87  	1
 1.51  	 4.09 	 6.43 	2
 1.51  	 4.11 	 6.25 	0
 1.51  	 4.13 	 5.67 	1
 1.51  	 4.30 	 6.05 	1
 1.51  	 4.32 	 6.50 	2
 1.51  	 4.33 	 6.22 	1
 1.51  	 4.36  	 6.69  	1
 1.51  	 4.39  	 6.64  	0
 1.51  	 4.41  	 6.59  	1
 1.51  	 4.43 	 6.61 	1
 1.51  	 4.49  	 6.17  	2
 1.51  	 4.49  	 6.17  	2
 1.51  	 4.54 	 6.45 	0
 1.51  	 4.58  	 6.28  	1
 1.51  	 4.62 	 6.32 	2
 1.51  	 4.68  	 5.86  	1
 1.51  	 4.71  	 6.20 	0
 1.51  	 5.01  	 5.71  	2
 1.51   	 4.64  	 5.84  	1
 1.52 	 3.77 	 8.36 	1
 1.52 	 3.85 	 6.95 	1
 1.52 	 3.90 	 7.95 	1
 1.52 	 3.90 	 7.75 	0
 1.52 	 3.92 	 5.95 	1
 1.52 	 3.94 	 7.52 	0
 1.52 	 3.97 	 7.80 	1
 1.52 	 4.00 	 6.46 	1
 1.52 	 4.01 	 6.96 	2
 1.52 	 4.03 	 6.29 	2
 1.52 	 4.04 	 7.20 	0
 1.52 	 4.04 	 7.20 	0
 1.52 	 4.04 	 7.42 	1
 1.52 	 4.06 	 6.76 	1
 1.52 	 4.10 	 6.88 	1
 1.52 	 4.11 	 7.25 	0
 1.52 	 4.11 	 6.64 	1
 1.52 	 4.11 	 6.84 	1
 1.52 	 4.11 	 5.54 	1
 1.52 	 4.11 	 6.61 	1
 1.52 	 4.12 	 7.27 	2
 1.52 	 4.13 	 6.81 	1
 1.52 	 4.15 	 7.21 	1
 1.52 	 4.15 	 5.89 	1
 1.52 	 4.17 	 6.03 	1
 1.52 	 4.19 	 5.45 	1
 1.52 	 4.20 	 6.28 	1
 1.52 	 4.21 	 6.61 	1
 1.52 	 4.22 	 6.11 	1
 1.52 	 4.23 	 7.15 	1
 1.52 	 4.23 	 5.96 	1
 1.52 	 4.26 	 6.54 	1
 1.52 	 4.26 	 6.03 	1
 1.52 	 4.26 	 6.62 	1
 1.52 	 4.29 	 6.67  	0
 1.52 	 4.29 	 6.90 	0
 1.52 	 4.29 	 6.81 	2
 1.52 	 4.29 	 6.52 	1
 1.52 	 4.29 	 5.78 	1
 1.52 	 4.30 	 5.35 	0
 1.52 	 4.30 	 6.14 	0
 1.52 	 4.32 	 6.92 	1
 1.52 	 4.33 	 6.22 	1
 1.52 	 4.33 	 5.75 	1
 1.52 	 4.33 	 5.64 	1
 1.52 	 4.34 	 6.52 	0
 1.52 	 4.35 	 5.49 	1
 1.52 	 4.36 	 6.66 	0
 1.52 	 4.37 	 5.45  	1
 1.52 	 4.38  	 5.36 	2
 1.52 	 4.40 	 6.13 	2
 1.52 	 4.40 	 6.12 	1
 1.52 	 4.41 	 6.39 	1
 1.52 	 4.41 	 6.32 	2
 1.52 	 4.42 	 6.61 	1
 1.52 	 4.43 	 6.24 	1
 1.52 	 4.43 	 5.87 	1
 1.52 	 4.44 	 6.53 	1
 1.52 	 4.44 	 5.93 	1
 1.52 	 4.44  	 6.28  	2
 1.52 	 4.45 	 6.43 	1
 1.52 	 4.45 	 4.94 	2
 1.52 	 4.46 	 6.39 	2
 1.52 	 4.46 	 6.06 	1
 1.52 	 4.47 	 6.60 	0
 1.52 	 4.48 	 6.60 	0
 1.52 	 4.48 	 6.00 	1
 1.52 	 4.48 	 5.61 	2
 1.52 	 4.49 	 6.26 	1
 1.52 	 4.51 	 5.43 	2
 1.52 	 4.52 	 6.34 	1
 1.52 	 4.53 	 5.75 	1
 1.52 	 4.54 	 5.95  	1
 1.52 	 4.54 	 6.27 	0
 1.52 	 4.54  	 5.87 	2
 1.52 	 4.55 	 6.36 	0
 1.52 	 4.55 	 5.70 	1
 1.52 	 4.55 	 6.09 	1
 1.52 	 4.56 	 5.50 	1
 1.52 	 4.56 	 5.96 	0
 1.52 	 4.56 	 5.71 	1
 1.52 	 4.66 	 5.72 	1
 1.52 	 4.66 	 5.66 	1
 1.52 	 4.67 	 6.08  	1
 1.52 	 4.68 	 5.77  	1
 1.52 	 4.78 	 5.36 	0
 1.52 	 4.82 	 5.79 	1
 1.52 	 4.98  	 5.66 	1
 1.52  	 4.28 	 5.97 	2
 1.52  	 4.29 	 6.20 	1
 1.52  	 4.29  	 5.76 	2
 1.52  	 4.31   	 6.25 	0
 1.52  	 4.34 	 5.94 	1
 1.52  	 4.37  	 6.24  	1
 1.52  	 4.39  	 6.08  	1
 1.52  	 4.58  	 6.01	0
 1.52  	 4.65 	 6.17 	1
 1.52  	 4.66 	 6.12  	2
 1.52  	 4.79  	 5.95 	1
 1.53 	 3.71 	 6.84 	1
 1.53 	 3.83 	 7.39 	0
 1.53 	 3.84 	 6.66 	1
 1.53 	 3.85 	 7.61 	1
 1.53 	 3.89 	 6.37 	0
 1.53 	 3.93 	 6.45 	1
 1.53 	 3.94 	 6.88 	1
 1.53 	 3.94 	 6.29  	0
 1.53 	 3.95 	 6.52 	2
 1.53 	 3.98 	 6.54 	1
 1.53 	 4.00 	 6.25 	1
 1.53 	 4.04 	 6.04 	1
 1.53 	 4.07 	 6.46 	0
 1.53 	 4.07 	 6.26 	0
 1.53 	 4.07 	 6.43 	1
 1.53 	 4.08 	 7.08 	1
 1.53 	 4.08  	 6.20 	1
 1.53 	 4.09 	 6.26 	1
 1.53 	 4.09 	 6.80 	1
 1.53 	 4.09 	 5.63 	2
 1.53 	 4.10 	 6.67 	1
 1.53 	 4.10 	 6.76 	0
 1.53 	 4.11 	 6.03 	1
 1.53 	 4.12 	 6.43 	1
 1.53 	 4.12  	 7.09 	1
 1.53 	 4.12  	 6.42 	1
 1.53 	 4.13 	 7.23 	1
 1.53 	 4.13 	 6.55 	1
 1.53 	 4.13 	 5.72 	1
 1.53 	 4.14 	 5.30 	1
 1.53 	 4.14 	 5.98 	1
 1.53 	 4.15 	 6.70 	0
 1.53 	 4.16 	 5.96 	1
 1.53 	 4.18 	 6.41 	2
 1.53 	 4.18 	 5.70 	0
 1.53 	 4.19 	 5.84 	1
 1.53 	 4.19 	 6.09 	1
 1.53 	 4.20 	 6.75 	0
 1.53 	 4.20 	 6.35 	1
 1.53 	 4.20 	 5.26 	1
 1.53 	 4.20 	 5.57 	1
 1.53 	 4.20 	 6.07 	1
 1.53 	 4.20  	 5.95 	1
 1.53 	 4.21 	 6.51 	0
 1.53 	 4.22 	 6.08 	1
 1.53 	 4.23 	 6.37  	1
 1.53 	 4.23 	 6.17 	0
 1.53 	 4.24 	 6.29 	1
 1.53 	 4.25 	 6.04 	2
 1.53 	 4.25  	 6.72 	1
 1.53 	 4.26 	 5.95 	0
 1.53 	 4.27 	 6.70 	0
 1.53 	 4.27 	 5.60 	1
 1.53 	 4.27 	 6.31 	2
 1.53 	 4.27 	 6.00 	1
 1.53 	 4.28 	 6.34  	0
 1.53 	 4.28 	 5.97 	1
 1.53 	 4.29 	 6.22 	0
 1.53 	 4.30 	 5.91 	1
 1.53 	 4.30 	 5.99 	1
 1.53 	 4.30 	 6.00 	0
 1.53 	 4.30 	 6.00 	0
 1.53 	 4.31 	 6.68 	1
 1.53 	 4.31 	 5.60 	0
 1.53 	 4.32 	 6.57 	1
 1.53 	 4.32 	 5.69 	2
 1.53 	 4.32 	 5.51 	1
 1.53 	 4.32 	 5.65 	1
 1.53 	 4.33 	 5.99 	2
 1.53 	 4.33 	 6.35 	1
 1.53 	 4.34 	 6.15 	0
 1.53 	 4.34 	 6.29 	1
 1.53 	 4.34 	 5.28 	1
 1.53 	 4.35 	 5.80 	1
 1.53 	 4.36 	 6.53 	1
 1.53 	 4.36 	 5.35 	1
 1.53 	 4.36 	 5.96 	1
 1.53 	 4.37 	 6.52 	0
 1.53 	 4.39 	 6.16 	2
 1.53 	 4.40 	 5.73 	1
 1.53 	 4.40 	 5.81 	0
 1.53 	 4.42 	 6.22 	1
 1.53 	 4.42 	 5.82 	2
 1.53 	 4.43  	 6.27 	0
 1.53 	 4.45 	 6.12 	1
 1.53 	 4.45 	 6.14 	0
 1.53 	 4.46  	 5.59 	0
 1.53 	 4.47 	 5.97 	2
 1.53 	 4.47 	 6.13 	1
 1.53 	 4.48 	 6.04 	0
 1.53 	 4.49 	 6.15 	1
 1.53 	 4.49 	 6.03 	0
 1.53 	 4.51 	 5.68 	2
 1.53 	 4.54 	 6.19 	1
 1.53 	 4.54 	 5.43 	1
 1.53 	 4.54  	 5.90 	1
 1.53 	 4.55 	 6.11 	1
 1.53 	 4.55 	 5.83 	2
 1.53 	 4.56 	 6.04  	1
 1.53 	 4.60 	 5.59 	0
 1.53 	 4.61 	 5.74 	0
 1.53 	 4.65 	 5.88 	1
 1.53 	 4.66 	 5.74 	1
 1.53 	 4.67 	 5.86 	1
 1.53 	 4.73 	 5.76  	2
 1.53 	 4.82 	 5.77 	0
 1.53 	 4.95 	 5.42 	0
 1.53 	 4.98 	 5.37 	1
 1.53 	 5.01 	 5.48 	1
 1.53 	 8.53 	 20.79 	1
 1.53  	 4.39  	 6.19  	1
 1.53  	 4.47  	 5.93  	1
 1.53  	 4.52  	 6.18  	1
 1.53  	 4.66   	 5.63  	2
 1.53  	 4.74  	 5.76  	1
 1.53  	 4.95 	 5.43 	1
 1.53   	 3.97 	 6.50 	1
 1.54 	 3.79 	 6.01 	1
 1.54 	 3.79 	 6.60 	1
 1.54 	 3.81 	 6.55 	0
 1.54 	 3.82 	 6.71 	1
 1.54 	 3.83 	 6.09 	2
 1.54 	 3.89 	 6.24 	2
 1.54 	 3.90 	 7.74 	0
 1.54 	 3.90 	 6.84 	1
 1.54 	 3.91 	 5.58 	1
 1.54 	 3.92 	 7.77 	0
 1.54 	 3.92 	 6.46 	1
 1.54 	 3.93 	 6.89 	1
 1.54 	 3.95 	 6.52 	1
 1.54 	 3.95 	 6.87 	1
 1.54 	 3.95 	 6.58 	0
 1.54 	 3.96 	 6.98 	1
 1.54 	 3.96 	 7.05 	2
 1.54 	 3.96 	 6.48 	1
 1.54 	 3.97 	 6.26 	1
 1.54 	 3.98 	 5.42 	1
 1.54 	 3.98 	 5.53 	1
 1.54 	 3.99 	 6.49 	1
 1.54 	 4.00 	 6.65 	2
 1.54 	 4.00 	 5.48 	1
 1.54 	 4.00 	 5.82 	1
 1.54 	 4.00 	 6.05 	0
 1.54 	 4.01 	 6.40 	1
 1.54 	 4.01 	 5.44 	1
 1.54 	 4.02 	 6.36 	1
 1.54 	 4.03 	 6.73 	1
 1.54 	 4.04 	 6.35 	1
 1.54 	 4.04  	 5.38 	1
 1.54 	 4.05 	 5.20 	1
 1.54 	 4.05 	 5.87 	0
 1.54 	 4.06 	 6.91 	1
 1.54 	 4.06 	 5.54 	2
 1.54 	 4.07 	 5.39 	1
 1.54 	 4.07  	 5.89 	2
 1.54 	 4.08 	 6.73 	0
 1.54 	 4.08 	 6.70 	1
 1.54 	 4.08 	 6.78 	1
 1.54 	 4.09 	 7.01 	0
 1.54 	 4.09 	 5.74 	1
 1.54 	 4.10	 6.13 	1
 1.54 	 4.10 	 6.81 	2
 1.54 	 4.10 	 6.59 	1
 1.54 	 4.10 	 6.13 	1
 1.54 	 4.11 	 6.50 	0
 1.54 	 4.13 	 6.73 	0
 1.54 	 4.13 	 6.07 	1
 1.54 	 4.13 	 6.00 	1
 1.54 	 4.16 	 6.18 	1
 1.54 	 4.16 	 6.41 	1
 1.54 	 4.18 	 6.73 	1
 1.54 	 4.18 	 5.84 	1
 1.54 	 4.18 	 5.19 	0
 1.54 	 4.19 	 5.12	1
 1.54 	 4.19 	 5.85 	0
 1.54 	 4.20 	 6.82 	1
 1.54 	 4.20 	 6.72 	1
 1.54 	 4.20 	 6.08 	1
 1.54 	 4.20 	 6.19 	1
 1.54 	 4.20 	 6.01 	1
 1.54 	 4.20 	 5.68 	2
 1.54 	 4.22 	 5.94 	1
 1.54 	 4.22 	 6.51 	1
 1.54 	 4.22 	 6.48 	0
 1.54 	 4.22 	 5.76 	0
 1.54 	 4.22  	 6.60 	1
 1.54 	 4.23  	 6.59 	1
 1.54 	 4.24 	 6.18 	1
 1.54 	 4.24 	 5.34 	1
 1.54 	 4.24 	 5.97 	1
 1.54 	 4.25 	 6.55 	0
 1.54 	 4.25 	 5.09 	1
 1.54 	 4.25 	 5.21 	1
 1.54 	 4.25 	 5.21 	1
 1.54 	 4.26 	 6.61 	1
 1.54 	 4.26 	 5.80 	1
 1.54 	 4.27 	 5.83 	1
 1.54 	 4.29 	 6.45 	1
 1.54 	 4.29  	 6.07 	0
 1.54 	 4.30 	 5.72 	1
 1.54 	 4.30 	 5.88 	0
 1.54 	 4.31 	 5.87 	2
 1.54 	 4.32 	 5.91 	1
 1.54 	 4.32 	 5.80 	1
 1.54 	 4.33 	 5.99 	0
 1.54 	 4.33 	 5.18 	2
 1.54 	 4.33 	 6.01 	2
 1.54 	 4.35 	 6.10 	1
 1.54 	 4.36 	 5.83 	1
 1.54 	 4.36 	 6.17 	2
 1.54 	 4.37 	 5.98 	1
 1.54 	 4.37 	 5.75 	1
 1.54 	 4.38 	 6.20 	0
 1.54 	 4.39 	 6.15 	1
 1.54 	 4.40 	 5.92 	1
 1.54 	 4.42 	 6.33 	0
 1.54 	 4.43 	 5.41 	1
 1.54 	 4.44 	 6.18 	1
 1.54 	 4.44 	 5.46 	1
 1.54 	 4.45  	 5.28 	1
 1.54 	 4.46 	 5.78 	2
 1.54 	 4.46   	 5.84 	1
 1.54 	 4.47 	 5.83 	2
 1.54 	 4.48 	 5.57 	1
 1.54 	 4.49 	 5.85 	1
 1.54 	 4.51 	 5.73 	1
 1.54 	 4.52 	 5.79 	1
 1.54 	 4.54 	 6.09 	1
 1.54 	 4.54 	 5.55 	1
 1.54 	 4.55  	 5.84 	1
 1.54 	 4.56 	 5.63 	0
 1.54 	 4.57 	 5.50 	1
 1.54 	 4.59 	 5.66 	2
 1.54 	 4.60 	 5.76 	1
 1.54 	 4.62 	 5.55  	1
 1.54 	 4.62 	 5.55 	1
 1.54 	 4.62 	 5.96 	2
 1.54 	 4.66 	 5.59 	1
 1.54  	 4.01 	 6.59  	1
 1.54  	 4.11 	 5.46 	0
 1.54  	 4.23 	 5.67 	2
 1.54  	 4.31  	 6.07  	1
 1.54  	 4.41  	 5.82 	0
 1.54  	 4.43  	 5.82  	1
 1.54  	 4.57  	 5.84  	1
 1.54  	 4.63  	 5.45  	1
 1.54  	 4.70  	 5.71  	1
 1.55 	 3.77 	 6.14 	1
 1.55 	 3.79 	 6.74 	0
 1.55 	 3.86 	 5.70 	1
 1.55 	 3.86 	 6.53 	1
 1.55 	 3.87 	 6.41 	0
 1.55 	 3.89 	 7.50 	1
 1.55 	 3.89 	 6.55 	1
 1.55 	 3.92 	 6.66 	1
 1.55 	 3.92 	 7.05 	0
 1.55 	 3.92 	 6.69 	0
 1.55 	 3.93 	 6.47 	0
 1.55 	 3.94 	 6.91 	0
 1.55 	 3.94 	 6.10 	1
 1.55 	 3.95 	 7.17 	1
 1.55 	 3.97 	 6.55 	1
 1.55 	 3.97 	 6.92  	0
 1.55 	 3.97 	 5.64 	1
 1.55 	 3.97 	 6.44 	1
 1.55 	 3.98 	 7.29  	0
 1.55 	 3.98 	 6.19 	2
 1.55 	 4.00 	 6.54 	1
 1.55 	 4.01 	 6.63 	1
 1.55 	 4.02 	 7.28 	0
 1.55 	 4.03 	 5.63 	1
 1.55 	 4.05 	 6.82 	1
 1.55 	 4.05 	 6.02 	1
 1.55 	 4.10 	 5.26  	1
 1.55 	 4.11	 6.43 	2
 1.55 	 4.11 	 6.59 	1
 1.55 	 4.11 	 6.32 	0
 1.55 	 4.11 	 5.16 	1
 1.55 	 4.11 	 5.74 	1
 1.55 	 4.13 	 6.33 	0
 1.55 	 4.13 	 6.90 	0
 1.55 	 4.14 	 5.74 	1
 1.55 	 4.14 	 5.81 	1
 1.55 	 4.15 	 5.96 	2
 1.55 	 4.16 	 6.10 	2
 1.55 	 4.16 	 5.88 	1
 1.55 	 4.17 	 5.82 	1
 1.55 	 4.17 	 5.86 	1
 1.55 	 4.18 	 5.48 	2
 1.55 	 4.19 	 6.46 	1
 1.55 	 4.19 	 6.59 	0
 1.55 	 4.19 	 6.65 	1
 1.55 	 4.20  	 6.48  	1
 1.55 	 4.21 	 6.56 	1
 1.55 	 4.21 	 5.93 	1
 1.55 	 4.22 	 6.44 	1
 1.55 	 4.22 	 5.69 	1
 1.55 	 4.22 	 5.68 	0
 1.55 	 4.24 	 6.32 	1
 1.55 	 4.24 	 4.80 	1
 1.55 	 4.24 	 5.48 	1
 1.55 	 4.25 	 5.73 	1
 1.55 	 4.25 	 5.45 	1
 1.55 	 4.27  	 5.86  	1
 1.55 	 4.28 	 5.38 	1
 1.55 	 4.28 	 5.51 	1
 1.55 	 4.29 	 5.93 	1
 1.55 	 4.29 	 5.36 	0
 1.55 	 4.29 	 5.63 	2
 1.55 	 4.29 	 5.73 	1
 1.55 	 4.30 	 5.92 	1
 1.55 	 4.30  	 6.11 	1
 1.55 	 4.30  	 6.46 	1
 1.55 	 4.31 	 5.87 	1
 1.55 	 4.31 	 5.86 	1
 1.55 	 4.33 	 5.61 	1
 1.55 	 4.37 	 5.52 	0
 1.55 	 4.37 	 5.86 	2
 1.55 	 4.38  	 5.94 	0
 1.55 	 4.39 	 5.62 	1
 1.55 	 4.40 	 5.73 	1
 1.55 	 4.42 	 5.58  	1
 1.55 	 4.43 	 5.94 	1
 1.55 	 4.43 	 6.16 	1
 1.55 	 4.44 	 5.70 	0
 1.55 	 4.44  	 5.94 	1
 1.55 	 4.45 	 6.04 	0
 1.55 	 4.45 	 5.87 	0
 1.55 	 4.47 	 5.70 	2
 1.55 	 4.47 	 5.38 	0
 1.55 	 4.48 	 5.09 	1
 1.55 	 4.51 	 5.41 	0
 1.55 	 4.52 	 5.94 	1
 1.55 	 4.53 	 5.85 	1
 1.55 	 4.53 	 5.82 	1
 1.55 	 4.53 	 5.72  	0
 1.55 	 4.56 	 5.35 	1
 1.55 	 4.57  	 5.75  	1
 1.55 	 4.59  	 5.55 	1
 1.55 	 4.62 	 5.30 	1
 1.55 	 4.66 	 5.45 	2
 1.55 	 4.66 	 5.45 	1
 1.55 	 4.69 	 5.29 	1
 1.55 	 4.74 	 5.41 	0
 1.55 	 4.74  	 5.28  	1
 1.55 	 4.83 	 5.11 	2
 1.55 	 4.83  	 5.36  	1
 1.55 	 4.85  	 5.48 	2
 1.55 	 4.92 	 5.22  	1
 1.55  	 4.19  	 6.17  	0
 1.55  	 4.29  	 5.99  	1
 1.55  	 4.30 	 6.18 	1
 1.55  	 4.55 	 5.89 	1
 1.55  	 4.60 	 5.86 	1
 1.55  	 4.61  	 5.42  	0
 1.55  	 4.77 	 5.42  	0
 1.56 	 3.57 	 6.74 	2
 1.56 	 3.65 	 7.85  	1
 1.56 	 3.67 	 7.46 	1
 1.56 	 3.68 	 8.03 	1
 1.56 	 3.68 	 6.71 	2
 1.56 	 3.69 	 6.94  	1
 1.56 	 3.73  	 6.96  	0
 1.56 	 3.75 	 6.37  	1
 1.56 	 3.85 	 6.88 	0
 1.56 	 3.85 	 6.28  	0
 1.56 	 3.86 	 6.49 	1
 1.56 	 3.88 	 5.99 	1
 1.56 	 3.90 	 6.25 	0
 1.56 	 3.90 	 6.04 	2
 1.56 	 3.91 	 6.25 	0
 1.56 	 3.93 	 5.75 	1
 1.56 	 3.94 	 6.03 	1
 1.56 	 3.96 	 6.15 	1
 1.56 	 3.97 	 5.54 	2
 1.56 	 3.98 	 6.28  	0
 1.56 	 3.98 	 6.48 	1
 1.56 	 3.99 	 6.41 	1
 1.56 	 3.99 	 6.82 	0
 1.56 	 3.99 	 6.22 	0
 1.56 	 3.99  	 7.01 	1
 1.56 	 4.00 	 6.25 	0
 1.56 	 4.00 	 5.64 	1
 1.56 	 4.00 	 5.85 	0
 1.56 	 4.02 	 6.06 	1
 1.56 	 4.02 	 6.13  	0
 1.56 	 4.02 	 5.45 	1
 1.56 	 4.02  	 5.93 	0
 1.56 	 4.03 	 5.50 	1
 1.56 	 4.03 	 3.57 	1
 1.56 	 4.04 	 6.04 	1
 1.56 	 4.04 	 6.55 	1
 1.56 	 4.05 	 6.21 	2
 1.56 	 4.05 	 6.36 	2
 1.56 	 4.05 	 6.51 	2
 1.56 	 4.05 	 6.23 	2
 1.56 	 4.05 	 5.65 	1
 1.56 	 4.06 	 6.35 	2
 1.56 	 4.06 	 6.13 	0
 1.56 	 4.06 	 6.08 	2
 1.56 	 4.07 	 5.24 	0
 1.56 	 4.07 	 5.95 	1
 1.56 	 4.09 	 5.98 	0
 1.56 	 4.09 	 5.53 	2
 1.56 	 4.09 	 5.90 	1
 1.56 	 4.10 	 6.33 	1
 1.56 	 4.10 	 6.31 	1
 1.56 	 4.10 	 5.15 	0
 1.56 	 4.10 	 6.00 	1
 1.56 	 4.11 	 6.21 	1
 1.56 	 4.11 	 6.29 	1
 1.56 	 4.11 	 5.13 	1
 1.56 	 4.12 	 6.57 	1
 1.56 	 4.12 	 6.05 	1
 1.56 	 4.12 	 5.87 	1
 1.56 	 4.12  	 6.04 	1
 1.56 	 4.13 	 6.53 	1
 1.56 	 4.13 	 6.39 	1
 1.56 	 4.13 	 5.85 	2
 1.56 	 4.13 	 5.71 	1
 1.56 	 4.13  	 5.90 	0
 1.56 	 4.14 	 6.14 	1
 1.56 	 4.15 	 6.37  	1
 1.56 	 4.15 	 6.06 	2
 1.56 	 4.15 	 5.60 	2
 1.56 	 4.15 	 5.72 	0
 1.56 	 4.16 	 6.02 	1
 1.56 	 4.17 	 5.91 	1
 1.56 	 4.17 	 6.29 	0
 1.56 	 4.17 	 6.22 	1
 1.56 	 4.17 	 5.68 	1
 1.56 	 4.18 	 5.77 	1
 1.56 	 4.19 	 5.33 	1
 1.56 	 4.19 	 5.32 	1
 1.56 	 4.20 	 5.99 	1
 1.56 	 4.20 	 6.16 	2
 1.56 	 4.20 	 5.52 	2
 1.56 	 4.21 	 6.26 	1
 1.56 	 4.21 	 4.96 	1
 1.56 	 4.22  	  6.44 	2
 1.56 	 4.23 	 5.89 	2
 1.56 	 4.23 	 5.12 	1
 1.56 	 4.23 	 5.48 	1
 1.56 	 4.23  	 5.85 	1
 1.56 	 4.25 	 5.69 	1
 1.56 	 4.25  	 5.49 	1
 1.56 	 4.26 	 6.41 	1
 1.56 	 4.26 	 5.78 	2
 1.56 	 4.26 	 4.92 	2
 1.56 	 4.26 	 5.22 	0
 1.56 	 4.28 	 5.67 	1
 1.56 	 4.28 	 4.99 	2
 1.56 	 4.29 	 5.73 	1
 1.56 	 4.29  	 5.27 	0
 1.56 	 4.30 	 6.01 	0
 1.56 	 4.30 	 4.83 	2
 1.56 	 4.33 	 6.02 	0
 1.56 	 4.34 	 6.12  	0
 1.56 	 4.34 	 5.53  	1
 1.56 	 4.35 	 5.93 	1
 1.56 	 4.39 	 5.95 	1
 1.56 	 4.40 	 5.41 	1
 1.56 	 4.40 	 5.38 	0
 1.56 	 4.41 	 6.03 	1
 1.56 	 4.41 	 5.31 	2
 1.56 	 4.41 	 5.57 	2
 1.56 	 4.43 	 5.57 	1
 1.56 	 4.43 	 5.49 	0
 1.56 	 4.43 	 5.44 	1
 1.56 	 4.43 	 4.62  	0
 1.56 	 4.45 	 5.90 	1
 1.56 	 4.46 	 5.69 	1
 1.56 	 4.49 	 5.54 	1
 1.56 	 4.50 	 5.67 	0
 1.56 	 4.52 	 4.77 	1
 1.56 	 4.54 	 5.73  	1
 1.56 	 4.54 	 5.29 	1
 1.56 	 4.55 	 5.33 	0
 1.56 	 4.55  	 5.73 	1
 1.56 	 4.56 	 5.06 	1
 1.56 	 4.57 	 5.76 	1
 1.56 	 4.58  	 5.31 	1
 1.56 	 4.63 	 5.53 	1
 1.56 	 4.65 	 5.60 	1
 1.56 	 4.69 	 4.91 	2
 1.56 	 4.74 	 5.13 	1
 1.56  	 3.82 	 6.48 	1
 1.56  	 4.05  	 6.25   	1
 1.56  	 4.22 	 5.95 	1
 1.56  	 4.28 	 5.19 	0
 1.56  	 4.35  	 6.04  	1
 1.56  	 4.36 	 5.76  	1
 1.56  	 4.40 	 5.89 	1
 1.56  	 4.51 	 5.67  	1
 1.56  	 4.52 	 5.11 	1
 1.56  	 4.57  	 5.27  	1
 1.56  	 4.65  	 5.30  	1
 1.56   	 4.33  	 6.22 	0
 1.57 	 3.65 	 6.02 	0
 1.57 	 3.69 	 7.33 	0
 1.57 	 3.78 	 6.57 	1
 1.57 	 3.80 	 6.27 	0
 1.57 	 3.81 	 6.33 	1
 1.57 	 3.83 	 7.13 	1
 1.57 	 3.84 	 7.21 	1
 1.57 	 3.84 	 6.34 	1
 1.57 	 3.85 	 6.60 	1
 1.57 	 3.85 	 6.69 	1
 1.57 	 3.86 	 7.16  	1
 1.57 	 3.88 	 6.72 	0
 1.57 	 3.90 	 5.86 	1
 1.57 	 3.92 	 5.20 	1
 1.57 	 3.92 	 6.20 	1
 1.57 	 3.93 	 6.30 	0
 1.57 	 3.93 	 6.28 	2
 1.57 	 3.93 	 5.63 	1
 1.57 	 3.93 	 6.26 	1
 1.57 	 3.94 	 6.92  	1
 1.57 	 3.94 	 5.05 	1
 1.57 	 3.94 	 6.48 	1
 1.57 	 3.95 	 5.79  	1
 1.57 	 3.95 	 6.07 	1
 1.57 	 3.96 	 6.02 	0
 1.57 	 3.96 	 5.69 	1
 1.57 	 3.96 	 5.79 	1
 1.57 	 3.98 	 6.12 	1
 1.57 	 3.98 	 5.15 	1
 1.57 	 3.98 	 6.06 	0
 1.57 	 3.99 	 5.82 	1
 1.57 	 4.00 	 6.09 	1
 1.57 	 4.00 	 5.80 	1
 1.57 	 4.01 	 6.13  	1
 1.57 	 4.01 	 6.50 	1
 1.57 	 4.01 	 5.93 	1
 1.57 	 4.01 	 6.31 	1
 1.57 	 4.01 	 5.90 	1
 1.57 	 4.02 	 6.32 	0
 1.57 	 4.02 	 6.06 	1
 1.57 	 4.02 	 5.89 	1
 1.57 	 4.03 	 6.46 	1
 1.57 	 4.03 	 5.77 	2
 1.57 	 4.05 	 5.78 	1
 1.57 	 4.05 	 5.78 	1
 1.57 	 4.05 	 5.70 	1
 1.57 	 4.05 	 5.70 	1
 1.57 	 4.07	 6.48 	2
 1.57 	 4.07 	 6.07 	1
 1.57 	 4.07 	 5.05 	2
 1.57 	 4.07  	 6.07 	1
 1.57 	 4.08 	 5.55 	1
 1.57 	 4.09 	 4.98 	2
 1.57 	 4.09 	 5.92 	0
 1.57 	 4.09  	 5.92 	1
 1.57 	 4.10 	 6.60 	1
 1.57 	 4.10 	 6.06 	1
 1.57 	 4.10 	 5.30 	1
 1.57 	 4.11 	 5.68 	0
 1.57 	 4.11 	 5.88  	0
 1.57 	 4.12 	 6.00 	1
 1.57 	 4.12 	 5.97 	0
 1.57 	 4.12 	 5.85 	0
 1.57 	 4.13 	 6.08 	1
 1.57 	 4.13 	 5.83 	2
 1.57 	 4.13 	 5.81 	2
 1.57 	 4.14 	 5.80 	0
 1.57 	 4.14 	 4.97 	2
 1.57 	 4.14 	 5.70 	1
 1.57 	 4.15 	 6.19 	1
 1.57 	 4.15 	 5.85 	1
 1.57 	 4.16 	 4.78 	1
 1.57 	 4.17 	 5.48 	2
 1.57 	 4.17  	 5.96 	0
 1.57 	 4.18 	 5.80 	1
 1.57 	 4.18 	 5.38 	2
 1.57 	 4.19 	 6.12 	1
 1.57 	 4.19 	 5.89 	2
 1.57 	 4.19  	 5.80 	2
 1.57 	 4.20 	 5.26 	0
 1.57 	 4.20 	 5.58 	1
 1.57 	 4.21 	 5.50 	1
 1.57 	 4.21 	 6.08 	0
 1.57 	 4.21  	 6.16  	1
 1.57 	 4.23 	 5.13 	0
 1.57 	 4.23 	 5.53 	2
 1.57 	 4.23 	 4.84 	1
 1.57 	 4.23 	 5.45 	2
 1.57 	 4.23 	 5.42 	1
 1.57 	 4.24 	 6.17  	1
 1.57 	 4.24 	 6.08 	1
 1.57 	 4.25 	 5.80 	1
 1.57 	 4.26 	 6.13 	1
 1.57 	 4.28 	 5.48 	1
 1.57 	 4.28 	 5.71 	1
 1.57 	 4.29  	 5.58  	1
 1.57 	 4.30 	 5.97 	1
 1.57 	 4.32 	 5.55 	1
 1.57 	 4.32 	 5.49 	1
 1.57 	 4.33 	 5.74 	2
 1.57 	 4.33  	 5.62 	1
 1.57 	 4.34 	 5.84 	0
 1.57 	 4.35 	 5.98 	2
 1.57 	 4.37 	 5.28  	1
 1.57 	 4.37 	 5.10 	1
 1.57 	 4.38 	 5.84 	0
 1.57 	 4.41 	 5.75 	1
 1.57 	 4.41 	 5.51  	1
 1.57 	 4.41 	 4.40 	0
 1.57 	 4.42 	 5.76 	0
 1.57 	 4.42 	 5.64 	1
 1.57 	 4.45 	 5.38 	1
 1.57 	 4.46  	 5.62 	1
 1.57 	 4.47 	 5.39 	1
 1.57 	 4.50 	 5.26 	1
 1.57 	 4.53 	 5.03 	2
 1.57 	 4.55  	 5.63  	1
 1.57 	 4.59 	 5.23 	1
 1.57 	 4.62 	 5.14 	1
 1.57 	 4.65 	 5.19 	2
 1.57 	 4.66 	 4.96 	1
 1.57 	 4.68 	 4.99 	1
 1.57 	 4.69 	 5.15 	1
 1.57  	 4.06 	 6.16 	1
 1.57  	 4.13 	 6.37 	1
 1.57  	 4.15  	 6.09  	2
 1.57  	 4.17 	 5.16 	1
 1.57  	 4.17  	 5.67  	1
 1.57  	 4.19 	 5.75 	1
 1.57  	 4.20 	 5.82 	1
 1.57  	 4.22 	 4.80  	0
 1.57  	 4.24  	 5.88 	1
 1.57  	 4.28 	 5.63 	1
 1.57  	 4.31  	 5.61  	2
 1.57  	 4.38 	 5.85 	1
 1.57  	 4.43  	 5.39  	1
 1.57  	 4.44 	 5.56 	0
 1.58 	 3.55 	 6.71 	2
 1.58 	 3.65  	 7.76 	1
 1.58 	 3.66 	 6.21 	0
 1.58 	 3.73 	 6.49 	1
 1.58 	 3.75  	 5.98 	0
 1.58 	 3.79 	 6.56 	1
 1.58 	 3.81 	 6.74  	0
 1.58 	 3.81 	 5.99 	0
 1.58 	 3.83 	 6.30 	1
 1.58 	 3.84 	 6.43 	0
 1.58 	 3.85 	 5.62 	1
 1.58 	 3.85 	 6.03 	1
 1.58 	 3.87 	 5.78 	1
 1.58 	 3.88 	 5.55 	0
 1.58 	 3.88 	 6.08 	0
 1.58 	 3.88 	 6.06 	2
 1.58 	 3.89 	 5.85 	0
 1.58 	 3.90 	 6.53 	1
 1.58 	 3.90 	 5.25 	0
 1.58 	 3.90 	 5.64 	0
 1.58 	 3.91 	 5.97 	1
 1.58 	 3.92 	 5.17 	1
 1.58 	 3.94 	 5.47   	1
 1.58 	 3.94 	 5.74 	2
 1.58 	 3.95 	 6.65 	0
 1.58 	 3.95 	 6.56 	0
 1.58 	 3.95 	 5.53 	1
 1.58 	 3.95 	 5.93 	0
 1.58 	 3.97 	 5.14 	0
 1.58 	 3.97 	 6.12 	0
 1.58 	 3.97 	 5.44 	1
 1.58 	 4.01 	 6.11 	1
 1.58 	 4.02 	 5.18 	1
 1.58 	 4.02 	 5.47 	1
 1.58 	 4.03 	 6.22 	0
 1.58 	 4.03 	 5.80 	2
 1.58 	 4.04 	 5.79  	1
 1.58 	 4.05 	 5.72 	1
 1.58 	 4.07 	 6.29 	1
 1.58 	 4.07 	 5.63 	0
 1.58 	 4.07 	 5.63 	0
 1.58 	 4.08  	 5.67 	2
 1.58 	 4.09 	 5.98 	0
 1.58 	 4.09 	 6.31 	1
 1.58 	 4.09 	 5.79 	1
 1.58 	 4.09 	 5.58  	1
 1.58 	 4.11 	 5.16 	0
 1.58 	 4.11 	 5.18 	1
 1.58 	 4.12 	 5.71 	1
 1.58 	 4.12 	 6.01 	2
 1.58 	 4.12 	 5.57 	1
 1.58 	 4.13 	 5.08 	1
 1.58 	 4.13 	 5.47 	1
 1.58 	 4.14 	 5.68 	2
 1.58 	 4.15 	 5.44 	1
 1.58 	 4.15 	 5.61 	0
 1.58 	 4.15 	 6.14 	1
 1.58 	 4.16 	 5.81 	1
 1.58 	 4.17 	 5.22 	1
 1.58 	 4.17 	 5.58 	1
 1.58 	 4.17 	 5.31 	0
 1.58 	 4.18 	 5.68  	0
 1.58 	 4.18 	 5.65 	2
 1.58 	 4.18 	 5.75 	1
 1.58 	 4.19 	 5.29  	1
 1.58 	 4.19 	 5.10 	1
 1.58 	 4.19 	 5.18 	0
 1.58 	 4.19 	 5.51 	1
 1.58 	 4.19 	 5.42 	0
 1.58 	 4.20 	 5.92 	2
 1.58 	 4.21 	 5.99 	1
 1.58 	 4.21 	 5.31 	0
 1.58 	 4.22 	 5.72 	0
 1.58 	 4.22 	 4.77 	1
 1.58 	 4.23 	 5.63  	0
 1.58 	 4.24 	 4.70 	1
 1.58 	 4.24 	 5.45 	2
 1.58 	 4.26 	 5.92 	1
 1.58 	 4.27 	 5.78 	1
 1.58 	 4.28 	 5.97 	1
 1.58 	 4.29 	 5.91 	1
 1.58 	 4.30 	 5.78 	0
 1.58 	 4.31 	 5.62 	1
 1.58 	 4.32 	 5.75 	1
 1.58 	 4.32 	 5.43 	1
 1.58 	 4.33 	 5.79  	1
 1.58 	 4.33 	 5.89 	1
 1.58 	 4.34 	 5.70 	1
 1.58 	 4.36  	 5.42 	2
 1.58 	 4.38 	 5.74 	0
 1.58 	 4.4 	 5.24 	0
 1.58 	 4.41 	 5.25 	1
 1.58 	 4.45 	 5.21 	0
 1.58 	 4.46 	 5.50 	0
 1.58 	 4.52 	 5.48 	1
 1.58 	 4.57 	 4.93 	0
 1.58 	 4.77 	 5.13 	1
 1.58  	 3.82 	 6.43 	1
 1.58  	 4.03 	 6.49 	1
 1.58  	 4.07 	 6.12 	0
 1.58  	 4.13 	 5.73  	2
 1.58  	 4.17  	 5.75  	2
 1.58  	 4.17  	 6.16  	1
 1.58  	 4.26  	 5.53   	1
 1.58  	 4.28  	 5.71  	1
 1.58  	 4.33  	 5.47  	2
 1.58  	 4.48  	 5.17  	1
 1.58  	 4.48  	 5.21  	0
 1.58  	 4.62  	 5.11 	1
 1.59 	 3.63 	 6.15 	1
 1.59 	 3.68 	 6.76 	1
 1.59 	 3.69 	 6.33 	2
 1.59 	 3.73 	 6.24 	2
 1.59 	 3.76 	 6.28 	1
 1.59 	 3.77 	 6.13 	0
 1.59 	 3.80 	 5.64 	1
 1.59 	 3.81 	 6.90 	0
 1.59 	 3.82 	 6.21 	0
 1.59 	 3.83 	 6.11 	2
 1.59 	 3.84 	 6.18 	1
 1.59 	 3.85 	 5.55 	1
 1.59 	 3.86 	 5.41 	1
 1.59 	 3.87 	 5.98 	1
 1.59 	 3.88 	 6.05 	1
 1.59 	 3.88 	 6.63 	1
 1.59 	 3.89 	 6.65 	0
 1.59 	 3.89 	 5.91 	2
 1.59 	 3.90 	 6.04 	1
 1.59 	 3.90 	 6.01 	1
 1.59 	 3.91 	 6.29 	2
 1.59 	 3.91 	 5.75 	1
 1.59 	 3.91 	 5.88 	1
 1.59 	 3.92 	 6.62 	0
 1.59 	 3.92 	 6.49  	1
 1.59 	 3.92 	 5.45 	2
 1.59 	 3.93 	 5.69 	1
 1.59 	 3.94 	 6.03	2
 1.59 	 3.94 	 6.07 	1
 1.59 	 3.94 	 5.92 	1
 1.59 	 3.95 	 5.97 	0
 1.59 	 3.95 	 5.85 	0
 1.59 	 3.95 	 5.48 	1
 1.59 	 3.96 	 5.85 	1
 1.59 	 3.96 	 5.51 	2
 1.59 	 3.97 	 5.97 	1
 1.59 	 3.97 	 4.90 	1
 1.59 	 3.97 	 6.00 	1
 1.59 	 4.00 	 6.01 	1
 1.59 	 4.00 	 5.91 	2
 1.59 	 4.01 	 5.97 	0
 1.59 	 4.01 	 5.80 	2
 1.59 	 4.01 	 6.21 	1
 1.59 	 4.01 	 5.54  	1
 1.59 	 4.01 	 5.28 	2
 1.59 	 4.02 	 5.12 	2
 1.59 	 4.03 	 5.38 	1
 1.59 	 4.03 	 6.11 	1
 1.59 	 4.03 	 5.75 	1
 1.59 	 4.05 	 5.66 	2
 1.59 	 4.06 	 6.11	1
 1.59 	 4.06 	 6.17 	0
 1.59 	 4.07 	 6.09 	1
 1.59 	 4.07 	 5.46 	1
 1.59 	 4.07 	 5.46 	1
 1.59 	 4.08 	 6.13  	1
 1.59 	 4.08 	 5.17 	1
 1.59 	 4.08 	 5.50 	1
 1.59 	 4.09 	 5.68 	1
 1.59 	 4.09 	 5.77 	1
 1.59 	 4.09 	 5.02 	0
 1.59 	 4.09 	 4.82 	1
 1.59 	 4.10 	 5.69 	0
 1.59 	 4.10 	 5.76 	1
 1.59 	 4.10 	 5.25 	1
 1.59 	 4.11 	 5.49 	1
 1.59 	 4.11 	 5.75 	0
 1.59 	 4.11 	 5.49 	0
 1.59 	 4.12 	 5.13 	0
 1.59 	 4.13 	 4.96 	1
 1.59 	 4.13 	 5.46 	2
 1.59 	 4.14 	 5.60 	1
 1.59 	 4.15 	 5.38 	1
 1.59 	 4.16 	 5.62 	1
 1.59 	 4.16 	 5.12 	1
 1.59 	 4.17 	 5.65 	1
 1.59 	 4.17 	 5.56  	1
 1.59 	 4.17 	 5.65 	1
 1.59 	 4.18 	 5.59 	2
 1.59 	 4.18 	 5.92 	2
 1.59 	 4.18 	 5.31 	1
 1.59 	 4.20 	 5.01 	2
 1.59 	 4.21 	 5.40 	1
 1.59 	 4.21 	 4.89 	0
 1.59 	 4.22 	 5.79 	1
 1.59 	 4.22 	 5.84 	1
 1.59 	 4.22 	 5.63 	2
 1.59 	 4.22 	 5.57 	1
 1.59 	 4.23 	 5.87 	0
 1.59 	 4.23 	 5.40 	1
 1.59 	 4.23 	 5.80 	0
 1.59 	 4.25 	 5.73 	2
 1.59 	 4.25 	 5.53 	2
 1.59 	 4.25 	 5.53 	1
 1.59 	 4.27 	 5.47 	2
 1.59 	 4.27 	 5.50 	2
 1.59 	 4.28 	 5.77 	1
 1.59 	 4.30 	 5.24 	1
 1.59 	 4.31 	 5.30 	0
 1.59 	 4.31 	 5.45 	1
 1.59 	 4.35 	 5.72 	2
 1.59 	 4.37 	 5.54 	1
 1.59 	 4.37 	 4.97 	1
 1.59 	 4.38 	 5.63 	0
 1.59 	 4.41 	 5.15 	1
 1.59 	 4.47 	 5.53 	1
 1.59 	 4.47 	 5.36 	2
 1.59 	 4.47 	 5.06 	1
 1.59 	 4.51 	 5.48 	0
 1.59  	 3.81 	 5.76 	2
 1.59  	 3.85 	 5.73 	1
 1.59  	 3.95 	 5.04 	1
 1.59  	 3.96 	 5.98 	0
 1.59  	 4.02 	 6.37 	1
 1.59  	 4.04 	 6.28 	1
 1.59  	 4.08  	 5.74  	0
 1.59  	 4.09 	 5.93 	0
 1.59  	 4.12 	 5.61 	2
 1.59  	 4.14 	 5.81 	1
 1.59  	 4.16  	  5.48  	0
 1.59  	 4.19 	 5.57 	2
 1.59  	 4.27  	 5.40  	0
 1.59  	 4.29 	 5.73 	1
 1.59  	 4.31  	 5.56 	0
 1.59  	 4.34  	 5.36  	0
 1.59  	 4.35  	 5.58 	1
 1.59  	 4.49  	 5.25 	1
 1.59  	 4.51 	 5.30  	1
 1.59  	 4.62 	 5.00 	1
 1.59    	 4.08 	 5.86   	0
 1.60 	  3.92 	 5.74 	0
 1.60 	 3.62 	 5.69 	2
 1.60 	 3.64 	 7.39 	1
 1.60 	 3.66 	 6.92 	2
 1.60 	 3.70 	 6.64 	0
 1.60 	 3.71 	 6.73 	1
 1.60 	 3.73 	 6.09 	1
 1.60 	 3.74 	 6.07  	1
 1.60 	 3.75 	 6.21 	2
 1.60 	 3.78 	 6.54  	1
 1.60 	 3.78 	 5.15 	0
 1.60 	 3.81 	 5.45 	1
 1.60 	 3.81 	 4.91 	0
 1.60 	 3.82 	 6.04 	0
 1.60 	 3.83 	 6.20 	2
 1.60 	 3.83 	 6.16 	0
 1.60 	 3.85 	 5.94 	0
 1.60 	 3.86 	 6.60 	0
 1.60 	 3.86 	 6.18 	1
 1.60 	 3.87 	 5.81 	0
 1.60 	 3.87 	 5.87 	1
 1.60 	 3.88 	 5.66 	1
 1.60 	 3.89 	 5.78  	1
 1.60 	 3.90 	 5.76 	1
 1.60 	 3.90 	 5.70 	1
 1.60 	 3.92 	 5.52 	1
 1.60 	 3.93 	 5.47 	1
 1.60 	 3.93 	 5.88 	0
 1.60 	 3.93 	 5.65 	1
 1.60 	 3.93 	 5.63 	1
 1.60 	 3.94 	 6.21 	0
 1.60 	 3.94 	 4.92 	0
 1.60 	 3.94 	 4.89 	2
 1.60 	 3.94 	 5.85 	1
 1.60 	 3.95 	 5.82 	1
 1.60 	 3.95 	 5.29  	2
 1.60 	 3.96 	 6.24 	1
 1.60 	 3.96 	 5.45 	0
 1.60 	 3.96 	 5.96 	1
 1.60 	 3.97 	 6.23 	1
 1.60 	 3.97 	 6.48 	1
 1.60 	 3.97 	 4.84 	1
 1.60 	 3.97 	 6.15 	1
 1.60 	 3.97 	 5.57  	2
 1.60 	 3.97  	 5.54 	0
 1.60 	 3.98 	 4.95 	0
 1.60 	 3.98 	 4.82 	2
 1.60 	 3.99 	 6.29 	1
 1.60 	 3.99 	 4.90 	1
 1.60 	 3.99 	 5.67 	1
 1.60 	 3.99 	 5.85 	0
 1.60 	 3.99  	  6.03 	1
 1.60 	 4.00 	 5.56 	1
 1.60 	 4.00 	 5.92 	1
 1.60 	 4.00 	 5.57 	0
 1.60 	 4.01 	 5.81 	1
 1.60 	 4.01 	 5.72 	1
 1.60 	 4.01 	 5.01 	1
 1.60 	 4.01 	 4.84 	1
 1.60 	 4.01 	 5.56 	1
 1.60 	 4.02 	 5.11 	1
 1.60 	 4.02 	 5.02 	0
 1.60 	 4.02 	 5.50  	1
 1.60 	 4.03 	 5.65 	1
 1.60 	 4.03  	 5.11 	2
 1.60 	 4.04 	 5.92 	1
 1.60 	 4.04 	 6.00 	1
 1.60 	 4.04 	 5.28 	1
 1.60 	 4.05 	 5.40 	0
 1.60 	 4.06 	 5.29 	2
 1.60 	 4.06 	 5.89 	1
 1.60 	 4.06 	 5.50 	0
 1.60 	 4.07 	 5.19 	0
 1.60 	 4.09 	 5.87 	1
 1.60 	 4.09 	 5.39 	1
 1.60 	 4.09 	 5.51 	1
 1.60 	 4.09 	 5.08 	1
 1.60 	 4.09 	 5.50 	1
 1.60 	 4.09 	 5.44 	2
 1.60 	 4.10 	 4.78 	2
 1.60 	 4.10 	 4.90 	1
 1.60 	 4.10 	 5.55 	1
 1.60 	 4.10 	 5.34 	1
 1.60 	 4.10 	 5.50 	1
 1.60 	 4.11 	 5.69 	1
 1.60 	 4.11 	 5.50 	1
 1.60 	 4.11 	 5.87 	2
 1.60 	 4.11 	 4.75 	1
 1.60 	 4.12 	 5.93  	1
 1.60 	 4.12 	 5.77 	0
 1.60 	 4.12 	 5.69 	0
 1.60 	 4.12 	 5.21 	1
 1.60 	 4.13 	 5.84 	1
 1.60 	 4.14 	 5.92 	0
 1.60 	 4.14 	 5.90 	1
 1.60 	 4.14 	 5.50 	0
 1.60 	 4.14 	 4.76 	0
 1.60 	 4.14 	 5.72 	1
 1.60 	 4.14 	 5.69 	1
 1.60 	 4.14 	 4.67 	1
 1.60 	 4.17 	 5.33 	1
 1.60 	 4.17 	 5.60 	1
 1.60 	 4.18 	 5.68 	1
 1.60 	 4.19 	 5.67 	1
 1.60 	 4.20 	 5.79 	1
 1.60 	 4.20 	 5.30 	1
 1.60 	 4.20 	 4.69 	2
 1.60 	 4.20 	 5.27 	1
 1.60 	 4.21 	 5.71 	0
 1.60 	 4.21 	 5.33 	1
 1.60 	 4.22 	 4.92 	0
 1.60 	 4.23 	 5.49 	0
 1.60 	 4.23 	 5.37 	1
 1.60 	 4.25 	 5.21 	1
 1.60 	 4.25 	 5.43 	0
 1.60 	 4.26 	 5.35  	0
 1.60 	 4.27 	 5.36 	0
 1.60 	 4.29 	 5.13 	2
 1.60 	 4.30 	 5.27 	1
 1.60 	 4.30  	 5.22  	1
 1.60 	 4.31 	 5.25 	1
 1.60 	 4.31 	 4.77 	1
 1.60 	 4.33 	 5.03 	0
 1.60 	 4.35 	 5.32 	1
 1.60 	 4.36 	 5.58 	1
 1.60 	 4.37 	 5.54 	2
 1.60 	 4.37 	 5.41 	1
 1.60 	 4.37 	 5.06 	2
 1.60 	 4.38 	 5.31 	1
 1.60 	 4.46 	 5.32 	1
 1.60 	 4.47 	 4.35 	1
 1.60 	 4.49 	 5.28 	2
 1.60 	 4.57 	 5.04 	2
 1.60 	 4.57 	 4.98 	2
 1.60 	 4.58 	 4.88 	0
 1.60 	 4.61 	 5.16 	0
 1.60 	 4.69 	 5.14 	1
 1.60 	 4.69 	 5.01 	1
 1.60  	 3.94 	 6.42 	2
 1.60  	 4.05  	 5.68  	0
 1.60  	 4.05  	 5.99  	1
 1.60  	 4.20  	 5.48 	0
 1.61 	 3.63 	 5.88 	1
 1.61 	 3.63 	 6.13 	1
 1.61 	 3.66 	 6.07 	1
 1.61 	 3.67 	 5.94 	1
 1.61 	 3.71 	 5.72 	1
 1.61 	 3.71 	 5.95 	1
 1.61 	 3.73 	 5.97 	1
 1.61 	 3.77 	 6.44 	1
 1.61 	 3.78  	 6.29 	0
 1.61 	 3.79 	 5.69 	0
 1.61 	 3.79 	 5.96 	2
 1.61 	 3.80 	 5.36 	2
 1.61 	 3.80 	 5.93 	1
 1.61 	 3.82 	 6.62 	1
 1.61 	 3.82 	 6.52 	1
 1.61 	 3.82 	 6.69 	2
 1.61 	 3.84 	 6.36 	2
 1.61 	 3.84 	 6.19 	0
 1.61 	 3.84 	 5.04 	1
 1.61 	 3.84 	 5.66 	0
 1.61 	 3.84 	 5.55 	1
 1.61 	 3.85 	 5.91 	1
 1.61 	 3.86 	 6.34 	2
 1.61 	 3.86 	 5.85 	1
 1.61 	 3.87  	 5.81 	1
 1.61 	 3.88 	 5.08  	0
 1.61 	 3.88 	 5.39 	1
 1.61 	 3.89 	 6.22 	1
 1.61 	 3.89 	 5.66 	2
 1.61 	 3.90 	 5.97 	1
 1.61 	 3.91 	 6.20 	1
 1.61 	 3.91 	 5.64 	2
 1.61 	 3.91 	 5.93 	1
 1.61 	 3.91  	 5.22 	0
 1.61 	 3.92 	 5.81 	2
 1.61 	 3.93 	 5.76 	1
 1.61 	 3.93 	 4.64 	0
 1.61 	 3.94 	 5.38 	1
 1.61 	 3.94 	 5.47 	2
 1.61 	 3.94 	 5.64 	1
 1.61 	 3.95 	 5.70 	2
 1.61 	 3.95  	 5.51 	1
 1.61 	 3.96 	 5.23 	1
 1.61 	 3.96 	 5.63 	1
 1.61 	 3.96 	 5.63  	0
 1.61 	 3.96 	 4.87 	1
 1.61 	 3.97 	 6.14 	1
 1.61 	 3.98 	 4.77 	1
 1.61 	 3.98 	 4.92 	1
 1.61 	 3.98 	 5.60 	2
 1.61 	 3.99 	 6.09 	1
 1.61 	 3.99 	 5.19 	0
 1.61 	 3.99 	 5.65 	1
 1.61 	 4.00 	 6.09 	1
 1.61 	 4.01 	 5.47 	1
 1.61 	 4.02 	 5.73 	1
 1.61 	 4.02 	 5.67 	1
 1.61 	 4.02 	 5.75 	1
 1.61 	 4.03 	 5.91 	1
 1.61 	 4.04 	 5.61 	2
 1.61 	 4.04 	 4.97 	1
 1.61 	 4.04 	 5.27 	0
 1.61 	 4.06 	 5.62 	1
 1.61 	 4.06 	 5.91 	1
 1.61 	 4.07 	 5.57 	1
 1.61 	 4.07 	 4.64 	0
 1.61 	 4.07 	 5.33 	1
 1.61 	 4.08 	 5.48 	0
 1.61 	 4.08 	 5.58 	0
 1.61 	 4.08 	 4.54 	1
 1.61 	 4.08 	 5.10 	1
 1.61 	 4.09 	 5.41 	1
 1.61 	 4.09 	 4.85 	0
 1.61 	 4.09 	 4.85 	0
 1.61 	 4.10 	 5.61 	1
 1.61 	 4.10 	 5.19 	0
 1.61 	 4.10 	 5.16 	1
 1.61 	 4.13 	 5.40 	1
 1.61 	 4.14 	 4.59 	1
 1.61 	 4.14 	 5.22 	0
 1.61 	 4.14  	 4.65 	0
 1.61 	 4.15 	 5.71 	2
 1.61 	 4.16 	 5.67  	1
 1.61 	 4.16 	 5.56 	1
 1.61 	 4.19 	 5.24 	0
 1.61 	 4.19 	 5.14 	0
 1.61 	 4.19 	 5.15 	1
 1.61 	 4.21 	 5.19 	2
 1.61 	 4.21 	 5.11 	1
 1.61 	 4.21  	 5.40 	1
 1.61 	 4.22 	 5.05 	0
 1.61 	 4.24 	 5.24 	0
 1.61 	 4.24 	 4.94 	2
 1.61 	 4.25 	 5.05 	1
 1.61 	 4.28 	 5.26 	1
 1.61 	 4.28 	 4.96 	0
 1.61 	 4.30 	 5.18 	1
 1.61 	 4.30 	 5.20 	2
 1.61 	 4.32 	 5.18 	0
 1.61 	 4.37 	 5.13 	1
 1.61 	 4.38 	 4.96 	1
 1.61 	 4.39 	 5.28 	0
 1.61 	 4.41 	 5.07 	2
 1.61 	 4.41 	 5.06 	0
 1.61 	 4.41 	 5.13 	1
 1.61 	 4.42 	 5.04 	1
 1.61 	 4.53 	 5.18 	0
 1.61 	 4.63 	 5.02 	0
 1.61 	 4.74 	 4.68 	2
 1.61  	 3.81 	 6.10 	1
 1.61  	 3.86  	 5.94  	1
 1.61  	 4.09  	 5.54  	1
 1.61  	 4.21  	 5.26  	1
 1.61  	 4.41 	 5.33 	0
 1.61  	 4.41  	 5.11  	1
 1.61  	 4.53  	 4.98  	0
 1.62 	 3.49 	 5.93 	1
 1.62 	 3.53 	 6.41 	1
 1.62 	 3.54 	 6.28 	0
 1.62 	 3.57 	 6.90 	1
 1.62 	 3.61 	 5.60 	1
 1.62 	 3.65 	 6.05 	0
 1.62 	 3.67 	 6.77 	1
 1.62 	 3.68 	 6.06 	1
 1.62 	 3.72 	 5.94 	1
 1.62 	 3.73 	 5.93  	1
 1.62 	 3.74 	 5.09 	1
 1.62 	 3.75 	 5.90 	1
 1.62 	 3.75 	 6.02 	0
 1.62 	 3.77 	 6.07 	2
 1.62 	 3.77 	 5.48 	1
 1.62 	 3.77 	 5.75 	0
 1.62 	 3.78 	 6.41 	1
 1.62 	 3.78 	 5.78 	2
 1.62 	 3.79 	 6.42 	1
 1.62 	 3.79 	 5.53 	1
 1.62 	 3.80  	 5.88 	0
 1.62 	 3.81 	 6.40  	1
 1.62 	 3.81 	 5.48 	2
 1.62 	 3.81 	 5.70 	0
 1.62 	 3.81 	 5.91 	1
 1.62 	 3.81 	 5.60 	1
 1.62 	 3.82 	 5.28 	1
 1.62 	 3.83 	 5.96 	0
 1.62 	 3.83 	 5.21 	0
 1.62 	 3.84 	 6.20 	0
 1.62 	 3.84 	 6.40 	1
 1.62 	 3.84 	 5.41 	1
 1.62 	 3.84 	 5.61 	2
 1.62 	 3.85 	 5.83 	1
 1.62 	 3.86 	 6.30 	1
 1.62 	 3.86 	 5.89 	1
 1.62 	 3.87 	 6.16 	1
 1.62 	 3.88 	 5.63 	1
 1.62 	 3.88 	 5.78 	2
 1.62 	 3.88  	 5.79 	2
 1.62 	 3.89 	 6.20 	0
 1.62 	 3.89 	 5.64 	1
 1.62 	 3.89 	 5.80 	1
 1.62 	 3.89 	 4.89 	1
 1.62 	 3.89 	 5.84 	1
 1.62 	 3.89 	 6.00 	1
 1.62 	 3.91 	 6.10 	1
 1.62 	 3.91 	 6.08 	2
 1.62 	 3.91 	 5.81 	1
 1.62 	 3.92 	 5.35 	1
 1.62 	 3.92 	 5.83 	0
 1.62 	 3.92 	 4.88 	1
 1.62 	 3.92 	 5.12 	1
 1.62 	 3.92  	 6.11 	1
 1.62 	 3.93 	 5.88 	1
 1.62 	 3.93 	 5.07 	0
 1.62 	 3.93 	 5.15 	1
 1.62 	 3.94 	 5.82 	1
 1.62 	 3.95 	 6.03 	0
 1.62 	 3.95 	 5.58 	2
 1.62 	 3.95 	 5.21 	0
 1.62 	 3.96 	 5.44 	0
 1.62 	 3.97 	 5.63 	1
 1.62 	 3.97 	 5.40 	1
 1.62 	 3.98 	 5.60 	1
 1.62 	 3.98 	 5.42 	1
 1.62 	 4.01 	 5.04 	0
 1.62 	 4.02 	 5.59 	1
 1.62 	 4.03 	 5.60 	1
 1.62 	 4.03 	 5.78 	0
 1.62 	 4.03 	 5.40 	1
 1.62 	 4.04 	 5.22 	0
 1.62 	 4.05 	 5.41 	1
 1.62 	 4.05 	 4.83 	0
 1.62 	 4.05 	 4.64 	2
 1.62 	 4.07 	 5.65 	0
 1.62 	 4.07 	 5.30  	2
 1.62 	 4.07 	 4.60 	1
 1.62 	 4.07 	 5.12 	1
 1.62 	 4.08	 5.47 	1
 1.62 	 4.08 	 5.76   	0
 1.62 	 4.08 	 5.74 	1
 1.62 	 4.08 	 5.47 	2
 1.62 	 4.08 	 5.50 	1
 1.62 	 4.08 	 5.55  	1
 1.62 	 4.10	 5.44 	1
 1.62 	 4.10 	 5.34 	1
 1.62 	 4.11 	 4.99 	2
 1.62 	 4.12	 5.81 	0
 1.62 	 4.12 	 5.63  	0
 1.62 	 4.12 	 5.46 	0
 1.62 	 4.13 	 5.28 	1
 1.62 	 4.14 	  5.61 	1
 1.62 	 4.15 	 5.07 	1
 1.62 	 4.15 	 5.35 	0
 1.62 	 4.15 	 5.09 	2
 1.62 	 4.16 	 5.27 	1
 1.62 	 4.16 	 5.01 	0
 1.62 	 4.16 	 5.32 	1
 1.62 	 4.16 	 4.91 	1
 1.62 	 4.16 	 4.97 	2
 1.62 	 4.17 	 5.11 	1
 1.62 	 4.18 	 5.56 	1
 1.62 	 4.19 	 5.22 	2
 1.62 	 4.20 	 5.57 	2
 1.62 	 4.20 	 4.90 	1
 1.62 	 4.20 	 4.40 	1
 1.62 	 4.21 	 5.20 	1
 1.62 	 4.22 	 5.11 	1
 1.62 	 4.22 	 4.57 	1
 1.62 	 4.22 	 4.35 	2
 1.62 	 4.23 	 4.93 	2
 1.62 	 4.23 	 4.98 	1
 1.62 	 4.24 	 5.26 	1
 1.62 	 4.24 	 5.15 	0
 1.62 	 4.25 	 5.58  	2
 1.62 	 4.25 	 5.46 	1
 1.62 	 4.26 	 5.09 	1
 1.62 	 4.27 	 5.30 	1
 1.62 	 4.28 	 4.63 	0
 1.62 	 4.29 	 4.72 	1
 1.62 	 4.29 	 5.02 	2
 1.62 	 4.29  	 5.15 	1
 1.62 	 4.32 	 5.09 	0
 1.62 	 4.33 	 5.16 	1
 1.62 	 4.36 	 5.12 	1
 1.62 	 4.39 	 5.17 	1
 1.62 	 4.40 	 4.61 	2
 1.62 	 4.40  	 5.13  	0
 1.62 	 4.44 	 5.10 	1
 1.62 	 4.44 	 4.62 	1
 1.62 	 4.48 	 4.87 	1
 1.62 	 4.50 	 5.11 	1
 1.62  	 4.05  	 5.68  	1
 1.62  	 4.16   	 5.32  	1
 1.62  	 4.18 	 5.22 	1
 1.62  	 4.22  	 5.26  	1
 1.62  	 4.32  	 5.13  	0
 1.62  	 4.61  	 4.98  	2
 1.63 	 3.65 	 5.96 	1
 1.63 	 3.66 	 6.04 	1
 1.63 	 3.68 	 5.82 	0
 1.63 	 3.69 	 6.60 	1
 1.63 	 3.70 	 6.08 	2
 1.63 	 3.71 	 5.75  	1
 1.63 	 3.72 	 6.05 	2
 1.63 	 3.72 	 5.64 	2
 1.63 	 3.72 	 5.55 	0
 1.63 	 3.72 	 5.73 	1
 1.63 	 3.72 	 6.10 	1
 1.63 	 3.73 	 6.13 	0
 1.63 	 3.73 	 5.65 	0
 1.63 	 3.73 	 6.06	1
 1.63 	 3.73  	 5.59 	1
 1.63 	 3.74 	 4.96 	2
 1.63 	 3.75 	 5.87 	2
 1.63 	 3.75 	 5.39 	1
 1.63 	 3.75 	 5.83 	1
 1.63 	 3.75 	 5.94 	1
 1.63 	 3.75 	 4.95 	0
 1.63 	 3.78 	 5.62  	0
 1.63 	 3.79 	 5.69  	1
 1.63 	 3.79 	 6.29  	1
 1.63 	 3.80 	 5.27 	1
 1.63 	 3.80  	 5.54 	0
 1.63 	 3.81 	 5.68 	1
 1.63 	 3.81 	 5.97 	0
 1.63 	 3.81  	 5.40  	0
 1.63 	 3.82 	 6.25 	1
 1.63 	 3.82 	 6.10 	0
 1.63 	 3.82 	 5.35 	2
 1.63 	 3.83 	 5.69 	0
 1.63 	 3.83  	 5.39 	1
 1.63 	 3.84 	 5.27 	1
 1.63 	 3.84 	 4.93 	0
 1.63 	 3.85 	 5.60 	1
 1.63 	 3.85 	 4.95 	1
 1.63 	 3.85  	 5.48  	1
 1.63 	 3.87 	 4.74 	1
 1.63 	 3.87 	 5.02 	2
 1.63 	 3.87 	 5.36 	2
 1.63 	 3.87 	 5.49 	2
 1.63 	 3.88 	 5.72 	0
 1.63 	 3.90 	 6.15 	0
 1.63 	 3.90 	 5.92 	1
 1.63 	 3.90 	 5.74 	2
 1.63 	 3.90 	 5.55 	2
 1.63 	 3.91 	 5.65 	1
 1.63 	 3.91 	 5.49 	0
 1.63 	 3.91 	 5.71 	1
 1.63 	 3.91 	 5.12 	1
 1.63 	 3.91 	 5.38 	1
 1.63 	 3.92 	 4.98 	0
 1.63 	 3.92 	 5.20 	0
 1.63 	 3.93 	 5.93 	2
 1.63 	 3.93 	 5.43 	1
 1.63 	 3.93 	 5.48 	1
 1.63 	 3.94 	 5.23 	1
 1.63 	 3.94 	 5.32 	1
 1.63 	 3.96 	 5.51 	0
 1.63 	 3.97 	 5.54 	1
 1.63 	 3.98 	 5.24 	0
 1.63 	 3.98 	 5.19 	0
 1.63 	 3.99 	 5.62 	0
 1.63 	 3.99 	 5.41 	1
 1.63 	 3.99 	 5.54 	1
 1.63 	 3.99 	 5.27 	0
 1.63 	 4.00 	 5.08 	1
 1.63 	 4.00 	 5.57 	1
 1.63 	 4.01 	 5.47 	1
 1.63 	 4.01 	 5.29 	2
 1.63 	 4.02 	 5.28 	1
 1.63 	 4.02 	 5.40 	1
 1.63 	 4.03 	 4.55 	1
 1.63 	 4.05	 5.26  	2
 1.63 	 4.05 	 5.52 	1
 1.63 	 4.05 	 5.13 	1
 1.63 	 4.05 	 5.06 	2
 1.63 	 4.06 	 5.62 	1
 1.63 	 4.06 	 5.30 	1
 1.63 	 4.06 	 5.19 	1
 1.63 	 4.06  	 5.11 	0
 1.63 	 4.07 	 5.22 	1
 1.63 	 4.07 	 5.11 	1
 1.63 	 4.08 	 5.59  	1
 1.63 	 4.09 	 5.11 	1
 1.63 	 4.09 	 4.88 	2
 1.63 	 4.09 	 5.21 	1
 1.63 	 4.12 	 5.16 	1
 1.63 	 4.14 	 5.46   	1
 1.63 	 4.14 	 5.13 	2
 1.63 	 4.15 	 5.44 	1
 1.63 	 4.16 	 4.74 	1
 1.63 	 4.16 	 5.13 	0
 1.63 	 4.16 	 5.26  	1
 1.63 	 4.17 	 5.34 	1
 1.63 	 4.17 	 5.20 	0
 1.63 	 4.19 	 5.33 	0
 1.63 	 4.20 	 4.94 	1
 1.63 	 4.21 	 5.28 	1
 1.63 	 4.21 	 4.87 	1
 1.63 	 4.22 	 5.03 	1
 1.63 	 4.23 	 5.38 	2
 1.63 	 4.23 	 5.03 	2
 1.63 	 4.23 	 4.95 	1
 1.63 	 4.23 	 5.14 	1
 1.63 	 4.24  	 5.09	0
 1.63 	 4.25 	 4.94 	1
 1.63 	 4.29 	 5.45 	1
 1.63 	 4.29 	 4.95 	2
 1.63 	 4.29 	 4.91 	1
 1.63 	 4.32 	 5.17 	1
 1.63 	 4.34 	 5.09  	0
 1.63 	 4.35 	 4.93 	1
 1.63 	 4.37 	 5.06 	1
 1.63 	 4.52 	 4.67 	1
 1.63 	 4.53 	 4.77 	0
 1.63  	 3.59 	 5.93 	0
 1.63  	 3.91 	 5.96  	0
 1.63  	 3.99 	 5.92 	0
 1.63  	 4.00 	 5.72  	1
 1.63  	 4.02 	 5.43 	0
 1.63  	 4.14  	 5.18   	0
 1.63  	 4.23  	 5.47  	1
 1.63  	 4.28  	 5.05  	0
 1.63  	 4.28  	 5.24 	1
 1.63  	 4.35 	 4.93 	1
 1.63  	 4.38  	 4.96  	0
 1.63  	 4.45  	 4.93  	0
 1.63  	 4.53 	 4.92 	0
 1.63  	 4.58  	 4.90  	1
 1.64 	 3.44 	 6.17 	1
 1.64 	 3.56 	 5.76 	1
 1.64 	 3.57 	 6.14 	1
 1.64 	 3.60 	 5.81 	1
 1.64 	 3.62 	 5.88 	1
 1.64 	 3.64 	 5.87 	1
 1.64 	 3.65 	 6.64  	1
 1.64 	 3.67 	 6.61 	1
 1.64 	 3.70  	 6.52 	1
 1.64 	 3.72 	 5.63 	2
 1.64 	 3.74 	 6.12 	1
 1.64 	 3.75 	 5.51 	1
 1.64 	 3.75 	 5.68 	0
 1.64 	 3.78 	 5.55 	1
 1.64 	 3.78 	 5.55 	2
 1.64 	 3.79 	 5.61 	1
 1.64 	 3.79 	 5.67 	1
 1.64 	 3.79 	 5.03 	0
 1.64 	 3.79 	 5.68 	1
 1.64 	 3.79  	 5.52 	1
 1.64 	 3.81 	 6.20 	1
 1.64 	 3.82 	 5.74 	1
 1.64 	 3.84 	 5.99 	1
 1.64 	 3.84 	 5.54 	1
 1.64 	 3.85 	 5.82 	1
 1.64 	 3.85 	 5.16 	1
 1.64 	 3.85 	 5.50 	1
 1.64 	 3.86 	 5.67 	1
 1.64 	 3.86 	 6.14  	1
 1.64 	 3.86 	 5.73 	0
 1.64 	 3.87 	 5.26 	2
 1.64 	 3.88 	 5.84 	0
 1.64 	 3.88 	 5.82 	0
 1.64 	 3.88 	 5.44 	0
 1.64 	 3.88 	 5.56 	1
 1.64 	 3.88 	 5.28 	0
 1.64 	 3.89 	 4.66 	1
 1.64 	 3.89 	 5.19 	1
 1.64 	 3.90 	 5.84 	1
 1.64 	 3.90 	 5.79  	1
 1.64 	 3.90 	 4.70 	1
 1.64 	 3.91 	 5.47 	1
 1.64 	 3.91 	 5.19 	1
 1.64 	 3.92 	 5.68  	1
 1.64 	 3.92 	 5.74 	0
 1.64 	 3.92 	 5.62 	0
 1.64 	 3.93 	 5.81 	0
 1.64 	 3.93 	 5.72 	0
 1.64 	 3.93 	 5.38 	0
 1.64 	 3.93 	 5.36 	1
 1.64 	 3.94 	 5.29 	2
 1.64 	 3.94 	 5.23 	1
 1.64 	 3.94 	 5.50 	1
 1.64 	 3.94 	 5.08 	2
 1.64 	 3.94 	 5.03 	1
 1.64 	 3.95 	 5.49 	1
 1.64 	 3.96 	 5.34 	1
 1.64 	 3.96 	 5.18 	1
 1.64 	 3.97 	 5.35 	0
 1.64 	 3.98 	 5.15 	1
 1.64 	 3.98 	 5.13 	1
 1.64 	 3.98 	 5.42 	1
 1.64 	 3.98 	 5.49 	0
 1.64 	 3.98 	 5.25 	1
 1.64 	 3.98 	 5.18 	2
 1.64 	 4.00 	 5.29 	1
 1.64 	 4.00 	 5.41 	2
 1.64 	 4.00 	 4.80 	1
 1.64 	 4.00 	 4.79  	1
 1.64 	 4.00 	 4.90 	1
 1.64 	 4.02 	 5.14 	1
 1.64 	 4.03 	 5.23 	0
 1.64 	 4.03  	 5.58  	0
 1.64 	 4.04 	 5.68 	0
 1.64 	 4.04 	 4.73 	1
 1.64 	 4.04 	 4.66 	1
 1.64 	 4.04 	 5.00 	0
 1.64 	 4.05 	 5.48  	2
 1.64 	 4.06 	 5.52 	2
 1.64 	 4.06 	 5.20 	2
 1.64 	 4.06 	 5.43 	2
 1.64 	 4.08 	 5.39 	2
 1.64 	 4.08 	 5.50 	0
 1.64 	 4.10 	 4.47 	1
 1.64 	 4.11 	 4.44 	2
 1.64 	 4.12 	 5.31 	1
 1.64 	 4.12 	 5.27 	1
 1.64 	 4.13 	 5.09 	2
 1.64 	 4.14 	 5.03 	2
 1.64 	 4.14 	 4.83 	2
 1.64 	 4.16 	 5.43 	0
 1.64 	 4.16 	 4.51 	1
 1.64 	 4.17 	 5.27  	1
 1.64 	 4.17 	 4.97 	1
 1.64 	 4.17  	 5.09 	1
 1.64 	 4.18 	 5.08 	1
 1.64 	 4.19  	 5.25 	2
 1.64 	 4.21 	 5.39 	1
 1.64 	 4.21 	 4.64 	2
 1.64 	 4.22 	 4.71 	0
 1.64 	 4.24 	 4.66 	1
 1.64 	 4.24 	 5.08 	1
 1.64 	 4.25 	 4.98 	1
 1.64 	 4.25 	 4.95 	1
 1.64 	 4.30 	 4.84 	2
 1.64 	 4.32 	 4.64 	1
 1.64 	 4.36 	 4.93 	0
 1.64 	 4.42 	 4.97 	2
 1.64 	 4.46 	 4.98  	0
 1.64 	 4.46 	 4.86 	1
 1.64 	 4.47 	 4.90   	1
 1.64  	 3.87 	 5.96 	1
 1.64  	 3.99 	 4.51 	1
 1.64  	 4.06 	 5.38 	1
 1.64  	 4.09 	 5.22  	1
 1.64  	 4.11  	 5.07  	1
 1.64  	 4.12 	 5.46 	1
 1.64  	 4.14  	 5.17  	1
 1.64  	 4.16 	 4.81 	0
 1.65	 3.94	 5.27	2
 1.65 	 3.49 	 6.25 	0
 1.65 	 3.53 	 6.18 	0
 1.65 	 3.54 	 5.79 	2
 1.65 	 3.58 	 5.64 	2
 1.65 	 3.59 	 5.90 	1
 1.65 	 3.63 	 5.88 	0
 1.65 	 3.63 	 5.15 	2
 1.65 	 3.64 	 5.75 	1
 1.65 	 3.64 	 5.74 	0
 1.65 	 3.65 	 6.05 	1
 1.65 	 3.67 	 5.54 	0
 1.65 	 3.67 	 5.63 	1
 1.65 	 3.68 	 5.43 	0
 1.65 	 3.69 	 5.30 	1
 1.65 	 3.71 	 5.44 	1
 1.65 	 3.71 	 4.82 	1
 1.65 	 3.72 	 6.05 	0
 1.65 	 3.72 	 5.86 	0
 1.65 	 3.73 	 5.92 	1
 1.65 	 3.75 	 5.61 	2
 1.65 	 3.76 	 5.66 	0
 1.65 	 3.76 	 4.89 	0
 1.65 	 3.77 	 5.78 	1
 1.65 	 3.77 	 5.49 	1
 1.65 	 3.77 	 5.23 	2
 1.65 	 3.78 	 5.91 	0
 1.65 	 3.79 	 5.91  	0
 1.65 	 3.79 	 4.80 	1
 1.65 	 3.81 	 6.00 	2
 1.65 	 3.81 	 5.90 	1
 1.65 	 3.81 	 5.22 	1
 1.65 	 3.81 	 5.33 	1
 1.65 	 3.82 	 6.00 	0
 1.65 	 3.82 	 4.86 	1
 1.65 	 3.82 	 5.42 	1
 1.65 	 3.83 	 5.89 	0
 1.65 	 3.83 	 4.96 	1
 1.65 	 3.84 	 5.57 	1
 1.65 	 3.84 	 5.05 	1
 1.65 	 3.84 	 5.08 	0
 1.65 	 3.84 	 5.27 	1
 1.65 	 3.86 	 5.56 	0
 1.65 	 3.86 	 5.71 	2
 1.65 	 3.86 	 5.26 	1
 1.65 	 3.87 	 5.03 	1
 1.65 	 3.88 	 4.68 	0
 1.65 	 3.88 	 4.86 	0
 1.65 	 3.89 	 5.80  	1
 1.65 	 3.89 	 5.76 	2
 1.65 	 3.89 	 5.45 	2
 1.65 	 3.89 	 5.56 	2
 1.65 	 3.89 	 5.32 	1
 1.65 	 3.91 	 5.73 	2
 1.65 	 3.91 	 5.64 	1
 1.65 	 3.91 	 5.42 	1
 1.65 	 3.92 	 4.64 	1
 1.65 	 3.92 	 5.44 	0
 1.65 	 3.93 	 5.56 	0
 1.65 	 3.93 	 4.93 	0
 1.65 	 3.93 	 5.06 	0
 1.65 	 3.94 	 4.56  	2
 1.65 	 3.94 	 5.15 	1
 1.65 	 3.95 	 5.28 	1
 1.65 	 3.95 	 4.77 	1
 1.65 	 3.96 	 5.26 	1
 1.65 	 3.97 	 5.05 	1
 1.65 	 3.97  	 5.36 	0
 1.65 	 3.98 	 5.18 	1
 1.65 	 3.99 	 5.36 	1
 1.65 	 3.99 	 4.76  	1
 1.65 	 4.00	 5.34 	0
 1.65 	 4.00 	 5.27 	1
 1.65 	 4.00 	 5.58 	0
 1.65 	 4.01 	 5.57 	0
 1.65 	 4.01 	 5.11 	1
 1.65 	 4.03 	 5.51 	1
 1.65 	 4.03 	 4.57 	1
 1.65 	 4.04 	 5.46 	1
 1.65 	 4.04 	 4.46 	0
 1.65 	 4.05 	 4.76 	1
 1.65 	 4.05 	 4.99 	1
 1.65 	 4.05 	 4.53 	1
 1.65 	 4.05 	 5.19 	1
 1.65 	 4.06 	 5.39 	1
 1.65 	 4.06 	 5.14 	1
 1.65 	 4.06 	 4.86 	2
 1.65 	 4.07 	 5.07 	0
 1.65 	 4.07 	 5.30 	1
 1.65 	 4.08 	 5.10 	1
 1.65 	 4.09 	 5.27 	1
 1.65 	 4.09 	 5.22 	1
 1.65 	 4.10	 5.31 	1
 1.65 	 4.10 	 5.45 	1
 1.65 	 4.10 	 5.27 	1
 1.65 	 4.10 	 5.47 	1
 1.65 	 4.10 	 5.02 	0
 1.65 	 4.10 	 5.19 	0
 1.65 	 4.10 	 4.57 	1
 1.65 	 4.11 	 5.06 	1
 1.65 	 4.11 	 5.10  	1
 1.65 	 4.11 	 5.22 	1
 1.65 	 4.13 	 4.99 	1
 1.65 	 4.13 	 4.93 	2
 1.65 	 4.14 	 5.21 	1
 1.65 	 4.14 	 4.72 	1
 1.65 	 4.15 	 5.18 	1
 1.65 	 4.15 	 5.31 	1
 1.65 	 4.15 	 5.05 	2
 1.65 	 4.15 	 5.04 	0
 1.65 	 4.18 	 4.98 	1
 1.65 	 4.19 	 5.00 	1
 1.65 	 4.19 	 5.16 	1
 1.65 	 4.20 	 5.03 	1
 1.65 	 4.24 	 5.06 	1
 1.65 	 4.24 	 4.31 	0
 1.65 	 4.26 	 4.99 	1
 1.65 	 4.30 	 4.60 	0
 1.65 	 4.33 	 4.64 	0
 1.65 	 4.38 	 4.85  	1
 1.65 	 4.40 	 4.43  	1
 1.65 	 4.43 	 4.70 	0
 1.65 	 4.58 	 4.75 	2
 1.65  	 3.70  	 5.87  	1
 1.65  	 3.81 	 6.02	1
 1.65  	 3.84  	 5.86  	1
 1.65  	 3.92 	 5.57 	1
 1.65  	 3.94  	 5.69  	1
 1.65  	 3.98  	 5.28  	2
 1.65  	 4.19  	 4.92  	1
 1.65  	 4.22 	 4.87 	1
 1.65  	 4.34  	 4.71  	1
 1.65  	 4.34  	 5.02 	1
 1.66	 3.61	 5.71	2
 1.66 	  3.57 	 6.39 	0
 1.66 	 3.42 	 6.81 	1
 1.66 	 3.42 	 5.81 	1
 1.66 	 3.52 	 6.01 	0
 1.66 	 3.53 	 6.70 	1
 1.66 	 3.56 	 5.80 	2
 1.66 	 3.57 	 5.02 	1
 1.66 	 3.58 	 5.00 	1
 1.66 	 3.58 	 5.58 	2
 1.66 	 3.61 	 6.42  	1
 1.66 	 3.61 	 5.42 	1
 1.66 	 3.61 	 5.63 	2
 1.66 	 3.62 	 5.65 	2
 1.66 	 3.64 	 5.88 	0
 1.66 	 3.65 	 5.60 	2
 1.66 	 3.65 	 5.40 	1
 1.66 	 3.67 	 5.40 	1
 1.66 	 3.68  	 5.59 	1
 1.66 	 3.70 	 5.34 	0
 1.66 	 3.70 	 5.44 	2
 1.66 	 3.72 	 5.21 	2
 1.66 	 3.72 	 4.91 	1
 1.66 	 3.73 	 5.79 	1
 1.66 	 3.73 	 5.40 	2
 1.66 	 3.73 	 5.47 	0
 1.66 	 3.75 	 5.16 	1
 1.66 	 3.76 	 5.17 	1
 1.66 	 3.77 	 5.84 	1
 1.66 	 3.77 	 5.42 	2
 1.66 	 3.77 	 5.42 	1
 1.66 	 3.77 	 5.00 	1
 1.66 	 3.78 	 5.34 	0
 1.66 	 3.78 	 5.19 	1
 1.66 	 3.79 	 5.70  	1
 1.66 	 3.79 	 5.88 	1
 1.66 	 3.79 	 5.37 	1
 1.66 	 3.80 	 4.61 	0
 1.66 	 3.81 	 5.90 	1
 1.66 	 3.81 	 4.90 	1
 1.66 	 3.81 	 4.99 	1
 1.66 	 3.82 	 5.62 	1
 1.66 	 3.82 	 5.68 	1
 1.66 	 3.82 	 5.13 	1
 1.66 	 3.82 	 5.25 	1
 1.66 	 3.83 	 5.61  	0
 1.66 	 3.83 	 5.44 	2
 1.66 	 3.84 	 5.51 	1
 1.66 	 3.84 	 5.08 	1
 1.66 	 3.84 	 5.57 	0
 1.66 	 3.85 	 5.55 	1
 1.66 	 3.85 	 5.42 	1
 1.66 	 3.85 	 5.20 	1
 1.66 	 3.86 	 5.61  	1
 1.66 	 3.86 	 4.62 	1
 1.66 	 3.86 	 5.21 	2
 1.66 	 3.87 	 5.29 	2
 1.66 	 3.87 	 5.33 	0
 1.66 	 3.87 	 5.25 	1
 1.66 	 3.87 	 5.68 	1
 1.66 	 3.87 	 5.01 	2
 1.66 	 3.88 	 5.60 	1
 1.66 	 3.88 	 5.38 	2
 1.66 	 3.88 	 5.19 	0
 1.66 	 3.89 	 5.23 	2
 1.66 	 3.89 	 5.14 	1
 1.66 	 3.90 	 5.30 	1
 1.66 	 3.90 	 5.31 	1
 1.66 	 3.90 	 4.33 	2
 1.66 	 3.90 	 4.79 	1
 1.66 	 3.91 	 4.47 	0
 1.66 	 3.91 	 4.69 	0
 1.66 	 3.91 	 4.74  	1
 1.66 	 3.91 	 4.46 	1
 1.66 	 3.92 	 5.07	1
 1.66 	 3.93 	 5.16 	1
 1.66 	 3.94 	 5.54  	2
 1.66 	 3.94 	 5.16 	0
 1.66 	 3.94  	 5.46 	1
 1.66 	 3.95 	 5.36 	1
 1.66 	 3.95 	 5.51 	2
 1.66 	 3.95 	 5.08 	1
 1.66 	 3.96 	 5.38 	1
 1.66 	 3.96 	 4.93 	1
 1.66 	 3.97 	 5.55 	2
 1.66 	 3.97 	 5.14 	2
 1.66 	 3.97 	 4.37 	0
 1.66 	 3.97  	 5.50 	1
 1.66 	 3.98 	 4.95 	1
 1.66 	 3.99 	 5.20 	1
 1.66 	 3.99 	 4.85 	1
 1.66 	 4.00 	 4.95 	1
 1.66 	 4.00 	 4.87 	1
 1.66 	 4.01  	 5.35  	0
 1.66 	 4.02 	 5.40 	1
 1.66 	 4.02 	 5.43 	2
 1.66 	 4.02 	 5.30 	2
 1.66 	 4.02 	 5.10 	1
 1.66 	 4.02 	 4.45 	0
 1.66 	 4.03 	 5.41 	1
 1.66 	 4.03 	 4.67 	0
 1.66 	 4.04 	 5.49 	0
 1.66 	 4.07 	 5.01 	2
 1.66 	 4.07  	 4.82  	0
 1.66 	 4.08 	 4.76 	2
 1.66 	 4.10 	 5.25 	2
 1.66 	 4.11 	 5.42  	2
 1.66 	 4.11 	 4.85  	1
 1.66 	 4.11 	 5.18 	1
 1.66 	 4.16 	 4.95 	0
 1.66 	 4.16 	 4.73 	1
 1.66 	 4.20 	 4.90 	0
 1.66 	 4.20 	 4.44 	0
 1.66 	 4.21 	 4.68 	1
 1.66 	 4.23 	 4.13 	1
 1.66 	 4.23 	 4.68 	1
 1.66 	 4.24 	 5.05 	1
 1.66 	 4.24 	 4.83 	1
 1.66 	 4.24  	 5.04 	1
 1.66 	 4.25 	 4.80 	0
 1.66 	 4.26 	 4.83 	1
 1.66 	 4.27 	 4.87 	0
 1.66 	 4.27 	 4.76 	2
 1.66 	 4.27 	 4.32 	2
 1.66 	 4.27  	 4.90  	1
 1.66 	 4.29 	 4.95  	1
 1.66 	 4.32 	 4.67 	1
 1.66 	 4.33 	 4.84 	1
 1.66 	 4.41 	 4.37 	1
 1.66 	 4.47 	 4.72 	0
 1.66  	  3.62 	 5.99 	0
 1.66  	  4.03  	 5.00  	1
 1.66  	 3.75 	 5.13 	0
 1.66  	 3.83 	 5.56 	0
 1.66  	 3.97  	 5.44   	1
 1.66  	 4.00 	 5.17 	1
 1.66  	 4.27 	 4.92 	1
 1.66   	 4.05 	 5.21 	1
 1.67 	 3.29 	 6.57 	1
 1.67 	 3.44 	 5.76 	0
 1.67 	 3.49 	 6.63 	1
 1.67 	 3.54 	 5.48 	1
 1.67 	 3.55 	 5.65 	1
 1.67 	 3.55 	 5.62 	1
 1.67 	 3.56 	 6.18 	1
 1.67 	 3.56 	 6.14 	1
 1.67 	 3.56 	 5.48 	1
 1.67 	 3.56 	 5.81 	1
 1.67 	 3.57 	 5.62 	1
 1.67 	 3.60 	 5.79 	1
 1.67 	 3.63 	 5.52 	1
 1.67 	 3.64 	 4.92 	1
 1.67 	 3.64 	 5.40 	2
 1.67 	 3.65 	 5.42 	1
 1.67 	 3.66 	 6.30 	0
 1.67 	 3.66 	 6.00 	1
 1.67 	 3.66 	 5.57 	1
 1.67 	 3.67 	 4.74 	1
 1.67 	 3.67 	 4.80 	2
 1.67 	 3.68 	 5.59 	1
 1.67 	 3.68 	 5.27 	2
 1.67 	 3.69 	 5.31 	1
 1.67 	 3.70 	 5.64 	1
 1.67 	 3.70 	 5.72 	1
 1.67 	 3.70 	 5.34 	1
 1.67 	 3.70 	 5.42 	1
 1.67 	 3.72 	 5.55   	0
 1.67 	 3.72 	 5.02 	2
 1.67 	 3.72 	 5.29 	0
 1.67 	 3.72 	 5.31 	1
 1.67 	 3.73 	 5.29  	2
 1.67 	 3.73 	 5.29  	1
 1.67 	 3.73 	 4.83 	1
 1.67 	 3.73 	 4.85 	1
 1.67 	 3.74 	 5.58 	0
 1.67 	 3.74 	 5.47 	1
 1.67 	 3.74 	 5.20 	1
 1.67 	 3.74 	 5.82 	0
 1.67 	 3.74 	 5.15 	2
 1.67 	 3.74 	 5.08 	0
 1.67 	 3.75 	 5.80 	0
 1.67 	 3.75 	 5.82 	1
 1.67 	 3.75  	 5.36 	1
 1.67 	 3.76 	 5.89 	2
 1.67 	 3.76 	 4.81 	1
 1.67 	 3.77 	 5.18 	2
 1.67 	 3.78 	 5.44 	0
 1.67 	 3.78 	 5.45 	0
 1.67 	 3.79 	 5.21 	2
 1.67 	 3.79 	 5.56 	0
 1.67 	 3.79 	 4.72 	1
 1.67 	 3.79  	 4.64  	0
 1.67 	 3.80 	 4.56 	1
 1.67 	 3.80 	 5.17 	2
 1.67 	 3.80 	 5.11 	0
 1.67 	 3.81 	 5.38 	2
 1.67 	 3.81 	 5.19 	0
 1.67 	 3.81 	 5.17 	1
 1.67 	 3.82 	 5.68 	1
 1.67 	 3.83 	 5.75 	1
 1.67 	 3.83 	 5.03 	1
 1.67 	 3.85 	 4.86  	1
 1.67 	 3.85  	 5.58 	1
 1.67 	 3.86 	 5.34 	1
 1.67 	 3.86 	 4.43 	0
 1.67 	 3.87 	 5.04 	1
 1.67 	 3.87 	 5.05 	0
 1.67 	 3.87 	 5.09 	1
 1.67 	 3.87  	 4.70 	1
 1.67 	 3.88 	 4.63 	2
 1.67 	 3.88 	 4.56 	0
 1.67 	 3.89 	 4.75 	2
 1.67 	 3.89 	 4.72 	2
 1.67 	 3.91 	 5.28 	1
 1.67 	 3.91 	 4.47 	1
 1.67 	 3.91 	 4.45 	1
 1.67 	 3.91 	 4.76 	2
 1.67 	 3.92 	 5.37 	0
 1.67 	 3.92 	 5.04 	0
 1.67 	 3.92 	 4.97 	2
 1.67 	 3.93 	 5.28 	2
 1.67 	 3.93 	 4.90 	1
 1.67 	 3.94 	 5.50 	1
 1.67 	 3.94 	 4.68 	2
 1.67 	 3.95 	 5.30  	1
 1.67 	 3.95 	 5.14 	1
 1.67 	 3.96 	 5.08 	2
 1.67 	 3.96 	 4.84 	2
 1.67 	 3.96 	 4.85 	1
 1.67 	 3.97 	 5.25 	1
 1.67 	 3.97 	 4.31 	1
 1.67 	 3.97 	 4.98  	1
 1.67 	 3.97  	 5.47 	2
 1.67 	 3.98 	 4.51 	0
 1.67 	 3.98 	 4.80 	1
 1.67 	 3.99 	 5.25 	1
 1.67 	 4.00 	 5.06 	1
 1.67 	 4.00 	 4.53 	1
 1.67 	 4.01 	 5.41 	1
 1.67 	 4.02 	 4.99 	0
 1.67 	 4.02 	 4.71 	2
 1.67 	 4.03 	 5.14 	1
 1.67 	 4.03  	 5.30  	2
 1.67 	 4.03  	 5.01 	2
 1.67 	 4.04 	 4.75 	2
 1.67 	 4.04  	 5.01 	1
 1.67 	 4.05 	 5.24 	1
 1.67 	 4.06	 5.28  	1
 1.67 	 4.06 	 4.65 	1
 1.67 	 4.07   	 5.14  	0
 1.67 	 4.08 	 4.96 	1
 1.67 	 4.09 	 4.85 	1
 1.67 	 4.09 	 5.01 	1
 1.67 	 4.09 	 4.49 	2
 1.67 	 4.10 	 5.08 	0
 1.67 	 4.10 	 5.04 	1
 1.67 	 4.10 	 4.77 	1
 1.67 	 4.11 	 5.05  	1
 1.67 	 4.13 	 4.56 	1
 1.67 	 4.13 	 4.92 	1
 1.67 	 4.13   	 5.17  	0
 1.67 	 4.17 	 5.16 	1
 1.67 	 4.19 	 5.04 	2
 1.67 	 4.22 	 4.51 	1
 1.67 	 4.22 	 4.84  	0
 1.67 	 4.23 	 4.85 	1
 1.67 	 4.24 	 4.78 	0
 1.67 	 4.26 	 4.97 	1
 1.67 	 4.27 	 4.06 	1
 1.67 	 4.29 	 4.57 	1
 1.67 	 4.31 	 4.78  	0
 1.67 	 4.32 	 4.79 	1
 1.67 	 4.33 	 4.63 	1
 1.67 	 4.34 	 4.63 	2
 1.67 	 4.42 	 4.72 	1
 1.67 	 4.42 	 4.46 	1
 1.67 	 4.54 	 4.50 	1
 1.67 	 4.62 	 4.58 	2
 1.67  	 3.51 	 6.60 	1
 1.67  	 3.60 	 5.58 	1
 1.67  	 3.64 	 5.60 	0
 1.67  	 3.82   	 5.71  	1
 1.67  	 3.88 	 5.48  	2
 1.67  	 3.92  	 5.68  	2
 1.67  	 3.94  	 5.43  	1
 1.67  	 3.94  	 5.31 	0
 1.67  	 4.04  	 5.35  	1
 1.67  	 4.16  	 4.83  	2
 1.67  	 4.28  	 4.97  	0
 1.68 	 3.3 	 5.80 	2
 1.68 	 3.42 	 6.38 	2
 1.68 	 3.43 	 6.76 	0
 1.68 	 3.43  	 6.54 	1
 1.68 	 3.48 	 6.44 	0
 1.68 	 3.51 	 5.45 	2
 1.68 	 3.54 	 5.37 	0
 1.68 	 3.55 	 5.31 	1
 1.68 	 3.56 	 5.89 	2
 1.68 	 3.57 	 5.62 	1
 1.68 	 3.57 	 5.50 	1
 1.68 	 3.58 	 5.49 	0
 1.68 	 3.59 	 5.41 	1
 1.68 	 3.60 	 5.38 	1
 1.68 	 3.60 	 5.77 	1
 1.68 	 3.62 	 4.89 	0
 1.68 	 3.63 	 5.03 	1
 1.68 	 3.64 	 6.10 	1
 1.68 	 3.65 	 5.95 	0
 1.68 	 3.65 	 5.71 	1
 1.68 	 3.65 	 5.80 	2
 1.68 	 3.67 	 5.97 	0
 1.68 	 3.67 	 5.30  	0
 1.68 	 3.67 	 5.08 	1
 1.68 	 3.68 	 5.94 	1
 1.68 	 3.69 	 5.27 	2
 1.68 	 3.70 	 5.59 	2
 1.68 	 3.70 	 5.25 	1
 1.68 	 3.71  	 5.93  	1
 1.68 	 3.72 	 5.58 	1
 1.68 	 3.72 	 5.58 	1
 1.68 	 3.72 	 5.76 	1
 1.68 	 3.72 	 4.58 	2
 1.68 	 3.73 	 4.65 	1
 1.68 	 3.74 	 5.59 	1
 1.68 	 3.74 	 5.48 	1
 1.68 	 3.74 	 5.13 	2
 1.68 	 3.75 	 5.23 	1
 1.68 	 3.76 	 5.62 	1
 1.68 	 3.76 	 5.20 	1
 1.68 	 3.76 	 5.36 	2
 1.68 	 3.77 	 5.56 	1
 1.68 	 3.77 	 5.67  	1
 1.68 	 3.77 	 5.36 	1
 1.68 	 3.79 	 5.04 	0
 1.68 	 3.79 	 5.41 	2
 1.68 	 3.79 	 5.28 	1
 1.68 	 3.80 	 5.39  	0
 1.68 	 3.80 	 5.65 	0
 1.68 	 3.80 	 4.56 	1
 1.68 	 3.81 	 4.66 	1
 1.68 	 3.81 	 5.25 	1
 1.68 	 3.81 	 5.47 	1
 1.68 	 3.81 	 4.64 	1
 1.68 	 3.82 	 5.40  	1
 1.68 	 3.82 	 4.42 	0
 1.68 	 3.82 	 4.66 	0
 1.68 	 3.82 	 5.01 	1
 1.68 	 3.82 	 4.99 	1
 1.68 	 3.84 	 5.12 	1
 1.68 	 3.84 	 4.60 	2
 1.68 	 3.84 	 4.48 	1
 1.68 	 3.84 	 5.22 	1
 1.68 	 3.84 	 5.42 	1
 1.68 	 3.86 	 5.20 	2
 1.68 	 3.86 	 4.88 	2
 1.68 	 3.88 	 5.44 	2
 1.68 	 3.88 	 4.44 	1
 1.68 	 3.88 	 5.04 	0
 1.68 	 3.89 	 5.32 	0
 1.68 	 3.90 	 4.34 	1
 1.68 	 3.90  	 5.36 	1
 1.68 	 3.91 	 5.13 	0
 1.68 	 3.91 	 5.03 	1
 1.68 	 3.92 	 4.99 	1
 1.68 	 3.92 	 4.57 	2
 1.68 	 3.92 	 5.05 	1
 1.68 	 3.92 	 4.59 	0
 1.68 	 3.93 	 5.27 	0
 1.68 	 3.93 	 5.32 	1
 1.68 	 3.93 	 4.33 	0
 1.68 	 3.93 	 4.82 	0
 1.68 	 3.94 	 4.67 	1
 1.68 	 3.95  	 4.41 	1
 1.68 	 3.96 	 4.77 	1
 1.68 	 3.96 	 5.03 	1
 1.68 	 3.97 	 4.65 	1
 1.68 	 3.98 	 5.04 	1
 1.68 	 3.98 	 5.04 	1
 1.68 	 3.99 	 4.92 	1
 1.68 	 3.99  	 4.75 	1
 1.68 	 4.01 	 5.28 	1
 1.68 	 4.01 	 4.44 	0
 1.68 	 4.02 	 4.90 	0
 1.68 	 4.02 	 4.89 	1
 1.68 	 4.02  	 4.86 	0
 1.68 	 4.04 	 4.94 	0
 1.68 	 4.05 	 5.06  	0
 1.68 	 4.05 	 4.93 	0
 1.68 	 4.05 	 4.98 	1
 1.68 	 4.06 	 4.86 	0
 1.68 	 4.07 	 4.86 	1
 1.68 	 4.07 	 4.91 	2
 1.68 	 4.08 	 4.92 	1
 1.68 	 4.08 	 5.07 	1
 1.68 	 4.10 	 4.72 	1
 1.68 	 4.11 	 4.38 	1
 1.68 	 4.11 	 4.76 	1
 1.68 	 4.12 	 4.93 	1
 1.68 	 4.12 	 4.87 	0
 1.68 	 4.13 	 4.77 	1
 1.68 	 4.15 	 4.68 	1
 1.68 	 4.16 	 4.99 	1
 1.68 	 4.19 	 4.65 	1
 1.68 	 4.19 	 4.70 	1
 1.68 	 4.25 	 4.62 	0
 1.68 	 4.28  	 4.65 	0
 1.68 	 4.33 	 3.93 	2
 1.68 	 4.34 	 4.11 	1
 1.68 	 4.44 	 4.31 	1
 1.68 	 4.64 	 4.35 	1
 1.68  	 3.85 	 5.66  	1
 1.68  	 3.90  	 5.31 	0
 1.68  	 3.94 	 5.33  	1
 1.68  	 4.19  	 4.69  	0
 1.68  	 4.29  	  4.58   	2
 1.68  	 4.37 	 4.70 	1
 1.68  	 4.44 	 4.64  	1
 1.68   	 3.74  	 5.72  	1
 1.68    	 4.14  	 4.80  	2
 1.69 	 3.28 	 6.84  	1
 1.69 	 3.35 	 5.99 	1
 1.69 	 3.43 	 6.41 	2
 1.69 	 3.47 	 5.62 	1
 1.69 	 3.50 	 5.69 	0
 1.69 	 3.51 	 5.74 	2
 1.69 	 3.51 	 4.88 	1
 1.69 	 3.52 	 5.71 	1
 1.69 	 3.55 	 6.04 	0
 1.69 	 3.56 	 5.43 	2
 1.69 	 3.57 	 5.52 	1
 1.69 	 3.58 	 5.22 	0
 1.69 	 3.58 	 5.28 	1
 1.69 	 3.59 	 5.46 	1
 1.69 	 3.59 	 5.81 	0
 1.69 	 3.60 	 5.17 	0
 1.69 	 3.60 	 5.63 	1
 1.69 	 3.61 	 5.40 	2
 1.69 	 3.61 	 5.24 	1
 1.69 	 3.61 	 5.53 	1
 1.69 	 3.64 	 5.71 	1
 1.69 	 3.65 	 5.56 	0
 1.69 	 3.67 	 4.65 	1
 1.69 	 3.67 	 5.21 	2
 1.69 	 3.68 	 4.82 	1
 1.69 	 3.68 	 5.21 	1
 1.69 	 3.68 	 4.95 	0
 1.69 	 3.70 	 5.83 	0
 1.69 	 3.70 	 5.12 	2
 1.69 	 3.70 	 4.97 	1
 1.69 	 3.71 	 5.57 	1
 1.69 	 3.71 	 4.61 	1
 1.69 	 3.72 	 5.21 	1
 1.69 	 3.72 	 5.41 	1
 1.69 	 3.73 	 5.69 	0
 1.69 	 3.73 	 4.79 	2
 1.69 	 3.73 	 5.10 	0
 1.69 	 3.74 	 4.79 	1
 1.69 	 3.74 	 4.86 	1
 1.69 	 3.74 	 5.11 	1
 1.69 	 3.75 	 5.55 	1
 1.69 	 3.75 	 5.11 	0
 1.69 	 3.76 	 5.60  	1
 1.69 	 3.76 	 4.87 	1
 1.69 	 3.77 	 5.03 	1
 1.69 	 3.77 	 4.95 	1
 1.69 	 3.77 	 5.13 	1
 1.69 	 3.78 	 5.44 	1
 1.69 	 3.78 	 5.05 	1
 1.69 	 3.78 	 5.32 	0
 1.69 	 3.80 	 5.24 	1
 1.69 	 3.81 	 5.33 	0
 1.69 	 3.81 	 5.05 	1
 1.69 	 3.81 	 5.40 	1
 1.69 	 3.81 	 4.63 	0
 1.69 	 3.81 	 4.70 	1
 1.69 	 3.82 	 5.51 	1
 1.69 	 3.82 	 5.27 	1
 1.69 	 3.83 	 5.02 	1
 1.69 	 3.83 	 4.97 	0
 1.69 	 3.83  	 5.22 	2
 1.69 	 3.84 	 5.36 	2
 1.69 	 3.84 	 4.48 	1
 1.69 	 3.84 	 4.41 	2
 1.69 	 3.85 	 5.44 	1
 1.69 	 3.87 	 4.98 	0
 1.69 	 3.87 	 5.24 	1
 1.69 	 3.87 	 5.04 	0
 1.69 	 3.87 	 4.84 	1
 1.69 	 3.88 	 5.26 	1
 1.69 	 3.88 	 4.85 	1
 1.69 	 3.88 	 5.18 	0
 1.69 	 3.88  	 5.15 	1
 1.69 	 3.89 	 4.64 	2
 1.69 	 3.89 	 4.66 	1
 1.69 	 3.90 	 4.55 	0
 1.69 	 3.91 	 5.00 	1
 1.69 	 3.92 	 4.94 	1
 1.69 	 3.92 	 4.83 	1
 1.69 	 3.92 	 5.04 	1
 1.69 	 3.92 	 4.86 	1
 1.69 	 3.92 	 4.54 	1
 1.69 	 3.92 	 4.78 	1
 1.69 	 3.93 	 5.17 	1
 1.69 	 3.93 	 4.96  	0
 1.69 	 3.93 	 4.86 	0
 1.69 	 3.93 	 4.98 	2
 1.69 	 3.93  	 5.26 	1
 1.69 	 3.94 	 4.32 	1
 1.69 	 3.94 	 4.68 	1
 1.69 	 3.95 	 4.93  	0
 1.69 	 3.95 	 4.90 	2
 1.69 	 3.95 	 4.96 	1
 1.69 	 3.97 	 4.78 	0
 1.69 	 3.97 	 4.71 	2
 1.69 	 3.98 	 5.05 	1
 1.69 	 3.98 	 4.88 	2
 1.69 	 3.99 	 4.90 	1
 1.69 	 4.00 	 4.21 	2
 1.69 	 4.00 	 5.05 	0
 1.69 	 4.03 	 4.93 	1
 1.69 	 4.05 	 4.79 	2
 1.69 	 4.05 	 4.85 	2
 1.69 	 4.06 	 4.82 	2
 1.69 	 4.06 	 4.73 	1
 1.69 	 4.07 	 4.81 	1
 1.69 	 4.08 	 4.27 	2
 1.69 	 4.09 	 5.08 	1
 1.69 	 4.11	 4.95 	0
 1.69 	 4.12 	 4.63 	2
 1.69 	 4.13 	 4.06 	1
 1.69 	 4.14 	 4.79  	0
 1.69 	 4.16 	 4.68 	0
 1.69 	 4.16 	 4.73 	1
 1.69 	 4.16 	 4.83 	2
 1.69 	 4.18  	 4.83  	2
 1.69 	 4.24 	 4.57 	1
 1.69 	 4.32 	 4.52 	2
 1.69 	 4.33   	 4.74 	2
 1.69 	 4.36 	 4.05 	2
 1.69 	 4.36  	 4.72 	1
 1.69 	 4.38 	 4.47 	1
 1.69  	  3.94    	 5.00  	1
 1.69  	 3.37 	 5.98 	0
 1.69  	 3.54 	 5.68 	1
 1.69  	 3.55 	 5.11 	1
 1.69  	 3.65 	 5.82 	1
 1.69  	 3.68 	 5.37 	1
 1.69  	 3.76 	 5.36 	1
 1.69  	 3.77 	 5.31 	1
 1.69  	 3.83 	 5.48 	1
 1.69  	 3.93 	 5.11 	1
 1.69  	 3.93 	 4.98 	0
 1.69  	 4.04  	 4.92 	2
 1.69  	 4.05 	 5.05 	0
 1.69  	 4.16 	 4.97 	1
 1.69  	 4.29 	 4.67 	1
 1.70	 4.01	 4.66 	1
 1.70 	 3.26 	 5.38 	1
 1.70 	 3.45 	 5.67 	2
 1.70 	 3.50 	 5.62 	2
 1.70 	 3.50 	 5.39 	0
 1.70 	 3.55  	 5.72 	2
 1.70 	 3.56 	 5.31 	1
 1.70 	 3.56 	 5.50 	1
 1.70 	 3.57 	 5.96 	0
 1.70 	 3.58 	 5.89 	0
 1.70 	 3.59 	 5.10 	0
 1.70 	 3.60 	 5.47 	2
 1.70 	 3.61 	 5.11 	1
 1.70 	 3.63 	 5.36 	2
 1.70 	 3.63 	 5.35 	0
 1.70 	 3.64 	 5.50 	0
 1.70 	 3.66 	 5.49 	2
 1.70 	 3.66 	 4.72 	2
 1.70 	 3.66 	 4.91 	1
 1.70 	 3.67 	 5.14 	1
 1.70 	 3.68 	 5.62 	1
 1.70 	 3.68 	 5.43 	0
 1.70 	 3.69 	 5.69 	0
 1.70 	 3.69 	 5.03 	1
 1.70 	 3.70 	 5.35 	1
 1.70 	 3.70 	 4.95 	2
 1.70 	 3.71 	 5.55 	1
 1.70 	 3.71 	 5.14 	1
 1.70 	 3.71 	 5.04 	0
 1.70 	 3.73 	 4.67 	1
 1.70 	 3.73 	 5.26  	0
 1.70 	 3.73 	 5.33 	1
 1.70 	 3.73 	 4.88 	0
 1.70 	 3.74 	 4.79 	1
 1.70 	 3.76 	 4.64 	1
 1.70 	 3.77 	 5.21 	0
 1.70 	 3.77 	 4.49 	1
 1.70 	 3.77 	 5.15 	1
 1.70 	 3.78 	 5.08 	0
 1.70 	 3.79 	 4.88 	1
 1.70 	 3.79 	 5.09 	0
 1.70 	 3.80 	 5.32 	1
 1.70 	 3.80 	 4.33 	1
 1.70 	 3.81 	 5.12 	1
 1.70 	 3.81 	 5.12 	1
 1.70 	 3.82 	 5.18 	1
 1.70 	 3.82 	 5.07 	1
 1.70 	 3.83 	 4.47 	1
 1.70 	 3.84 	 5.08 	1
 1.70 	 3.84 	 5.22 	0
 1.70 	 3.84 	 5.07 	0
 1.70 	 3.84 	 4.34 	1
 1.70 	 3.84 	 4.87 	1
 1.70 	 3.85 	 4.82 	1
 1.70 	 3.85 	 4.82 	1
 1.70 	 3.85 	 4.54  	1
 1.70 	 3.85 	 4.69 	0
 1.70 	 3.86 	 4.88 	2
 1.70 	 3.86 	 5.10 	1
 1.70 	 3.87 	 4.46 	1
 1.70 	 3.87 	 5.01 	1
 1.70 	 3.87 	 3.48 	1
 1.70 	 3.88 	 5.28 	0
 1.70 	 3.88 	 4.66 	1
 1.70 	 3.89  	 5.19 	1
 1.70 	 3.89  	 4.39 	1
 1.70 	 3.90 	 5.33 	2
 1.70 	 3.90 	 5.12 	1
 1.70 	 3.90 	 4.27 	1
 1.70 	 3.90 	 4.69 	1
 1.70 	 3.90 	 4.85 	1
 1.70 	 3.91 	 5.05  	1
 1.70 	 3.91 	 5.29 	1
 1.70 	 3.91 	 4.98 	1
 1.70 	 3.91 	 4.59 	0
 1.70 	 3.91 	 4.35 	1
 1.70 	 3.92 	 4.95  	0
 1.70 	 3.93 	 5.01 	1
 1.70 	 3.94 	 4.82 	1
 1.70 	 3.95 	 5.21 	0
 1.70 	 3.95 	 4.19 	1
 1.70 	 3.95  	 4.79  	2
 1.70 	 3.96 	 4.60 	0
 1.70 	 3.97 	 5.05 	1
 1.70 	 3.98 	 5.16 	1
 1.70 	 3.98 	 4.13 	1
 1.70 	 4.01 	 5.12 	0
 1.70 	 4.01 	 4.52 	1
 1.70 	 4.02 	 4.95 	1
 1.70 	 4.02 	 4.66 	1
 1.70 	 4.05 	 4.46 	0
 1.70 	 4.06 	 4.38 	1
 1.70 	 4.07 	 4.47 	1
 1.70 	 4.07 	 4.71 	0
 1.70 	 4.07 	 4.81 	1
 1.70 	 4.08 	 4.72 	0
 1.70 	 4.10 	 4.17 	1
 1.70 	 4.11	 4.93  	2
 1.70 	 4.13 	 4.81  	1
 1.70 	 4.13 	 4.46 	1
 1.70 	 4.14 	 4.89 	1
 1.70 	 4.16 	 4.55 	1
 1.70 	 4.21 	 4.42 	2
 1.70 	 4.23 	 4.68 	0
 1.70 	 4.23  	 4.80 	0
 1.70 	 4.25 	 4.32 	0
 1.70 	 4.29 	 4.74 	1
 1.70 	 4.36 	 4.22 	0
 1.70 	 4.37 	 4.64 	2
 1.70 	 4.37 	 4.35 	1
 1.70  	 3.68 	 5.42 	0
 1.70  	 3.75 	 5.47 	1
 1.70  	 3.78 	 4.30 	2
 1.70  	 3.87  	 5.25 	1
 1.70  	 3.95  	 4.84  	0
 1.70  	 3.96  	 4.85  	2
 1.70  	 4.05  	 4.93  	1
 1.70  	 4.06  	 4.90  	0
 1.70  	 4.20  	 4.48  	2
 1.70  	 4.35 	 4.53  	1
 1.70  	 4.36 	 4.53 	2
 1.70  	 4.45  	 4.33  	1
 1.70    	 3.89  	 5.02  	1
 1.71 	  3.80 	 4.50 	1
 1.71 	 3.37 	 5.32 	0
 1.71 	 3.47 	 5.33 	1
 1.71 	 3.49  	 5.49 	1
 1.71 	 3.51 	 5.49 	1
 1.71 	 3.51 	 5.49 	1
 1.71 	 3.51 	 5.41 	1
 1.71 	 3.52 	 5.32 	1
 1.71 	 3.53 	 5.33 	1
 1.71 	 3.53 	 5.36  	2
 1.71 	 3.54 	 5.90 	0
 1.71 	 3.54 	 5.23 	0
 1.71 	 3.54 	 5.12 	0
 1.71 	 3.55 	 5.26 	1
 1.71 	 3.55 	 5.22 	1
 1.71 	 3.57 	 5.17 	1
 1.71 	 3.58 	 5.54 	0
 1.71 	 3.58 	 5.11 	0
 1.71 	 3.58 	 5.44 	1
 1.71 	 3.59 	 5.71 	2
 1.71 	 3.59 	 5.42 	0
 1.71 	 3.60 	 5.27 	1
 1.71 	 3.61 	 5.82 	1
 1.71 	 3.62 	 5.04 	2
 1.71 	 3.62  	 5.06 	1
 1.71 	 3.63 	 5.21 	1
 1.71 	 3.63  	 5.15 	1
 1.71 	 3.64 	 5.03 	1
 1.71 	 3.64 	 4.95 	2
 1.71 	 3.64 	 5.09 	0
 1.71 	 3.65 	 5.12 	1
 1.71 	 3.65 	 5.16 	0
 1.71 	 3.66 	 4.97 	0
 1.71 	 3.66 	 5.06 	1
 1.71 	 3.66 	 5.04 	1
 1.71 	 3.66 	 5.18 	0
 1.71 	 3.67 	 4.44 	1
 1.71 	 3.67 	 5.04 	0
 1.71 	 3.68 	 5.58 	0
 1.71 	 3.68 	 5.63 	2
 1.71 	 3.69 	 4.93 	1
 1.71 	 3.70 	 4.97 	1
 1.71 	 3.70 	 5.39 	2
 1.71 	 3.71 	 5.27 	2
 1.71 	 3.71 	 5.01 	2
 1.71 	 3.71 	 4.83 	2
 1.71 	 3.71 	 5.09 	1
 1.71 	 3.72 	 5.20 	1
 1.71 	 3.73 	 4.67 	1
 1.71 	 3.73 	 4.87 	2
 1.71 	 3.74 	 4.42 	1
 1.71 	 3.74 	 4.88 	1
 1.71 	 3.75 	 4.90 	2
 1.71 	 3.75 	 4.94 	1
 1.71 	 3.75 	 4.45 	0
 1.71 	 3.76 	 5.10 	0
 1.71 	 3.76 	 4.72 	1
 1.71 	 3.77 	 5.24 	1
 1.71 	 3.77 	 4.96 	1
 1.71 	 3.77 	 5.00 	1
 1.71 	 3.77 	 4.89 	1
 1.71 	 3.77 	 4.79 	0
 1.71 	 3.78 	 5.05 	0
 1.71 	 3.80 	 4.30 	2
 1.71 	 3.80 	 4.25 	0
 1.71 	 3.80 	 4.82 	0
 1.71 	 3.81 	 4.89 	1
 1.71 	 3.81 	 5.07 	2
 1.71 	 3.81  	 5.08 	0
 1.71 	 3.82 	 5.00 	1
 1.71 	 3.82 	 4.98 	1
 1.71 	 3.82 	 5.00 	2
 1.71 	 3.83 	 4.77 	1
 1.71 	 3.83 	 5.04 	1
 1.71 	 3.85 	 5.20 	1
 1.71 	 3.85 	 4.68 	1
 1.71 	 3.85 	 4.69 	0
 1.71 	 3.86 	 5.20 	1
 1.71 	 3.86 	 4.47 	2
 1.71 	 3.87 	 4.93 	0
 1.71 	 3.87 	 5.08 	0
 1.71 	 3.87 	 4.85 	0
 1.71 	 3.87 	 4.29 	0
 1.71 	 3.87 	 4.83 	1
 1.71 	 3.88 	 4.84 	1
 1.71 	 3.88 	 4.47 	2
 1.71 	 3.88 	 4.49 	2
 1.71 	 3.88 	 4.67 	0
 1.71 	 3.88 	 4.65 	2
 1.71 	 3.89 	 5.07 	0
 1.71 	 3.89 	 4.98 	0
 1.71 	 3.90 	 5.13 	1
 1.71 	 3.91 	 4.98 	1
 1.71 	 3.91 	 4.74 	0
 1.71 	 3.91 	 4.88 	2
 1.71 	 3.91 	 4.56 	0
 1.71 	 3.91  	 4.62 	1
 1.71 	 3.92 	 4.26 	0
 1.71 	 3.92 	 4.68 	0
 1.71 	 3.93 	 4.93 	1
 1.71 	 3.93 	 4.43 	0
 1.71 	 3.94 	 4.24 	2
 1.71 	 3.95 	 5.02 	1
 1.71 	 3.95 	 4.82 	1
 1.71 	 3.95 	 4.35 	1
 1.71 	 3.96 	 5.05 	1
 1.71 	 3.96 	 4.78 	1
 1.71 	 3.96 	 4.81 	1
 1.71 	 3.96 	 4.58 	1
 1.71 	 3.97 	 4.57 	0
 1.71 	 3.97 	 4.60 	1
 1.71 	 3.97 	 4.60 	1
 1.71 	 3.97  	 5.18  	1
 1.71 	 3.98 	 4.22 	1
 1.71 	 3.98 	 4.07 	2
 1.71 	 3.99 	 4.75 	0
 1.71 	 4.02 	 4.59 	0
 1.71 	 4.02 	 4.67  	2
 1.71 	 4.02 	 4.64 	1
 1.71 	 4.02 	 4.02 	0
 1.71 	 4.03 	 4.62 	1
 1.71 	 4.04 	 4.71 	1
 1.71 	 4.05 	 5.00 	1
 1.71 	 4.05 	 4.70 	1
 1.71 	 4.05 	 4.52 	1
 1.71 	 4.07 	 4.90  	0
 1.71 	 4.08 	 4.79 	2
 1.71 	 4.08 	 4.39 	1
 1.71 	 4.08 	 4.34 	2
 1.71 	 4.08 	 4.63 	0
 1.71 	 4.09 	 3.95 	0
 1.71 	 4.10 	 4.75 	1
 1.71 	 4.10  	 4.56  	2
 1.71 	 4.14 	 4.35 	1
 1.71 	 4.17  	 4.44 	1
 1.71 	 4.19 	 4.38 	1
 1.71 	 4.20 	 4.33 	2
 1.71 	 4.21  	 4.28 	1
 1.71 	 4.26 	 4.56 	2
 1.71 	 4.26 	 4.41 	1
 1.71 	 4.26 	 4.46 	1
 1.71 	 4.32  	 4.54  	1
 1.71  	 3.51 	 5.99  	0
 1.71  	 3.69  	 5.38  	1
 1.71  	 3.73 	 5.30 	0
 1.71  	 3.74  	 5.43  	1
 1.71  	 3.77 	 4.72 	2
 1.71  	 3.80 	 5.03 	1
 1.71  	 3.82  	 5.21  	2
 1.71  	 3.84 	 4.97 	1
 1.71  	 3.88 	 4.58 	2
 1.71  	 3.90 	 4.67 	1
 1.71  	 4.04   	 4.81  	1
 1.71  	 4.05 	 4.87 	1
 1.72 	 3.32 	 4.98 	0
 1.72 	 3.37 	 5.53 	1
 1.72 	 3.40 	 5.16 	1
 1.72 	 3.42 	 5.18 	0
 1.72 	 3.44 	 5.58 	2
 1.72 	 3.46 	 5.36 	1
 1.72 	 3.48 	 5.33 	1
 1.72 	 3.49 	 5.28 	1
 1.72 	 3.50 	 5.02 	2
 1.72 	 3.52 	 5.03 	0
 1.72 	 3.52 	 5.27 	1
 1.72 	 3.55 	 5.57  	2
 1.72 	 3.55 	 5.30 	1
 1.72 	 3.55  	 5.32 	0
 1.72 	 3.56 	 5.18 	1
 1.72 	 3.56 	 5.59 	1
 1.72 	 3.57 	 5.39 	1
 1.72 	 3.58 	 5.17 	1
 1.72 	 3.58 	 5.43 	1
 1.72 	 3.59 	 5.54 	1
 1.72 	 3.59 	 5.46 	1
 1.72 	 3.59 	 5.08 	1
 1.72 	 3.60 	 5.29 	1
 1.72 	 3.61 	 4.61 	0
 1.72 	 3.62 	 4.50 	2
 1.72 	 3.62 	 5.25 	1
 1.72 	 3.63 	 5.25 	1
 1.72 	 3.64 	 4.74 	1
 1.72 	 3.65 	 5.12 	1
 1.72 	 3.65 	 5.08 	1
 1.72 	 3.65 	 4.96 	0
 1.72 	 3.65 	 5.25 	0
 1.72 	 3.66 	 4.86 	2
 1.72 	 3.66 	 5.27 	2
 1.72 	 3.66 	 4.92 	1
 1.72 	 3.67 	 5.45 	2
 1.72 	 3.67 	 5.39 	0
 1.72 	 3.67 	 5.21 	2
 1.72 	 3.67 	 5.21 	0
 1.72 	 3.70 	 5.10 	2
 1.72 	 3.70 	 4.86 	1
 1.72 	 3.71 	 5.32 	0
 1.72 	 3.71 	 5.05 	2
 1.72 	 3.71 	 4.33 	1
 1.72 	 3.71 	 4.72 	1
 1.72 	 3.71 	 4.84 	1
 1.72 	 3.72 	 5.34 	1
 1.72 	 3.73 	 5.26 	0
 1.72 	 3.73 	 4.34 	0
 1.72 	 3.74 	 5.27 	1
 1.72 	 3.75 	 4.97  	1
 1.72 	 3.75 	 4.76 	0
 1.72 	 3.76 	 4.90  	2
 1.72 	 3.76 	 5.20 	0
 1.72 	 3.76 	 4.18 	0
 1.72 	 3.76 	 5.08 	0
 1.72 	 3.77 	 5.09 	1
 1.72 	 3.77 	 4.44 	1
 1.72 	 3.77 	 4.52 	1
 1.72 	 3.77 	 4.82  	1
 1.72 	 3.77  	 4.74 	0
 1.72 	 3.78 	 5.15 	2
 1.72 	 3.78 	 5.05  	2
 1.72 	 3.78 	 4.84 	0
 1.72 	 3.78 	 4.79 	1
 1.72 	 3.78 	 4.74 	0
 1.72 	 3.78 	 4.55 	0
 1.72 	 3.79 	 5.22 	2
 1.72 	 3.79 	 4.89 	1
 1.72 	 3.79 	 4.87 	1
 1.72 	 3.80 	 5.05	2
 1.72 	 3.80 	 4.78 	1
 1.72 	 3.80  	 4.89  	0
 1.72 	 3.81 	 4.95 	2
 1.72 	 3.81 	 4.82 	2
 1.72 	 3.81 	 4.40 	1
 1.72 	 3.81 	 4.45 	0
 1.72 	 3.81 	 4.73 	0
 1.72 	 3.81 	 4.77 	2
 1.72 	 3.81 	 4.84 	1
 1.72 	 3.82 	 4.42 	1
 1.72 	 3.82 	 4.95 	2
 1.72 	 3.82 	 4.52 	1
 1.72 	 3.82 	 4.65 	1
 1.72 	 3.83 	 4.82 	1
 1.72 	 3.83 	 4.60 	1
 1.72 	 3.84 	 4.93 	2
 1.72 	 3.84 	 4.15 	2
 1.72 	 3.85 	 5.15 	0
 1.72 	 3.86 	 5.11 	1
 1.72 	 3.86 	 4.72 	1
 1.72 	 3.86 	 4.74 	0
 1.72 	 3.87 	 4.22 	1
 1.72 	 3.87 	 4.70  	1
 1.72 	 3.87 	 4.66 	1
 1.72 	 3.87   	 5.16 	1
 1.72 	 3.88 	 4.83 	1
 1.72 	 3.88 	 4.42 	2
 1.72 	 3.89 	 4.57 	0
 1.72 	 3.90 	 4.84 	0
 1.72 	 3.91 	 4.15 	1
 1.72 	 3.91 	 4.16 	0
 1.72 	 3.92 	 4.81 	0
 1.72 	 3.93 	 4.77 	1
 1.72 	 3.94 	 4.58 	2
 1.72 	 3.95 	 4.78 	1
 1.72 	 3.95 	 4.61 	0
 1.72 	 3.96 	 5.02 	1
 1.72 	 3.96 	 4.95 	1
 1.72 	 3.97 	 4.25 	2
 1.72 	 3.98 	 4.71 	1
 1.72 	 3.99 	 4.52 	1
 1.72 	 4.00	 4.99 	0
 1.72 	 4.00 	 4.11 	1
 1.72 	 4.01 	 4.62 	2
 1.72 	 4.01 	 4.66 	2
 1.72 	 4.02 	 4.51 	0
 1.72 	 4.05 	 4.21 	1
 1.72 	 4.07 	 4.56 	1
 1.72 	 4.07 	 4.41 	1
 1.72 	 4.09 	 4.50 	1
 1.72 	 4.10	 4.37 	1
 1.72 	 4.13 	 4.42 	1
 1.72 	 4.14 	 4.57 	1
 1.72 	 4.14 	 4.73  	2
 1.72 	 4.16  	 4.69 	1
 1.72 	 4.17 	 4.27 	0
 1.72 	 4.21 	 4.39 	1
 1.72 	 4.23 	 4.27 	1
 1.72 	 4.26 	 4.37 	1
 1.72 	 4.32 	 4.52 	0
 1.72 	 4.37 	 4.39  	0
 1.72 	 4.37 	 4.08 	0
 1.72  	 3.67 	 5.42 	2
 1.72  	 3.73  	 5.22 	2
 1.72  	 3.77 	 5.13  	1
 1.72  	 3.80 	 5.00	1
 1.72  	 3.85 	 4.84  	0
 1.72  	 4.13 	 4.47 	1
 1.73	 3.94	 4.51	0
 1.73 	 3.36 	 5.54 	2
 1.73 	 3.40 	 5.89 	1
 1.73 	 3.43 	 5.09 	2
 1.73 	 3.47 	 5.69 	1
 1.73 	 3.47 	 5.86  	1
 1.73 	 3.47 	 5.94 	1
 1.73 	 3.48 	 6.01 	1
 1.73 	 3.49 	 4.59 	1
 1.73 	 3.49 	 5.22 	1
 1.73 	 3.52 	 5.34 	1
 1.73 	 3.52 	 5.74 	1
 1.73 	 3.53  	 5.46 	0
 1.73 	 3.55 	 5.13 	2
 1.73 	 3.55 	 4.88 	0
 1.73 	 3.57 	 5.08 	0
 1.73 	 3.57 	 4.67 	0
 1.73 	 3.58 	 5.30 	1
 1.73 	 3.58 	 4.82 	2
 1.73 	 3.59 	 5.16 	1
 1.73 	 3.60 	 5.36 	2
 1.73 	 3.61 	 5.49 	1
 1.73 	 3.61 	 5.19 	0
 1.73 	 3.61 	 5.30 	0
 1.73 	 3.61 	 4.65 	2
 1.73 	 3.61 	 4.96  	2
 1.73 	 3.61 	 4.57 	1
 1.73 	 3.62  	 5.23 	2
 1.73 	 3.63 	 5.44 	1
 1.73 	 3.63 	 4.46 	1
 1.73 	 3.64 	 5.00 	0
 1.73 	 3.64 	 4.66 	2
 1.73 	 3.65 	 5.50 	0
 1.73 	 3.65 	 4.98 	1
 1.73 	 3.66 	 5.15 	0
 1.73 	 3.66 	 5.33 	1
 1.73 	 3.66 	 5.33 	1
 1.73 	 3.66 	 4.54 	1
 1.73 	 3.66 	 4.99 	1
 1.73 	 3.66 	 4.95 	1
 1.73 	 3.67 	 5.10 	0
 1.73 	 3.67 	 4.72  	1
 1.73 	 3.67 	 5.12 	1
 1.73 	 3.67 	 4.49 	0
 1.73 	 3.68 	 5.45 	0
 1.73 	 3.68 	 5.33 	0
 1.73 	 3.68 	 4.72 	0
 1.73 	 3.69 	 4.33 	2
 1.73 	 3.70 	 5.29  	2
 1.73 	 3.71 	 4.87 	0
 1.73 	 3.71 	 4.91 	0
 1.73 	 3.71 	 5.17 	0
 1.73 	 3.72 	 5.12 	1
 1.73 	 3.72 	 5.01 	1
 1.73 	 3.72 	 5.05 	1
 1.73 	 3.73 	 5.33 	0
 1.73 	 3.74 	 5.02 	0
 1.73 	 3.74 	 4.63 	1
 1.73 	 3.74 	 4.97 	2
 1.73 	 3.74 	 4.48 	1
 1.73 	 3.74 	 4.91 	1
 1.73 	 3.75 	 4.94 	2
 1.73 	 3.77 	 4.26 	2
 1.73 	 3.78 	 4.93 	2
 1.73 	 3.78 	 5.00 	1
 1.73 	 3.78 	 4.80 	0
 1.73 	 3.79 	 4.85 	0
 1.73 	 3.79 	 4.68 	1
 1.73 	 3.81 	 4.36 	0
 1.73 	 3.81 	 4.30 	2
 1.73 	 3.82 	 4.91 	1
 1.73 	 3.82 	 4.86 	1
 1.73 	 3.82 	 4.16  	2
 1.73 	 3.83 	 4.81 	0
 1.73 	 3.83 	 4.17 	2
 1.73 	 3.83 	 4.63 	0
 1.73 	 3.84 	 4.59 	2
 1.73 	 3.84 	 4.67 	1
 1.73 	 3.85 	 4.93 	1
 1.73 	 3.85 	 4.09 	1
 1.73 	 3.85 	 4.22 	2
 1.73 	 3.86 	 4.51 	1
 1.73 	 3.86 	 4.41 	1
 1.73 	 3.86 	 4.61 	1
 1.73 	 3.88 	 4.81 	1
 1.73 	 3.89 	 4.95 	1
 1.73 	 3.89 	 4.72 	2
 1.73 	 3.89 	 4.77 	2
 1.73 	 3.91 	 4.60 	1
 1.73 	 3.91 	 4.30 	0
 1.73 	 3.92 	 4.65 	0
 1.73 	 3.93 	 4.09 	1
 1.73 	 3.94 	 4.83 	1
 1.73 	 3.94 	 4.73 	1
 1.73 	 3.94 	 4.51 	1
 1.73 	 3.95 	 4.33 	0
 1.73 	 3.95 	 4.30 	1
 1.73 	 3.96 	 4.48 	1
 1.73 	 3.96 	 4.50 	1
 1.73 	 3.97 	 4.81 	1
 1.73 	 3.97 	 4.76 	2
 1.73 	 3.97 	 4.64 	1
 1.73 	 3.97 	 4.19 	2
 1.73 	 3.97  	 4.75  	1
 1.73 	 3.98 	 4.56 	0
 1.73 	 3.98 	 3.90 	0
 1.73 	 3.99 	 3.96 	0
 1.73 	 4.00 	 4.45 	1
 1.73 	 4.00 	 4.23 	0
 1.73 	 4.01 	 4.58 	2
 1.73 	 4.01 	 4.55 	2
 1.73 	 4.02 	 4.64 	0
 1.73 	 4.04 	 4.31 	2
 1.73 	 4.04 	 4.42 	2
 1.73 	 4.11 	 4.13 	2
 1.73 	 4.17 	 3.85 	0
 1.73  	 3.49 	 5.63 	1
 1.73  	 3.64  	 5.00	2
 1.73  	 3.88 	 4.91  	0
 1.73  	 3.89 	 4.76 	1
 1.73  	 3.91 	 4.99 	2
 1.73  	 3.91 	 4.92 	2
 1.73  	 3.91  	 4.66  	1
 1.73  	 3.93 	 4.30 	0
 1.73  	 3.94 	 4.33 	1
 1.73  	 3.96 	 4.93 	0
 1.73  	 4.00 	 4.48 	0
 1.73  	 4.01 	 4.35 	0
 1.73  	 4.01  	 4.66 	1
 1.73  	 4.02  	 4.71  	1
 1.73  	 4.07 	 4.80 	1
 1.73  	 4.07 	 4.42  	1
 1.73  	 4.14 	 4.44 	1
 1.73  	 4.14  	 4.38  	0
 1.73  	 4.15  	 4.33  	1
 1.73  	 4.19 	 4.63 	1
 1.73  	 4.21 	 4.52 	1
 1.73   	 3.95   	 4.87  	1
 1.74	 3.79 	 4.73 	1
 1.74 	 2.83 	 4.88 	1
 1.74 	 3.34 	 5.43 	0
 1.74 	 3.35 	 5.26 	1
 1.74 	 3.38 	 5.29 	0
 1.74 	 3.40 	 5.23 	0
 1.74 	 3.40 	 5.36  	1
 1.74 	 3.43 	 5.29 	1
 1.74 	 3.45 	 5.15 	0
 1.74 	 3.46 	 4.95 	1
 1.74 	 3.46 	 5.14 	1
 1.74 	 3.47 	 5.57 	2
 1.74 	 3.48 	 5.86 	1
 1.74 	 3.50 	 5.11 	1
 1.74 	 3.51 	 5.17 	2
 1.74 	 3.52 	 5.28 	1
 1.74 	 3.53 	 4.74 	2
 1.74 	 3.53 	 4.80 	2
 1.74 	 3.54 	 5.30 	1
 1.74 	 3.55 	 5.57 	1
 1.74 	 3.55 	 5.27 	1
 1.74 	 3.55 	 4.83 	1
 1.74 	 3.55 	 4.90 	1
 1.74 	 3.57 	 5.46 	0
 1.74 	 3.57 	 4.97 	1
 1.74 	 3.57  	 5.43 	0
 1.74 	 3.58 	 5.36 	1
 1.74 	 3.58 	 4.86 	1
 1.74 	 3.58  	 5.34 	0
 1.74 	 3.59 	 4.50 	1
 1.74 	 3.60 	 5.15 	1
 1.74 	 3.60 	 4.85 	1
 1.74 	 3.61 	 4.41 	1
 1.74 	 3.61 	 4.58 	1
 1.74 	 3.61 	 4.96 	1
 1.74 	 3.61 	 4.72 	2
 1.74 	 3.61  	 5.05 	0
 1.74 	 3.62 	 5.23 	2
 1.74 	 3.62 	 4.76 	1
 1.74 	 3.62 	 5.14 	1
 1.74 	 3.62 	 4.95 	1
 1.74 	 3.63 	 5.33 	0
 1.74 	 3.63 	 5.15 	2
 1.74 	 3.63  	 5.26 	0
 1.74 	 3.64 	 4.82 	1
 1.74 	 3.64 	 4.86 	1
 1.74 	 3.64  	 5.09 	2
 1.74 	 3.65 	 5.00 	2
 1.74 	 3.66 	 5.00 	1
 1.74 	 3.67  	 5.04 	0
 1.74 	 3.68 	 4.87 	0
 1.74 	 3.69 	 5.17 	0
 1.74 	 3.69 	 4.89 	0
 1.74 	 3.69 	 4.72 	1
 1.74 	 3.69 	 4.60 	0
 1.74 	 3.69 	 4.75 	1
 1.74 	 3.70 	 5.25  	2
 1.74 	 3.70 	 4.26 	1
 1.74 	 3.70 	 4.81 	1
 1.74 	 3.70 	 4.93 	1
 1.74 	 3.70 	 4.80 	1
 1.74 	 3.71 	 5.00 	1
 1.74 	 3.71 	 4.25 	1
 1.74 	 3.71 	 4.54 	1
 1.74 	 3.72 	 4.49 	0
 1.74 	 3.72 	 4.68 	1
 1.74 	 3.73 	 4.90 	2
 1.74 	 3.73 	 4.43 	1
 1.74 	 3.74 	 4.76 	0
 1.74 	 3.75 	 5.04 	0
 1.74 	 3.75 	 4.77  	1
 1.74 	 3.75 	 4.21 	0
 1.74 	 3.75  	 4.83 	1
 1.74 	 3.76 	 5.00 	1
 1.74 	 3.76 	 5.00 	1
 1.74 	 3.76 	 4.68 	1
 1.74 	 3.76 	 4.66 	2
 1.74 	 3.76 	 4.66 	2
 1.74 	 3.77 	 4.64 	2
 1.74 	 3.77 	 4.86  	1
 1.74 	 3.77 	 4.61 	1
 1.74 	 3.77 	 4.62 	1
 1.74 	 3.77 	 4.51 	1
 1.74 	 3.78 	 4.58 	1
 1.74 	 3.78 	 4.68 	1
 1.74 	 3.79 	 5.18 	1
 1.74 	 3.79 	 5.05 	1
 1.74 	 3.79 	 4.64 	1
 1.74 	 3.79 	 4.35 	2
 1.74 	 3.80 	 4.82 	0
 1.74 	 3.80 	 4.84 	1
 1.74 	 3.81 	 4.59 	1
 1.74 	 3.82 	 4.60 	0
 1.74 	 3.82 	 4.53 	0
 1.74 	 3.84 	 4.88 	1
 1.74 	 3.84 	 4.72 	2
 1.74 	 3.85 	 5.10 	0
 1.74 	 3.85 	 4.89 	2
 1.74 	 3.85 	 4.78 	1
 1.74 	 3.86 	 5.02 	1
 1.74 	 3.86 	 4.58 	1
 1.74 	 3.86 	 4.82 	1
 1.74 	 3.86 	 4.56 	0
 1.74 	 3.86 	 4.29 	1
 1.74 	 3.86 	 4.45 	0
 1.74 	 3.87 	 4.65 	1
 1.74 	 3.87 	 4.51 	0
 1.74 	 3.87 	 4.36 	1
 1.74 	 3.87 	 4.57 	1
 1.74 	 3.87  	 4.42 	0
 1.74 	 3.88 	 4.93  	2
 1.74 	 3.88 	 4.60 	1
 1.74 	 3.89 	 4.20 	0
 1.74 	 3.89  	 4.29 	1
 1.74 	 3.90 	 4.73 	0
 1.74 	 3.91 	 4.69 	1
 1.74 	 3.92 	 4.68 	2
 1.74 	 3.92  	 4.46 	1
 1.74 	 3.93 	 4.84 	1
 1.74 	 3.94 	 4.51 	1
 1.74 	 3.95 	 4.61 	1
 1.74 	 3.95 	 4.56 	1
 1.74 	 3.96 	 4.41 	1
 1.74 	 3.98 	 4.71 	1
 1.74 	 3.98 	 4.61 	2
 1.74 	 3.99 	 3.90 	2
 1.74 	 3.99  	 4.68 	2
 1.74 	 4.01	 4.69 	0
 1.74 	 4.01 	 4.33 	1
 1.74 	 4.02 	 4.53 	0
 1.74 	 4.02 	 4.49 	0
 1.74 	 4.03 	 4.69 	1
 1.74 	 4.03  	 4.70   	0
 1.74 	 4.04 	 4.60 	1
 1.74 	 4.04 	 4.39 	0
 1.74 	 4.07 	 4.70 	1
 1.74 	 4.09 	 4.39 	0
 1.74 	 4.10 	 4.33 	0
 1.74 	 4.10 	 3.94 	0
 1.74 	 4.10 	 4.15 	1
 1.74 	 4.11	 4.67 	2
 1.74 	 4.11	 4.57 	2
 1.74 	 4.31 	 4.30 	1
 1.74 	 4.33 	 4.29 	1
 1.74 	 4.36 	 3.86 	1
 1.74 	 4.43 	 4.12 	2
 1.74 	 4.53 	 4.09 	1
 1.74 	 4.59  	 3.95 	1
 1.74  	 3.44 	 5.57 	2
 1.74  	 3.73 	 5.25 	1
 1.74  	 3.77 	 5.14 	0
 1.74  	 3.78  	 4.81  	2
 1.74  	 3.87  	 4.63  	1
 1.74  	 4.02  	 4.46  	0
 1.74   	 4.10  	 4.38  	0
 1.75 	 3.33 	 5.09 	1
 1.75 	 3.34 	 5.05 	1
 1.75 	 3.35 	 5.32 	0
 1.75 	 3.35  	 4.74 	0
 1.75 	 3.38 	 6.05 	1
 1.75 	 3.41 	 4.97 	0
 1.75 	 3.42 	 4.82 	0
 1.75 	 3.43 	 5.74  	0
 1.75 	 3.43  	 5.26 	1
 1.75 	 3.48 	 4.83 	1
 1.75 	 3.50 	 5.48 	1
 1.75 	 3.50 	 4.91 	1
 1.75 	 3.50 	 5.06 	2
 1.75 	 3.54 	 5.15 	1
 1.75 	 3.54 	 4.84 	0
 1.75 	 3.55 	 5.46  	0
 1.75 	 3.56 	 4.89 	2
 1.75 	 3.56 	 4.68 	0
 1.75 	 3.56  	 5.34 	2
 1.75 	 3.59 	 4.73 	2
 1.75 	 3.59 	 5.10 	1
 1.75 	 3.59  	 4.92 	1
 1.75 	 3.61 	 4.95 	0
 1.75 	 3.61 	 4.34 	1
 1.75 	 3.61 	 4.83 	1
 1.75 	 3.62 	 5.14 	1
 1.75 	 3.63 	 4.84 	1
 1.75 	 3.63 	 4.84 	1
 1.75 	 3.64 	 4.90 	1
 1.75 	 3.64 	 4.58 	1
 1.75 	 3.65 	 4.88 	1
 1.75 	 3.65 	 4.76 	1
 1.75 	 3.66 	 4.94 	0
 1.75 	 3.66 	 4.19 	2
 1.75 	 3.67 	 4.29  	2
 1.75 	 3.67 	 4.55 	1
 1.75 	 3.68 	 4.97 	1
 1.75 	 3.68 	 4.78 	1
 1.75 	 3.68 	 4.68 	0
 1.75 	 3.69 	 4.78 	0
 1.75 	 3.69  	 4.63 	1
 1.75 	 3.70 	 4.94 	1
 1.75 	 3.70 	 4.47 	1
 1.75 	 3.71 	 4.85 	0
 1.75 	 3.71 	 4.43 	2
 1.75 	 3.71 	 4.41 	1
 1.75 	 3.71 	 4.14 	0
 1.75 	 3.71 	 4.88 	1
 1.75 	 3.71 	 4.37 	1
 1.75 	 3.71 	 4.73 	2
 1.75 	 3.71 	 4.69 	2
 1.75 	 3.71   	 4.92 	1
 1.75 	 3.72 	 5.12 	1
 1.75 	 3.72  	 5.04 	0
 1.75 	 3.73 	 5.02 	1
 1.75 	 3.73 	 4.21 	1
 1.75 	 3.73 	 4.72 	1
 1.75 	 3.74 	 4.92 	0
 1.75 	 3.75 	 4.75 	0
 1.75 	 3.75 	 4.82 	0
 1.75 	 3.75 	 4.12	0
 1.75 	 3.75 	 4.11 	1
 1.75 	 3.75 	 4.63 	1
 1.75 	 3.75 	 4.64 	1
 1.75 	 3.76 	 4.97 	2
 1.75 	 3.76 	 4.87 	2
 1.75 	 3.76 	 4.13 	1
 1.75 	 3.76 	 4.67 	1
 1.75 	 3.77 	 4.54 	1
 1.75 	 3.77 	 4.59 	1
 1.75 	 3.78 	 4.36 	1
 1.75 	 3.78 	 4.10 	1
 1.75 	 3.78 	 4.61 	1
 1.75 	 3.79 	 4.69 	2
 1.75 	 3.79 	 4.25 	0
 1.75 	 3.79 	 4.31 	1
 1.75 	 3.79 	 4.54 	1
 1.75 	 3.80 	 4.92 	1
 1.75 	 3.81 	 4.60 	0
 1.75 	 3.82 	 4.29 	1
 1.75 	 3.82 	 4.49 	0
 1.75 	 3.83 	 4.41 	2
 1.75 	 3.84 	 4.79 	0
 1.75 	 3.84 	 4.59  	1
 1.75 	 3.84 	 4.71 	1
 1.75 	 3.84 	 4.73 	1
 1.75 	 3.84 	 4.56 	1
 1.75 	 3.85 	 4.54 	1
 1.75 	 3.85 	 4.63 	2
 1.75 	 3.85 	 4.79 	1
 1.75 	 3.85 	 4.03  	1
 1.75 	 3.86 	 4.85 	1
 1.75 	 3.86 	 4.78 	1
 1.75 	 3.86  	 4.76  	2
 1.75 	 3.87 	 4.79 	1
 1.75 	 3.87 	 4.31 	1
 1.75 	 3.87 	 4.75  	0
 1.75 	 3.88 	 4.56 	1
 1.75 	 3.88 	 4.64 	1
 1.75 	 3.89 	 4.46 	0
 1.75 	 3.90 	 4.62 	1
 1.75 	 3.90 	 4.51 	1
 1.75 	 3.90 	 4.49 	0
 1.75 	 3.91 	 4.58 	0
 1.75 	 3.91 	 4.58 	1
 1.75 	 3.91 	 4.10 	2
 1.75 	 3.91 	 4.41 	1
 1.75 	 3.93 	 4.60 	0
 1.75 	 3.93 	 4.40 	1
 1.75 	 3.95 	 4.32 	0
 1.75 	 3.95  	 4.48 	1
 1.75 	 3.96 	 4.75 	2
 1.75 	 3.96 	 4.13 	0
 1.75 	 3.97  	 4.55 	0
 1.75 	 3.98 	 4.75 	1
 1.75 	 3.99 	 4.68 	1
 1.75 	 3.99 	 4.03 	1
 1.75 	 4.00 	 4.66 	0
 1.75 	 4.00 	 4.08 	1
 1.75 	 4.00 	 4.34 	1
 1.75 	 4.01 	 4.69 	0
 1.75 	 4.03 	 4.64 	1
 1.75 	 4.03 	 4.34 	1
 1.75 	 4.04 	 4.26 	0
 1.75 	 4.04 	 4.38 	1
 1.75 	 4.08 	 4.53 	1
 1.75 	 4.10 	 4.37 	1
 1.75 	 4.12 	 4.53 	1
 1.75 	 4.14 	 4.27 	0
 1.75 	 4.17 	 4.10 	1
 1.75  	 3.37 	 5.58 	1
 1.75  	 3.52 	 4.93 	1
 1.75  	 3.72  	 4.83  	0
 1.75  	 3.77 	 4.89 	2
 1.75  	 3.78  	 4.72  	1
 1.75  	 3.82 	 4.51 	0
 1.75  	 3.85  	 4.80  	1
 1.75  	 3.88  	 4.58  	1
 1.75  	 3.94 	 4.41 	1
 1.75  	 3.97 	 4.63 	0
 1.75  	 4.00  	 4.44  	0
 1.75  	 4.18  	 4.39 	2
 1.75  	 4.32  	 4.15  	1
 1.75   	 3.82  	 4.83  	1
 1.76	 3.55	 4.97	1
 1.76 	 3.28 	 5.42 	0
 1.76 	 3.32 	 6.04 	0
 1.76 	 3.37 	 5.62 	1
 1.76 	 3.42 	 5.13 	1
 1.76 	 3.43 	 5.19 	0
 1.76 	 3.44 	 5.14 	1
 1.76 	 3.45 	 5.27 	1
 1.76 	 3.45 	 4.87  	2
 1.76 	 3.47 	 1.75 	0
 1.76 	 3.47 	 5.13 	0
 1.76 	 3.52 	 5.53 	0
 1.76 	 3.52 	 5.18 	1
 1.76 	 3.53 	 4.82 	2
 1.76 	 3.53 	 4.89 	1
 1.76 	 3.54 	 5.12 	0
 1.76 	 3.54 	 4.84 	1
 1.76 	 3.55 	 5.00 	0
 1.76 	 3.55 	 5.10 	1
 1.76 	 3.56 	 5.28 	2
 1.76 	 3.57 	 4.71 	1
 1.76 	 3.57 	 4.69 	0
 1.76 	 3.58 	 5.02 	2
 1.76 	 3.58 	 4.77 	1
 1.76 	 3.58 	 5.01 	2
 1.76 	 3.60 	 4.77 	2
 1.76 	 3.60 	 4.18 	2
 1.76 	 3.60 	 4.69 	2
 1.76 	 3.60 	 4.56 	2
 1.76 	 3.61 	 5.18 	1
 1.76 	 3.61 	 4.96 	0
 1.76 	 3.61 	 4.89 	1
 1.76 	 3.63 	 5.22 	1
 1.76 	 3.63 	 4.76 	0
 1.76 	 3.63 	 4.30 	0
 1.76 	 3.64 	 5.27 	1
 1.76 	 3.64 	 4.37 	1
 1.76 	 3.64 	 4.21 	0
 1.76 	 3.65 	 5.06 	0
 1.76 	 3.65 	 4.33 	2
 1.76 	 3.66 	 5.08 	1
 1.76 	 3.67 	 4.66 	1
 1.76 	 3.68 	 4.54 	1
 1.76 	 3.68 	 4.83 	0
 1.76 	 3.68 	 4.70 	0
 1.76 	 3.69 	 5.14 	0
 1.76 	 3.69 	 5.13 	1
 1.76 	 3.69 	 4.74 	2
 1.76 	 3.71 	 4.76 	0
 1.76 	 3.71 	 4.91 	1
 1.76 	 3.71 	 4.27 	1
 1.76 	 3.71 	 4.56 	2
 1.76 	 3.72 	 4.82 	2
 1.76 	 3.72 	 4.34 	1
 1.76 	 3.72 	 4.58 	1
 1.76 	 3.73 	 4.76 	2
 1.76 	 3.73 	 4.86 	1
 1.76 	 3.74 	 4.82 	2
 1.76 	 3.74 	 4.72 	0
 1.76 	 3.74 	 4.91 	0
 1.76 	 3.74 	 4.65 	0
 1.76 	 3.75 	 4.90 	1
 1.76 	 3.75 	 4.71 	1
 1.76 	 3.75 	 4.75 	2
 1.76 	 3.75 	 4.05 	1
 1.76 	 3.75 	 4.42  	0
 1.76 	 3.76 	 4.87 	1
 1.76 	 3.76 	 4.35 	1
 1.76 	 3.77 	 4.94 	1
 1.76 	 3.77 	 4.92 	0
 1.76 	 3.77 	 4.17 	1
 1.76 	 3.78 	 4.67 	0
 1.76 	 3.78 	 4.05 	1
 1.76 	 3.79 	 4.89 	2
 1.76 	 3.79 	 4.20 	1
 1.76 	 3.79 	 4.48 	1
 1.76 	 3.79  	 4.80 	1
 1.76 	 3.79  	 4.49 	2
 1.76 	 3.80 	 4.65 	1
 1.76 	 3.80 	 4.83 	0
 1.76 	 3.80 	 4.54 	1
 1.76 	 3.80  	 4.90 	1
 1.76 	 3.81 	 4.66 	2
 1.76 	 3.81 	 4.67 	1
 1.76 	 3.81 	 4.17 	1
 1.76 	 3.82 	 4.82 	2
 1.76 	 3.83 	 3.94 	2
 1.76 	 3.84 	 4.35 	1
 1.76 	 3.85 	 4.69 	1
 1.76 	 3.85 	 4.00 	2
 1.76 	 3.85 	 3.88 	0
 1.76 	 3.85 	 4.59 	1
 1.76 	 3.85  	 4.66 	0
 1.76 	 3.86 	 4.58 	2
 1.76 	 3.86 	 4.35 	1
 1.76 	 3.86  	 4.74 	1
 1.76 	 3.87 	 4.65 	2
 1.76 	 3.88 	 4.55 	1
 1.76 	 3.89 	 4.24 	0
 1.76 	 3.90 	 4.62 	1
 1.76 	 3.91 	 4.47 	0
 1.76 	 3.92 	 4.44 	2
 1.76 	 3.92 	 4.41 	2
 1.76 	 3.92 	 4.64 	1
 1.76 	 3.92  	 4.78 	1
 1.76 	 3.94 	 4.69 	0
 1.76 	 3.97 	 4.34 	1
 1.76 	 3.97 	 4.29 	1
 1.76 	 3.98 	 4.06 	2
 1.76 	 4.01 	 4.27 	2
 1.76 	 4.03 	 4.36 	1
 1.76 	 4.03 	 4.44 	1
 1.76 	 4.07 	 4.37 	1
 1.76 	 4.07 	 4.31 	1
 1.76 	 4.12 	 4.47 	2
 1.76 	 4.12 	 4.07 	1
 1.76 	 4.13 	 4.11 	2
 1.76 	 4.13 	 4.44 	1
 1.76 	 4.14 	 4.31 	1
 1.76 	 4.15 	 4.24 	1
 1.76 	 4.17 	 4.45 	1
 1.76 	 4.17  	 4.22 	1
 1.76 	 4.23  	 5.33 	0
 1.76 	 4.38 	 4.29 	1
 1.76 	 4.43 	 4.14  	1
 1.76  	 3.45 	 5.63 	0
 1.76  	 3.55  	 5.30  	2
 1.76  	 3.65  	 4.78  	1
 1.76  	 3.71  	 4.97  	0
 1.76  	 3.81     	  4.52   	0
 1.76  	 3.86 	 4.43 	1
 1.76  	 3.87  	 4.77  	1
 1.76  	 3.92  	 4.46  	1
 1.76  	 3.93 	 4.51 	1
 1.76  	 3.96  	 4.66 	1
 1.76  	 3.98  	 4.42  	0
 1.76  	 4.02  	 4.39  	1
 1.76  	 4.15 	 4.41 	1
 1.77 	 3.32 	 5.19 	1
 1.77 	 3.34 	 5.22 	1
 1.77 	 3.35 	 5.55 	0
 1.77 	 3.40 	 4.88 	0
 1.77 	 3.41 	 5.01 	1
 1.77 	 3.42 	 5.58 	1
 1.77 	 3.44 	 5.46 	1
 1.77 	 3.44 	 4.93 	1
 1.77 	 3.46 	 5.48  	2
 1.77 	 3.46 	 5.46 	0
 1.77 	 3.46 	 4.73 	0
 1.77 	 3.48 	 4.72 	1
 1.77 	 3.48 	 4.93 	1
 1.77 	 3.49 	 5.08 	2
 1.77 	 3.51 	 4.34 	0
 1.77 	 3.51 	 4.81 	1
 1.77 	 3.52 	 5.09 	0
 1.77 	 3.52 	 4.76 	1
 1.77 	 3.54 	 5.30  	1
 1.77 	 3.54 	 4.81 	1
 1.77 	 3.55 	 5.32  	0
 1.77 	 3.55 	 4.79 	0
 1.77 	 3.55 	 4.78 	1
 1.77 	 3.55 	 4.86 	1
 1.77 	 3.55 	 5.07 	0
 1.77 	 3.56 	 4.74 	0
 1.77 	 3.57 	 4.95 	1
 1.77 	 3.57 	 4.97 	0
 1.77 	 3.57 	 5.03 	1
 1.77 	 3.57 	 4.46 	1
 1.77 	 3.57 	 4.25 	1
 1.77 	 3.58 	 5.16 	1
 1.77 	 3.60 	 5.12  	1
 1.77 	 3.60 	 4.84 	1
 1.77 	 3.60 	 4.74 	1
 1.77 	 3.60  	 5.23 	2
 1.77 	 3.61 	 4.78 	0
 1.77 	 3.61 	 4.32 	1
 1.77 	 3.62 	 5.14 	1
 1.77 	 3.62 	 4.64 	1
 1.77 	 3.62 	 4.67 	1
 1.77 	 3.63 	 5.10 	1
 1.77 	 3.63 	 4.87 	0
 1.77 	 3.64 	 4.49 	2
 1.77 	 3.64 	 4.61 	0
 1.77 	 3.65 	 4.09 	1
 1.77 	 3.66 	 4.61 	1
 1.77 	 3.66 	 4.55 	1
 1.77 	 3.67 	 5.03 	0
 1.77 	 3.68 	 4.92 	0
 1.77 	 3.68 	 5.01 	0
 1.77 	 3.68 	 4.64 	0
 1.77 	 3.69 	 4.45 	0
 1.77 	 3.69 	 4.81 	0
 1.77 	 3.69 	 4.88 	0
 1.77 	 3.70 	 4.75 	0
 1.77 	 3.70 	 4.72 	1
 1.77 	 3.71 	 4.92 	1
 1.77 	 3.71 	 4.07 	0
 1.77 	 3.71 	 4.78 	1
 1.77 	 3.71 	 4.11 	1
 1.77 	 3.71 	 4.52 	0
 1.77 	 3.71 	 4.49 	0
 1.77 	 3.72 	 4.75 	1
 1.77 	 3.72 	 4.70 	1
 1.77 	 3.73 	 4.09 	2
 1.77 	 3.73 	 4.49  	1
 1.77 	 3.73 	 4.70 	0
 1.77 	 3.74 	 4.24 	2
 1.77 	 3.74  	 4.50 	1
 1.77 	 3.75 	 4.78 	1
 1.77 	 3.75 	 4.60 	1
 1.77 	 3.75 	 4.72 	1
 1.77 	 3.75 	 4.01 	1
 1.77 	 3.75 	 4.42 	0
 1.77 	 3.77 	 4.74 	0
 1.77 	 3.77 	 4.60 	0
 1.77 	 3.78 	 4.10 	1
 1.77 	 3.78  	 4.64 	1
 1.77 	 3.79 	 3.92 	1
 1.77 	 3.80 	 4.64  	1
 1.77 	 3.81 	 4.52 	1
 1.77 	 3.81 	 4.51 	1
 1.77 	 3.82 	 4.73 	2
 1.77 	 3.82 	 3.95 	1
 1.77 	 3.83 	 4.78 	1
 1.77 	 3.83 	 4.08 	1
 1.77 	 3.83 	 4.06 	0
 1.77 	 3.84 	 4.43 	1
 1.77 	 3.85 	 4.62 	1
 1.77 	 3.85 	 4.56 	1
 1.77 	 3.85 	 4.62 	1
 1.77 	 3.86 	 4.62 	2
 1.77 	 3.86 	 4.47 	1
 1.77 	 3.86 	 4.35 	1
 1.77 	 3.87 	 4.55 	0
 1.77 	 3.87 	 4.75 	0
 1.77 	 3.87 	 4.50 	1
 1.77 	 3.87  	 4.43 	0
 1.77 	 3.87   	 4.52  	1
 1.77 	 3.88 	 4.56 	2
 1.77 	 3.89 	 4.51 	0
 1.77 	 3.89 	 4.44 	0
 1.77 	 3.89 	 4.51 	1
 1.77 	 3.90 	 4.54 	1
 1.77 	 3.91 	 4.47 	0
 1.77 	 3.93 	 4.65 	1
 1.77 	 3.93  	 4.41 	1
 1.77 	 3.94 	 4.19 	2
 1.77 	 3.95 	 4.40 	1
 1.77 	 3.96 	 4.46  	1
 1.77 	 3.96  	 4.52  	0
 1.77 	 3.97 	 4.53  	1
 1.77 	 3.97 	 4.47 	1
 1.77 	 3.97 	 3.78 	1
 1.77 	 3.97 	 4.30 	1
 1.77 	 3.98 	 4.47 	2
 1.77 	 3.99 	 4.27 	1
 1.77 	 3.99 	 4.34 	1
 1.77 	 4.03 	 4.50 	0
 1.77 	 4.05 	 4.51 	1
 1.77 	 4.07 	 4.01 	1
 1.77 	 4.09 	 4.23 	0
 1.77 	 4.10	 4.36 	1
 1.77 	 4.10 	 4.15  	1
 1.77 	 4.24 	 4.23 	1
 1.77 	 4.26 	 4.27  	1
 1.77  	 3.44 	 4.96 	0
 1.77  	 3.81 	 4.71 	0
 1.78 	 3.26 	 5.05 	2
 1.78 	 3.28 	 5.72 	2
 1.78 	 3.31 	 5.02 	1
 1.78 	 3.37 	 5.46 	1
 1.78 	 3.37 	 4.89 	1
 1.78 	 3.39 	 5.27 	2
 1.78 	 3.39 	 4.76 	1
 1.78 	 3.39 	 4.88 	1
 1.78 	 3.39 	 4.97 	0
 1.78 	 3.40 	 5.50 	2
 1.78 	 3.40 	 5.58 	1
 1.78 	 3.41 	 4.99 	0
 1.78 	 3.42 	 5.06 	2
 1.78 	 3.43 	 4.99 	1
 1.78 	 3.45 	 4.77 	2
 1.78 	 3.45 	 4.78 	0
 1.78 	 3.45 	 4.89 	0
 1.78 	 3.45 	 4.70 	2
 1.78 	 3.47 	 4.92 	1
 1.78 	 3.48 	 5.19 	1
 1.78 	 3.49 	 4.96 	1
 1.78 	 3.49 	 4.97 	2
 1.78 	 3.49 	 5.11 	1
 1.78 	 3.50 	 5.14 	2
 1.78 	 3.50 	 4.83 	1
 1.78 	 3.51 	 5.00 	1
 1.78 	 3.53 	 4.86 	0
 1.78 	 3.53 	 4.58 	2
 1.78 	 3.54 	 5.26  	1
 1.78 	 3.54 	 4.86 	0
 1.78 	 3.54  	 4.93 	0
 1.78 	 3.55 	 4.72 	11
 1.78 	 3.56 	 4.62 	1
 1.78 	 3.57 	 5.20 	1
 1.78 	 3.57  	 4.88 	1
 1.78 	 3.58 	 4.91 	2
 1.78 	 3.58 	 4.75 	1
 1.78 	 3.58 	 4.84 	1
 1.78 	 3.58 	 4.60 	1
 1.78 	 3.59 	 4.90 	1
 1.78 	 3.59 	 5.05	2
 1.78 	 3.60 	 5.16  	1
 1.78 	 3.60 	 5.04 	0
 1.78 	 3.60 	 4.78 	2
 1.78 	 3.60 	 4.24 	0
 1.78 	 3.60 	 4.62 	1
 1.78 	 3.60 	 4.60 	1
 1.78 	 3.61 	 4.81 	0
 1.78 	 3.61 	 4.14 	0
 1.78 	 3.62 	 5.06 	2
 1.78 	 3.62 	 4.78 	2
 1.78 	 3.62 	 4.64 	1
 1.78 	 3.62 	 4.57 	1
 1.78 	 3.62 	 4.64 	2
 1.78 	 3.63 	 4.95 	1
 1.78 	 3.63 	 4.75 	1
 1.78 	 3.63 	 4.76 	1
 1.78 	 3.64 	 4.11 	1
 1.78 	 3.64 	 4.56 	1
 1.78 	 3.64  	 4.87  	2
 1.78 	 3.65 	 4.92 	1
 1.78 	 3.65 	 4.26 	0
 1.78 	 3.66 	 4.83 	1
 1.78 	 3.66 	 4.44 	1
 1.78 	 3.67 	 4.23 	1
 1.78 	 3.67 	 4.19 	1
 1.78 	 3.67 	 4.28 	0
 1.78 	 3.68 	 4.43 	1
 1.78 	 3.68 	 4.55 	0
 1.78 	 3.68 	 4.65 	0
 1.78 	 3.69 	 4.44 	1
 1.78 	 3.69 	 4.05 	0
 1.78 	 3.69 	 4.32 	1
 1.78 	 3.69  	 4.72 	0
 1.78 	 3.70 	 4.70 	0
 1.78 	 3.70 	 4.44 	2
 1.78 	 3.71 	 4.52 	0
 1.78 	 3.71 	 4.02 	2
 1.78 	 3.71 	 4.50 	2
 1.78 	 3.71 	 4.26 	0
 1.78 	 3.72 	 4.63 	1
 1.78 	 3.72 	 4.49 	1
 1.78 	 3.73 	 4.86 	1
 1.78 	 3.73 	 4.75 	1
 1.78 	 3.73 	 4.15 	1
 1.78 	 3.73  	 4.60 	0
 1.78 	 3.74 	 4.58 	1
 1.78 	 3.74 	 4.46 	2
 1.78 	 3.75 	 4.26 	0
 1.78 	 3.76 	 4.42 	1
 1.78 	 3.76  	 4.52 	0
 1.78 	 3.77 	 4.81 	0
 1.78 	 3.77 	 4.45  	1
 1.78 	 3.77 	 4.28 	1
 1.78 	 3.77 	 4.44 	1
 1.78 	 3.78 	 4.47 	2
 1.78 	 3.78 	 3.96 	0
 1.78 	 3.79 	 4.47 	0
 1.78 	 3.79 	 4.43 	2
 1.78 	 3.79 	 4.55 	1
 1.78 	 3.80 	 4.82 	0
 1.78 	 3.81 	 4.65 	0
 1.78 	 3.82 	 4.68 	1
 1.78 	 3.82 	 4.71 	2
 1.78 	 3.83 	 4.64 	2
 1.78 	 3.83 	 4.07 	0
 1.78 	 3.83 	 4.29 	1
 1.78 	 3.83 	 4.07 	1
 1.78 	 3.84 	 4.40 	1
 1.78 	 3.85 	 4.44 	1
 1.78 	 3.86 	 4.33 	1
 1.78 	 3.86 	 4.43 	1
 1.78 	 3.86 	 4.10 	1
 1.78 	 3.87  	 4.08 	1
 1.78 	 3.89 	 4.47 	0
 1.78 	 3.89 	 4.58  	1
 1.78 	 3.90 	 4.00 	1
 1.78 	 3.90 	 4.21 	1
 1.78 	 3.91 	 3.81 	1
 1.78 	 3.92 	 4.46  	2
 1.78 	 3.92  	 4.55 	1
 1.78 	 3.94 	 4.56 	1
 1.78 	 3.97 	 4.26 	1
 1.78 	 3.98 	 4.45 	2
 1.78 	 4.00 	 4.10 	0
 1.78 	 4.03 	 4.26 	0
 1.78 	 4.03 	 3.96 	0
 1.78 	 4.06 	 4.00 	1
 1.78 	 4.15 	 4.04	2
 1.78 	 4.26 	 3.94 	1
 1.78  	 3.21  	 6.08  	2
 1.78  	 3.5 	 5.19 	2
 1.78  	 3.51 	 5.24 	2
 1.78  	 3.87  	 4.43  	0
 1.78  	 3.95  	 4.27  	0
 1.78  	 4.08  	 4.16  	1
 1.78  	 4.18  	 4.02  	1
 1.78  	 4.22 	 4.20  	1
 1.78  	 4.38  	 3.89   	0
 1.78   	 3.91  	 4.55  	2
 1.79 	 3.10 	 5.01 	0
 1.79 	 3.19 	 5.13 	2
 1.79 	 3.23 	 5.94  	0
 1.79 	 3.29 	 5.13  	2
 1.79 	 3.30 	 4.59 	0
 1.79 	 3.31 	 5.08 	1
 1.79 	 3.32 	 4.97 	2
 1.79 	 3.36 	 5.05 	1
 1.79 	 3.37 	 4.97 	0
 1.79 	 3.39 	 4.64 	0
 1.79 	 3.41 	 5.12 	0
 1.79 	 3.42 	 5.37 	2
 1.79 	 3.43 	 4.95  	0
 1.79 	 3.43 	 4.43 	1
 1.79 	 3.45 	 4.89 	1
 1.79 	 3.48 	 5.28 	2
 1.79 	 3.48 	 5.01 	2
 1.79 	 3.49 	 4.85 	1
 1.79 	 3.49 	 5.07 	1
 1.79 	 3.50 	 5.24 	0
 1.79 	 3.50 	 4.68 	1
 1.79 	 3.50 	 4.71 	0
 1.79 	 3.50 	 4.87 	1
 1.79 	 3.51 	 5.14 	0
 1.79 	 3.51 	 4.97 	1
 1.79 	 3.53 	 4.72 	1
 1.79 	 3.53 	 4.76 	0
 1.79 	 3.53 	 4.85 	1
 1.79 	 3.54 	 5.15 	1
 1.79 	 3.54 	 4.84 	1
 1.79 	 3.54 	 5.15 	1
 1.79 	 3.55 	 4.87 	2
 1.79 	 3.55 	 5.00 	1
 1.79 	 3.55 	 4.89 	0
 1.79 	 3.55 	 4.90 	2
 1.79 	 3.57 	 4.73  	2
 1.79 	 3.58 	 4.71 	1
 1.79 	 3.58 	 4.82 	1
 1.79 	 3.59 	 4.59 	1
 1.79 	 3.60 	 4.72 	0
 1.79 	 3.61 	 4.66 	0
 1.79 	 3.61 	 4.56 	1
 1.79 	 3.61 	 4.41 	0
 1.79 	 3.62 	 4.68 	1
 1.79 	 3.63 	 4.90 	0
 1.79 	 3.63 	 4.92 	1
 1.79 	 3.63 	 4.43 	1
 1.79 	 3.63 	 4.34 	1
 1.79 	 3.63  	 4.93 	0
 1.79 	 3.65 	 4.61 	2
 1.79 	 3.66  	 4.69   	0
 1.79 	 3.67 	 4.84 	0
 1.79 	 3.67 	 4.70 	1
 1.79 	 3.67 	 4.20 	1
 1.79 	 3.67 	 4.22 	1
 1.79 	 3.67 	 4.46 	1
 1.79 	 3.68 	 2.88 	1
 1.79 	 3.68 	 4.63 	2
 1.79 	 3.68 	 4.52 	1
 1.79 	 3.70 	 4.74 	1
 1.79 	 3.70 	 4.39 	1
 1.79 	 3.70 	 4.30 	1
 1.79 	 3.70  	 4.51  	0
 1.79 	 3.71 	 4.78 	1
 1.79 	 3.71 	 4.61 	0
 1.79 	 3.71 	 3.99 	1
 1.79 	 3.71 	 4.45 	0
 1.79 	 3.71 	 4.45 	0
 1.79 	 3.72 	 4.83  	1
 1.79 	 3.72 	 3.82 	2
 1.79 	 3.72 	 4.30 	0
 1.79 	 3.72 	 4.62 	2
 1.79 	 3.72 	 3.97 	1
 1.79 	 3.72 	 4.42 	2
 1.79 	 3.74 	 4.68 	1
 1.79 	 3.74 	 4.28 	1
 1.79 	 3.74 	 3.88 	1
 1.79 	 3.74 	 4.01 	2
 1.79 	 3.75 	 4.44 	2
 1.79 	 3.75 	 4.43 	0
 1.79 	 3.75 	 4.29 	2
 1.79 	 3.76 	 4.52 	1
 1.79 	 3.77 	 4.46 	1
 1.79 	 3.77 	 4.63 	0
 1.79 	 3.77 	 4.39 	1
 1.79 	 3.77 	 4.32 	0
 1.79 	 3.77 	 4.39 	0
 1.79 	 3.77 	 4.36 	1
 1.79 	 3.78 	 4.69 	0
 1.79 	 3.79 	 4.08 	1
 1.79 	 3.79 	 4.23 	0
 1.79 	 3.81 	 4.18 	2
 1.79 	 3.81 	 4.12 	1
 1.79 	 3.81 	 4.25  	0
 1.79 	 3.82 	 3.83 	1
 1.79 	 3.84 	 4.58 	1
 1.79 	 3.85 	 4.10 	1
 1.79 	 3.85 	 4.40 	1
 1.79 	 3.86 	 3.94 	1
 1.79 	 3.86 	 3.94 	1
 1.79 	 3.89 	 4.61 	1
 1.79 	 3.89 	 4.50 	2
 1.79 	 3.89 	 4.47 	1
 1.79 	 3.89 	 4.50 	0
 1.79 	 3.89 	 4.35 	0
 1.79 	 3.90 	 4.39 	0
 1.79 	 3.90 	 4.17 	0
 1.79 	 3.92 	 4.17 	0
 1.79 	 3.92 	 4.26 	1
 1.79 	 3.92  	 4.48  	0
 1.79 	 3.92  	 4.25 	0
 1.79 	 3.93 	 4.33 	1
 1.79 	 3.94 	 4.28 	1
 1.79 	 3.94 	 4.43  	1
 1.79 	 3.95 	 4.11 	0
 1.79 	 3.97 	 3.69 	1
 1.79 	 3.98 	 3.71 	2
 1.79 	 4.04 	 4.18 	1
 1.79 	 4.06 	 3.89 	1
 1.79 	 4.10	 4.19 	1
 1.79  	 3.45 	 5.13 	1
 1.79  	 3.45 	 4.72 	0
 1.79  	 3.47 	 4.66 	1
 1.79  	 3.53 	 4.82 	1
 1.79  	 3.65 	 4.45 	2
 1.79  	 3.68 	 4.63 	0
 1.79  	 3.73  	 4.32 	1
 1.79  	 3.78 	 4.40 	1
 1.79  	 3.78  	 4.44 	2
 1.79  	 3.84 	 4.44 	2
 1.79  	 3.84 	 3.96 	2
 1.79  	 3.93 	 4.55 	0
 1.79  	 3.93 	 4.15 	1
 1.79  	 3.93  	 4.30 	0
 1.79  	 3.99  	 4.27  	0
 1.79  	 4.02 	 4.26 	1
 1.79   	 3.42 	  5.20  	1
 1.80 	 3.36 	 5.39 	1
 1.80 	 3.37 	 4.67 	1
 1.80 	 3.40 	 5.13 	1
 1.80 	 3.40 	 4.68 	1
 1.80 	 3.41 	 5.12 	1
 1.80 	 3.42 	 4.95 	0
 1.80 	 3.43 	 4.85 	1
 1.80 	 3.44 	 4.79 	1
 1.80 	 3.44 	 4.93 	1
 1.80 	 3.45 	 4.75  	1
 1.80 	 3.46 	 4.94 	1
 1.80 	 3.46 	 4.64 	0
 1.80 	 3.46 	 4.55 	1
 1.80 	 3.47 	 4.68 	0
 1.80 	 3.48 	 4.20 	0
 1.80 	 3.48 	 4.83 	1
 1.80 	 3.50 	 4.97 	1
 1.80 	 3.51 	 4.86 	0
 1.80 	 3.51 	 4.58 	1
 1.80 	 3.51 	 4.80 	1
 1.80 	 3.52 	 4.51 	1
 1.80 	 3.52 	 4.87 	1
 1.80 	 3.52 	 4.38 	1
 1.80 	 3.53 	 4.78 	2
 1.80 	 3.53 	 4.43 	1
 1.80 	 3.53 	 4.56 	2
 1.80 	 3.54 	 4.44 	1
 1.80 	 3.54  	 4.93  	2
 1.80 	 3.54  	 4.57 	0
 1.80 	 3.55 	 4.50 	0
 1.80 	 3.56 	 4.66 	1
 1.80 	 3.57 	 4.46 	0
 1.80 	 3.57 	 4.05 	1
 1.80 	 3.58 	 4.74 	0
 1.80 	 3.58 	 4.67 	1
 1.80 	 3.59 	 4.74 	1
 1.80 	 3.59 	 4.14 	2
 1.80 	 3.59 	 4.05 	0
 1.80 	 3.59 	 4.32 	1
 1.80 	 3.60 	 4.93 	1
 1.80 	 3.61 	 4.40 	2
 1.80 	 3.62 	 4.01 	0
 1.80 	 3.64 	 4.42 	0
 1.80 	 3.64 	 4.75 	1
 1.80 	 3.64 	 4.19 	2
 1.80 	 3.64 	 4.40 	1
 1.80 	 3.65 	 4.85 	1
 1.80 	 3.65 	 4.50 	1
 1.80 	 3.65 	 4.46 	1
 1.80 	 3.66 	 4.43 	0
 1.80 	 3.66 	 4.13 	0
 1.80 	 3.67 	 4.57  	0
 1.80 	 3.67  	 4.78 	1
 1.80 	 3.68 	 4.70 	1
 1.80 	 3.69 	 4.71 	1
 1.80 	 3.69 	 4.79 	1
 1.80 	 3.70 	 3.90 	1
 1.80 	 3.70 	 3.74 	0
 1.80 	 3.70 	 3.91 	2
 1.80 	 3.70  	 7.08 	0
 1.80 	 3.71 	 4.31 	1
 1.80 	 3.72 	 4.42  	2
 1.80 	 3.73 	 4.56 	1
 1.80 	 3.73 	 4.01 	2
 1.80 	 3.73 	 4.25 	1
 1.80 	 3.74 	 4.60 	1
 1.80 	 3.74 	 3.98 	0
 1.80 	 3.74 	 3.90 	1
 1.80 	 3.74 	 4.33 	1
 1.80 	 3.75 	 4.56  	1
 1.80 	 3.75 	 4.46 	1
 1.80 	 3.75 	 3.98 	0
 1.80 	 3.75 	 4.32 	0
 1.80 	 3.76 	 4.45 	1
 1.80 	 3.76 	 4.67 	0
 1.80 	 3.77 	 4.69  	0
 1.80 	 3.77 	 4.45 	1
 1.80 	 3.78 	 4.65 	2
 1.80 	 3.78 	 4.42 	1
 1.80 	 3.80 	 4.04 	1
 1.80 	 3.81 	 3.90 	2
 1.80 	 3.81 	 3.83 	1
 1.80 	 3.82 	 4.54 	1
 1.80 	 3.82 	 4.24 	2
 1.80 	 3.83 	 4.23 	1
 1.80 	 3.84 	 4.23 	0
 1.80 	 3.84 	 3.74 	1
 1.80 	 3.85 	 4.10 	1
 1.80 	 3.86 	 3.75 	1
 1.80 	 3.87 	 4.38 	1
 1.80 	 3.87  	 4.12 	1
 1.80 	 3.88 	 4.10  	1
 1.80 	 3.88 	 3.74 	1
 1.80 	 3.90 	 4.42 	1
 1.80 	 3.90 	 4.25 	1
 1.80 	 3.91 	 4.22 	2
 1.80 	 3.91 	 4.32 	2
 1.80 	 3.92 	 4.10 	2
 1.80 	 3.93 	 3.84 	1
 1.80 	 3.94   	 4.39 	0
 1.80 	 3.97 	 4.36 	2
 1.80 	 3.97 	 4.20 	0
 1.80 	 33.9 	 4.83 	1
 1.80 	 4.00	 4.19 	1
 1.80 	 4.01 	 4.30 	1
 1.80 	 4.02 	 4.08 	2
 1.80 	 4.02 	 4.11 	2
 1.80 	 4.03 	 4.12 	2
 1.80 	 4.08 	 4.09 	0
 1.80 	 4.13 	 3.98  	1
 1.80 	 4.18 	 3.93 	1
 1.80  	 3.66 	 4.70  	1
 1.80  	 3.78 	 4.61 	2
 1.80  	 3.80 	 3.87 	1
 1.80  	 3.81 	 4.61 	1
 1.80  	 3.89  	 4.26  	0
 1.81 	 3.28 	 5.20 	1
 1.81 	 3.30 	 4.97 	0
 1.81 	 3.31 	 5.56 	0
 1.81 	 3.33 	 5.23 	1
 1.81 	 3.35 	 5.48 	2
 1.81 	 3.35 	 5.39 	0
 1.81 	 3.35 	 5.15 	0
 1.81 	 3.35 	 5.07 	2
 1.81 	 3.36 	 4.58 	1
 1.81 	 3.37 	 4.80 	1
 1.81 	 3.39 	 4.96 	1
 1.81 	 3.40 	 4.72 	0
 1.81 	 3.41 	 4.95 	1
 1.81 	 3.42 	 5.02 	0
 1.81 	 3.42 	 4.58 	0
 1.81 	 3.43 	 4.60 	0
 1.81 	 3.43 	 4.72 	0
 1.81 	 3.44 	 4.68 	2
 1.81 	 3.46 	 5.09	0
 1.81 	 3.46 	 4.84 	1
 1.81 	 3.46 	 4.74 	0
 1.81 	 3.47 	 4.56 	1
 1.81 	 3.47 	 4.75 	0
 1.81 	 3.47 	 4.83  	1
 1.81 	 3.47 	 4.72 	1
 1.81 	 3.48 	 5.00  	1
 1.81 	 3.49 	 4.34 	1
 1.81 	 3.50 	 5.02	2
 1.81 	 3.50 	 4.56 	0
 1.81 	 3.50 	 4.28 	2
 1.81 	 3.50 	 4.68 	1
 1.81 	 3.51 	 4.64 	0
 1.81 	 3.52 	 4.77 	2
 1.81 	 3.52 	 4.35 	0
 1.81 	 3.52  	 4.84 	2
 1.81 	 3.53 	 5.03 	1
 1.81 	 3.53 	 4.72 	0
 1.81 	 3.53 	 4.21 	1
 1.81 	 3.53 	 4.27 	2
 1.81 	 3.54 	 4.92 	0
 1.81 	 3.54 	 4.10 	2
 1.81 	 3.55 	 4.64 	0
 1.81 	 3.55 	 4.34 	0
 1.81 	 3.55 	 4.27 	2
 1.81 	 3.56 	 4.46 	1
 1.81 	 3.56 	 4.04 	1
 1.81 	 3.57 	 4.88 	0
 1.81 	 3.57 	 4.59 	1
 1.81 	 3.57 	 4.50 	1
 1.81 	 3.57 	 4.31 	1
 1.81 	 3.57 	 4.49 	1
 1.81 	 3.57 	 4.55 	2
 1.81 	 3.58 	 5.03 	1
 1.81 	 3.58 	 4.64 	0
 1.81 	 3.58  	 4.96 	1
 1.81 	 3.59 	 4.81 	1
 1.81 	 3.59 	 4.60 	2
 1.81 	 3.59 	 4.86 	0
 1.81 	 3.59 	 3.99 	1
 1.81 	 3.59  	 4.89 	0
 1.81 	 3.60 	 4.62 	1
 1.81 	 3.60 	 4.62 	0
 1.81 	 3.60 	 4.44 	1
 1.81 	 3.61 	 4.53 	1
 1.81 	 3.61 	 4.25 	1
 1.81 	 3.62 	 4.40 	1
 1.81 	 3.62 	 4.53 	1
 1.81 	 3.63 	 4.70 	1
 1.81 	 3.64 	 4.63 	1
 1.81 	 3.64 	 4.00 	1
 1.81 	 3.65 	 4.54 	1
 1.81 	 3.66 	 4.76 	2
 1.81 	 3.67 	 4.48 	2
 1.81 	 3.68 	 4.49 	2
 1.81 	 3.68 	 3.89 	2
 1.81 	 3.69 	 4.71 	0
 1.81 	 3.69 	 4.06 	1
 1.81 	 3.69 	 4.45 	1
 1.81 	 3.69 	 4.44 	1
 1.81 	 3.69 	 4.36 	1
 1.81 	 3.69 	 4.15 	1
 1.81 	 3.69 	 4.33 	1
 1.81 	 3.70 	 3.96 	1
 1.81 	 3.70 	 4.48 	2
 1.81 	 3.70 	 3.82 	1
 1.81 	 3.71 	 4.57 	1
 1.81 	 3.71 	 3.98 	1
 1.81 	 3.71 	 4.25 	1
 1.81 	 3.72 	 4.50 	1
 1.81 	 3.72 	 4.52 	0
 1.81 	 3.72 	 3.87 	0
 1.81 	 3.72 	 4.27 	0
 1.81 	 3.73 	 4.57  	2
 1.81 	 3.73 	 4.49 	1
 1.81 	 3.73 	 3.96 	2
 1.81 	 3.73 	 4.19 	1
 1.81 	 3.73  	 4.62 	1
 1.81 	 3.74 	 3.92 	1
 1.81 	 3.75 	 4.57 	0
 1.81 	 3.75 	 4.17 	0
 1.81 	 3.76 	 4.33  	1
 1.81 	 3.76 	 4.39 	1
 1.81 	 3.77 	 4.47 	2
 1.81 	 3.77 	 3.89 	1
 1.81 	 3.77 	 3.83 	2
 1.81 	 3.77 	 4.15 	1
 1.81 	 3.78 	 3.77 	1
 1.81 	 3.78 	 4.18 	2
 1.81 	 3.79 	 4.55 	1
 1.81 	 3.79 	 4.25 	1
 1.81 	 3.79 	 4.34 	0
 1.81 	 3.80 	 4.15 	0
 1.81 	 3.80 	 4.21 	2
 1.81 	 3.81 	 4.37 	1
 1.81 	 3.81 	 4.35 	1
 1.81 	 3.81 	 4.17 	1
 1.81 	 3.82 	 4.48 	1
 1.81 	 3.82 	 4.57 	1
 1.81 	 3.82 	 3.90 	1
 1.81 	 3.82 	 4.08 	2
 1.81 	 3.83 	 4.20 	2
 1.81 	 3.85 	 4.36 	1
 1.81 	 3.85  	 4.29 	1
 1.81 	 3.86 	 3.99 	1
 1.81 	 3.87 	 4.40 	0
 1.81 	 3.87 	 4.33 	1
 1.81 	 3.87 	 4.13 	0
 1.81 	 3.89 	 4.39 	1
 1.81 	 3.89 	 4.21 	2
 1.81 	 3.90 	 4.22 	0
 1.81 	 3.91 	 4.08 	2
 1.81 	 3.92 	 4.33  	0
 1.81 	 3.92 	 4.10	1
 1.81 	 3.93 	 4.19 	2
 1.81 	 3.93 	 4.15 	2
 1.81 	 3.93 	 4.18 	2
 1.81 	 3.94 	 4.14 	1
 1.81 	 3.96 	 3.96 	1
 1.81 	 3.96 	 3.84 	0
 1.81 	 4.02 	 3.88 	1
 1.81 	 4.17 	 4.08 	1
 1.81 	 4.28 	 3.83 	1
 1.81 	 4.38 	 3.75 	2
 1.81  	 3.41 	 4.96 	0
 1.81  	 3.55  	 4.72  	0
 1.81  	 3.67  	 4.61 	0
 1.81  	 3.83  	 4.46  	2
 1.81  	 3.87 	 4.28  	2
 1.81  	 3.94  	 4.20  	1
 1.81  	 3.97 	 4.28  	2
 1.81  	 4.14  	 4.18  	2
 1.82 	 3.04 	 6.18 	1
 1.82 	 3.18 	 5.77 	0
 1.82 	 3.20 	 4.88 	1
 1.82 	 3.21 	 4.94 	1
 1.82 	 3.21 	 4.92  	1
 1.82 	 3.22 	 5.12 	2
 1.82 	 3.25 	 4.98 	1
 1.82 	 3.29 	 4.93 	1
 1.82 	 3.35 	 4.73 	1
 1.82 	 3.36 	 4.69 	1
 1.82 	 3.37 	 5.10 	0
 1.82 	 3.38 	 4.76 	1
 1.82 	 3.38  	 5.02 	2
 1.82 	 3.39 	 4.96 	0
 1.82 	 3.39 	 4.94 	0
 1.82 	 3.39 	 4.58 	0
 1.82 	 3.42 	 4.59 	1
 1.82 	 3.43 	 5.23 	1
 1.82 	 3.43 	 4.88 	1
 1.82 	 3.44 	 5.21 	1
 1.82 	 3.44 	 4.42 	1
 1.82 	 3.45 	 5.06	1
 1.82 	 3.45 	 5.07 	1
 1.82 	 3.45 	 4.93 	2
 1.82 	 3.45 	 4.48 	2
 1.82 	 3.47 	 4.80 	1
 1.82 	 3.47  	 4.86 	0
 1.82 	 3.48 	 4.61 	0
 1.82 	 3.50 	 4.59 	2
 1.82 	 3.50 	 4.72 	0
 1.82 	 3.51 	 4.98  	0
 1.82 	 3.52 	 4.74 	2
 1.82 	 3.52 	 4.65 	1
 1.82 	 3.53 	 4.72 	1
 1.82 	 3.53 	 4.00 	2
 1.82 	 3.53 	 4.54 	1
 1.82 	 3.54 	 4.92 	0
 1.82 	 3.54 	 4.79 	2
 1.82 	 3.55 	 4.89 	0
 1.82 	 3.56 	 4.70 	1
 1.82 	 3.56 	 4.27 	1
 1.82 	 3.57 	 4.62 	1
 1.82 	 3.57 	 4.63 	1
 1.82 	 3.57 	 4.48 	1
 1.82 	 3.58 	 4.57 	1
 1.82 	 3.58  	 4.87 	2
 1.82 	 3.59 	 4.34 	1
 1.82 	 3.60 	 4.62 	2
 1.82 	 3.60 	 4.05 	1
 1.82 	 3.61 	 4.60 	1
 1.82 	 3.61 	 4.47 	0
 1.82 	 3.61 	 4.39 	1
 1.82 	 3.61 	 4.39 	1
 1.82 	 3.62 	 4.66 	0
 1.82 	 3.62 	 4.55 	1
 1.82 	 3.63 	 4.66 	1
 1.82 	 3.63 	 4.70 	1
 1.82 	 3.64 	 4.72 	0
 1.82 	 3.64 	 4.32 	2
 1.82 	 3.65 	 4.74 	1
 1.82 	 3.65 	 4.40 	1
 1.82 	 3.66 	 4.39 	1
 1.82 	 3.66 	 3.92 	1
 1.82 	 3.67 	 4.65 	2
 1.82 	 3.67 	 3.87 	1
 1.82 	 3.67 	 4.34 	0
 1.82 	 3.68 	 4.60 	2
 1.82 	 3.68 	 4.42 	1
 1.82 	 3.68 	 4.45 	0
 1.82 	 3.69 	 4.37 	1
 1.82 	 3.70 	 4.71 	1
 1.82 	 3.70 	 4.46 	1
 1.82 	 3.70 	 4.32 	0
 1.82 	 3.70 	 4.51 	0
 1.82 	 3.70 	 4.34 	2
 1.82 	 3.71 	 4.60 	1
 1.82 	 3.71 	 4.58  	2
 1.82 	 3.71 	 4.20 	1
 1.82 	 3.72 	 3.83 	1
 1.82 	 3.73 	 4.22 	1
 1.82 	 3.74 	 4.60 	1
 1.82 	 3.74 	 3.86 	1
 1.82 	 3.74 	 3.74 	2
 1.82 	 3.74 	 4.36 	0
 1.82 	 3.75 	 4.27 	1
 1.82 	 3.76 	 4.52 	1
 1.82 	 3.76 	 4.35 	1
 1.82 	 3.76 	 4.09 	1
 1.82 	 3.77 	 4.37 	1
 1.82 	 3.78 	 4.43 	1
 1.82 	 3.78 	 4.33 	1
 1.82 	 3.78 	 4.08 	1
 1.82 	 3.79 	 4.48 	1
 1.82 	 3.79 	 4.35 	2
 1.82 	 3.80 	 3.85 	1
 1.82 	 3.80 	 4.26 	1
 1.82 	 3.80 	 4.14 	1
 1.82 	 3.81 	 4.52 	1
 1.82 	 3.82 	 4.06 	1
 1.82 	 3.82 	 4.22 	1
 1.82 	 3.82 	 4.15 	1
 1.82 	 3.82 	 4.06 	1
 1.82 	 3.82  	 4.22 	0
 1.82 	 3.83 	 4.23 	2
 1.82 	 3.83 	 3.73  	1
 1.82 	 3.84 	 4.18 	0
 1.82 	 3.85 	 4.34 	1
 1.82 	 3.85 	 4.19 	0
 1.82 	 3.86 	 3.75 	1
 1.82 	 3.88 	 4.02 	1
 1.82 	 3.90  	 4.28  	1
 1.82 	 3.92 	 4.36 	1
 1.82 	 3.92 	 4.14 	1
 1.82 	 3.94 	 4.24 	1
 1.82 	 3.95 	 4.29  	0
 1.82 	 3.95  	 4.23 	1
 1.82 	 3.96 	 4.16 	1
 1.82 	 3.99 	 3.95 	1
 1.82 	 3.99 	 3.93 	1
 1.82 	 4.00 	 3.94 	1
 1.82 	 4.04 	 4.06 	1
 1.82 	 4.05 	 4.04 	1
 1.82 	 4.08 	 3.86 	0
 1.82 	 4.23 	 3.84 	0
 1.82 	 4.31 	 3.77 	2
 1.82  	 3.34 	 5.11	0
 1.82  	 3.48 	 4.63 	0
 1.82  	 3.78  	 4.32  	1
 1.82  	 3.95 	 4.29 	1
 1.83 	 3.13 	 5.07 	2
 1.83 	 3.22 	 5.15  	0
 1.83 	 3.33 	 5.13 	0
 1.83 	 3.33 	 5.01 	0
 1.83 	 3.33 	 4.74 	1
 1.83 	 3.37 	 5.08 	0
 1.83 	 3.38 	 4.92 	2
 1.83 	 3.39 	 5.06 	1
 1.83 	 3.40 	 4.23 	0
 1.83 	 3.41 	 4.72 	0
 1.83 	 3.41 	 4.89 	1
 1.83 	 3.42 	 4.59  	2
 1.83 	 3.43 	 4.84 	0
 1.83 	 3.44 	 4.37 	0
 1.83 	 3.44 	 4.90 	0
 1.83 	 3.45 	 4.71 	1
 1.83 	 3.46 	 4.91 	1
 1.83 	 3.47 	 4.68 	1
 1.83 	 3.47 	 4.82 	1
 1.83 	 3.47 	 4.83 	0
 1.83 	 3.47 	 4.48 	1
 1.83 	 3.48 	 4.66 	1
 1.83 	 3.48 	 4.33 	1
 1.83 	 3.49 	 4.59 	1
 1.83 	 3.49 	 4.60 	1
 1.83 	 3.50 	 4.84 	1
 1.83 	 3.50 	 4.64 	2
 1.83 	 3.50 	 4.51 	1
 1.83 	 3.50 	 4.40 	2
 1.83 	 3.50 	 4.63 	1
 1.83 	 3.51 	 4.77 	1
 1.83 	 3.51 	 4.58 	2
 1.83 	 3.51 	 4.65 	0
 1.83 	 3.52 	 4.62 	0
 1.83 	 3.52 	 4.67 	1
 1.83 	 3.53 	 4.63 	0
 1.83 	 3.54 	 4.80 	1
 1.83 	 3.54 	 4.56  	1
 1.83 	 3.55 	 4.47 	0
 1.83 	 3.56 	 4.41 	1
 1.83 	 3.56 	 4.47 	0
 1.83 	 3.57 	 4.56 	1
 1.83 	 3.57 	 4.84 	1
 1.83 	 3.57 	 4.37 	2
 1.83 	 3.57 	 4.58 	1
 1.83 	 3.57 	 3.99 	0
 1.83 	 3.58 	 4.50 	2
 1.83 	 3.58 	 4.50  	2
 1.83 	 3.59 	 4.38 	1
 1.83 	 3.59 	 4.63 	1
 1.83 	 3.59 	 3.93 	1
 1.83 	 3.59 	 4.32 	2
 1.83 	 3.59 	 4.33 	1
 1.83 	 3.60 	 4.63 	1
 1.83 	 3.60 	 4.36 	1
 1.83 	 3.61 	 4.74 	1
 1.83 	 3.61 	 4.47 	0
 1.83 	 3.61 	 4.39 	2
 1.83 	 3.61 	 3.99 	0
 1.83 	 3.61  	 4.22 	1
 1.83 	 3.62 	 4.78 	2
 1.83 	 3.62 	 4.44 	1
 1.83 	 3.62 	 4.23 	1
 1.83 	 3.63 	 4.38 	1
 1.83 	 3.63 	 4.73  	1
 1.83 	 3.63 	 4.35 	2
 1.83 	 3.63 	 4.39 	1
 1.83 	 3.63 	 4.32 	0
 1.83 	 3.63 	 4.32 	0
 1.83 	 3.64 	 4.02 	0
 1.83 	 3.64 	 3.81 	2
 1.83 	 3.64 	 3.83 	1
 1.83 	 3.64 	 4.46 	1
 1.83 	 3.64 	 4.28 	0
 1.83 	 3.65 	 4.35 	1
 1.83 	 3.65 	 4.18 	2
 1.83 	 3.66 	 4.56 	1
 1.83 	 3.66 	 4.52 	2
 1.83 	 3.66 	 4.23 	0
 1.83 	 3.66 	 4.15 	1
 1.83 	 3.67 	 4.56 	1
 1.83 	 3.67 	 4.39 	2
 1.83 	 3.68 	 3.81 	2
 1.83 	 3.68 	 3.99 	2
 1.83 	 3.68 	 4.25 	2
 1.83 	 3.69 	 4.45 	1
 1.83 	 3.69 	 3.82 	1
 1.83 	 3.70 	 4.42 	0
 1.83 	 3.70 	 4.43 	1
 1.83 	 3.72 	 4.47 	1
 1.83 	 3.72 	 3.97 	1
 1.83 	 3.73 	 4.52 	1
 1.83 	 3.73 	 4.17 	2
 1.83 	 3.73  	 4.24 	1
 1.83 	 3.74 	 4.36 	1
 1.83 	 3.75 	 3.69 	1
 1.83 	 3.75 	 3.86  	1
 1.83 	 3.75 	 3.97 	0
 1.83 	 3.76 	 4.19 	2
 1.83 	 3.76 	 4.25 	1
 1.83 	 3.77 	 4.43 	1
 1.83 	 3.77 	 4.09 	2
 1.83 	 3.77 	 4.36 	1
 1.83 	 3.78 	 4.28 	0
 1.83 	 3.79 	 4.49 	1
 1.83 	 3.79 	 4.16 	2
 1.83 	 3.79 	 4.40 	2
 1.83 	 3.79 	 3.71 	1
 1.83 	 3.79 	 4.17 	1
 1.83 	 3.81 	 4.25 	1
 1.83 	 3.81 	 4.29 	1
 1.83 	 3.81 	 4.14 	0
 1.83 	 3.82 	 4.41 	1
 1.83 	 3.82 	 4.19 	1
 1.83 	 3.82 	 3.86 	1
 1.83 	 3.82 	 4.03 	1
 1.83 	 3.82 	 3.97 	0
 1.83 	 3.83 	 4.28 	1
 1.83 	 3.84 	 4.24 	2
 1.83 	 3.84 	 3.65 	0
 1.83 	 3.86 	 3.82 	2
 1.83 	 3.87 	 4.33 	1
 1.83 	 3.88 	 3.60 	1
 1.83 	 3.89 	 3.61 	1
 1.83 	 3.90 	 3.84 	2
 1.83 	 3.91 	 4.29  	0
 1.83 	 3.93 	 4.30 	1
 1.83 	 3.94 	 3.67 	2
 1.83 	 3.96  	 4.20  	0
 1.83 	 3.99 	 4.05 	1
 1.83 	 4.05	 4.12 	2
 1.83 	 4.07 	 3.99 	1
 1.83 	 4.09 	 4.08 	1
 1.83 	 4.10 	 4.00 	1
 1.83 	 4.16 	 3.72 	1
 1.83 	 4.17 	 3.85 	1
 1.83 	 4.27 	 3.86 	2
 1.83  	 3.51 	 4.47 	1
 1.83  	 3.62 	 4.60 	1
 1.83  	 3.63  	 4.65 	1
 1.83  	 3.65 	 4.46 	2
 1.83  	 3.71 	 3.92 	1
 1.83  	 3.72  	 4.32  	0
 1.83  	 3.77 	 4.44 	0
 1.83  	 3.80 	 4.43 	0
 1.83  	 3.80  	 4.38  	1
 1.83  	 3.81  	 4.36    	0
 1.83  	 3.97  	 4.07   	1
 1.83  	 3.97  	 4.20  	1
 1.83  	 3.98 	 4.00 	0
 1.83   	 3.61  	 4.65  	1
 1.84	 3.36 	 4.91 	1
 1.84 	 3.21 	 4.42 	1
 1.84 	 3.22 	 4.82 	1
 1.84 	 3.25 	 4.71 	0
 1.84 	 3.25 	 4.87 	0
 1.84 	 3.28 	 5.10 	0
 1.84 	 3.28 	 5.32 	1
 1.84 	 3.29 	 4.79 	0
 1.84 	 3.29 	 4.50 	1
 1.84 	 3.30 	 5.03 	2
 1.84 	 3.31 	 5.19 	1
 1.84 	 3.32 	 4.66 	1
 1.84 	 3.34 	 4.46 	2
 1.84 	 3.34 	 4.64 	1
 1.84 	 3.35 	 4.68 	0
 1.84 	 3.36 	 4.90 	2
 1.84 	 3.36 	 4.90 	2
 1.84 	 3.37 	 4.88 	1
 1.84 	 3.37  	 4.92 	1
 1.84 	 3.39 	 4.92 	1
 1.84 	 3.39 	 4.84 	1
 1.84 	 3.40 	 4.84 	1
 1.84 	 3.41 	 4.54 	1
 1.84 	 3.42 	 4.48 	1
 1.84 	 3.43 	 4.47 	1
 1.84 	 3.43 	 4.72 	0
 1.84 	 3.44 	 4.65 	2
 1.84 	 3.46 	 4.11 	1
 1.84 	 3.46 	 4.32 	0
 1.84 	 3.46 	 4.32 	0
 1.84 	 3.46 	 4.55 	0
 1.84 	 3.47 	 4.34 	0
 1.84 	 3.47 	 4.53 	0
 1.84 	 3.47 	 4.30 	1
 1.84 	 3.47  	 4.30 	1
 1.84 	 3.48 	 4.50 	1
 1.84 	 3.48 	 4.58 	1
 1.84 	 3.48 	 4.16 	1
 1.84 	 3.50 	 4.47 	1
 1.84 	 3.51 	 4.45 	0
 1.84 	 3.52 	 4.58 	1
 1.84 	 3.52 	 4.22 	1
 1.84 	 3.52 	 4.43 	1
 1.84 	 3.52  	 4.65 	0
 1.84 	 3.52  	 4.40 	2
 1.84 	 3.53 	 4.47 	0
 1.84 	 3.53 	 4.39 	1
 1.84 	 3.54 	 4.49 	1
 1.84 	 3.55 	 4.38 	1
 1.84 	 3.56 	 4.54 	2
 1.84 	 3.56 	 4.61  	1
 1.84 	 3.56 	 4.68 	0
 1.84 	 3.56 	 4.48 	1
 1.84 	 3.56 	 4.26 	0
 1.84 	 3.57 	 4.71 	1
 1.84 	 3.57 	 4.36 	1
 1.84 	 3.58 	 4.18 	0
 1.84 	 3.59 	 4.31 	2
 1.84 	 3.60 	 4.46 	1
 1.84 	 3.60 	 4.65 	2
 1.84 	 3.61 	 4.63 	0
 1.84 	 3.61 	 4.07 	1
 1.84 	 3.62 	 4.21 	2
 1.84 	 3.62 	 4.30 	0
 1.84 	 3.63 	 4.52 	2
 1.84 	 3.63 	 4.41 	1
 1.84 	 3.63 	 3.89 	1
 1.84 	 3.63 	 3.86 	1
 1.84 	 3.64 	 4.25 	1
 1.84 	 3.65 	 4.42 	0
 1.84 	 3.65 	 3.98 	0
 1.84 	 3.65 	 3.85 	1
 1.84 	 3.66 	 3.83 	1
 1.84 	 3.66 	 3.89 	1
 1.84 	 3.67 	 4.52 	1
 1.84 	 3.68 	 4.35 	1
 1.84 	 3.68 	 4.19 	1
 1.84 	 3.68 	 4.05 	2
 1.84 	 3.69 	 4.28 	1
 1.84 	 3.69 	 3.82 	0
 1.84 	 3.69 	 4.29 	1
 1.84 	 3.69 	 4.33 	1
 1.84 	 3.69 	 4.15 	1
 1.84 	 3.70 	 4.52 	0
 1.84 	 3.70 	 4.53 	1
 1.84 	 3.70 	 4.18 	0
 1.84 	 3.70 	 4.30 	1
 1.84 	 3.70 	 4.13 	1
 1.84 	 3.70 	 4.36 	1
 1.84 	 3.70 	 3.93 	1
 1.84 	 3.70 	 4.10 	0
 1.84 	 3.71 	 4.42 	1
 1.84 	 3.71 	 4.48 	0
 1.84 	 3.71 	 3.74 	0
 1.84 	 3.71 	 4.14 	2
 1.84 	 3.71  	 4.53 	1
 1.84 	 3.73 	 4.28 	1
 1.84 	 3.73 	 4.35 	1
 1.84 	 3.73 	 4.41 	2
 1.84 	 3.73 	 3.72 	2
 1.84 	 3.73 	 3.87  	1
 1.84 	 3.73 	  3.77 	2
 1.84 	 3.73 	 4.17 	1
 1.84 	 3.74 	 4.19 	1
 1.84 	 3.74 	 4.16 	1
 1.84 	 3.74 	 4.20 	1
 1.84 	 3.74 	 4.03 	1
 1.84 	 3.75 	 4.42 	1
 1.84 	 3.75 	 4.11 	1
 1.84 	 3.76 	 4.02 	1
 1.84 	 3.77 	 4.19  	2
 1.84 	 3.77 	 4.23  	1
 1.84 	 3.79 	 3.67 	1
 1.84 	 3.80 	 4.31 	2
 1.84 	 3.82 	 4.43  	2
 1.84 	 3.82 	 4.01 	0
 1.84 	 3.83 	 4.17  	0
 1.84 	 3.84 	 4.44 	1
 1.84 	 3.84 	 4.32 	2
 1.84 	 3.85 	 3.95 	1
 1.84 	 3.85 	 4.04 	1
 1.84 	 3.85 	 3.89 	2
 1.84 	 3.86 	 3.99  	1
 1.84 	 3.86 	 3.71 	1
 1.84 	 3.87 	 3.85 	1
 1.84 	 3.87 	 4.02 	2
 1.84 	 3.89 	 3.56 	2
 1.84 	 3.89 	 3.65 	1
 1.84 	 3.89  	 4.22 	2
 1.84 	 3.90 	 4.20 	0
 1.84 	 3.90 	 3.85 	0
 1.84 	 3.94 	 3.89 	1
 1.84 	 3.96 	 3.88 	1
 1.84 	 3.97 	 4.02 	2
 1.84 	 3.97 	 3.98 	1
 1.84 	 3.98 	 4.16 	2
 1.84 	 4.01 	 3.76 	1
 1.84 	 4.02 	 4.07 	0
 1.84 	 4.03 	 3.77 	1
 1.84 	 4.04 	 4.01 	2
 1.84  	 3.47  	 4.67  	2
 1.84  	 3.58  	 4.47  	2
 1.84  	 3.72 	 3.94  	0
 1.84  	 3.79  	 4.17 	1
 1.84  	 3.83 	 4.17 	1
 1.84  	 3.85 	 4.30 	0
 1.84  	 3.85  	 4.14  	0
 1.84   	 3.52 	 4.91  	0
 1.85 	 3.15 	 4.76 	2
 1.85 	 3.25 	 4.66 	1
 1.85 	 3.28 	 5.10 	2
 1.85 	 3.29 	 4.77 	1
 1.85 	 3.31 	 4.83 	0
 1.85 	 3.31 	 4.83  	0
 1.85 	 3.31 	 4.64 	2
 1.85 	 3.33 	 4.89 	1
 1.85 	 3.35 	 4.73 	2
 1.85 	 3.35 	 4.61 	1
 1.85 	 3.36 	 5.10	2
 1.85 	 3.37 	 4.57 	0
 1.85 	 3.39 	 4.46 	1
 1.85 	 3.39 	 4.69 	1
 1.85 	 3.39 	 4.59 	1
 1.85 	 3.41 	 4.82 	1
 1.85 	 3.43 	 4.74 	1
 1.85 	 3.43  	 4.83 	1
 1.85 	 3.44 	 4.76 	1
 1.85 	 3.44 	 4.44 	2
 1.85 	 3.45 	 4.52 	0
 1.85 	 3.45 	 4.61 	1
 1.85 	 3.46 	 4.26 	2
 1.85 	 3.47 	 4.62 	1
 1.85 	 3.47 	 4.41 	1
 1.85 	 3.47 	 4.45 	2
 1.85 	 3.48 	 4.51 	1
 1.85 	 3.48 	 3.93 	1
 1.85 	 3.48 	 4.50 	0
 1.85 	 3.48 	 4.61 	2
 1.85 	 3.50 	 4.79 	1
 1.85 	 3.50 	 4.70 	1
 1.85 	 3.50 	 4.29 	2
 1.85 	 3.50 	 3.94 	0
 1.85 	 3.51 	 4.59  	2
 1.85 	 3.51 	 4.17 	0
 1.85 	 3.52 	 4.56 	2
 1.85 	 3.54 	 4.46 	2
 1.85 	 3.54 	 4.53 	1
 1.85 	 3.55 	 4.46 	2
 1.85 	 3.55 	 4.49 	0
 1.85 	 3.55 	 4.39 	0
 1.85 	 3.56 	 3.86 	1
 1.85 	 3.56  	 3.89 	1
 1.85 	 3.57 	 3.93 	1
 1.85 	 3.57 	 4.10 	2
 1.85 	 3.58 	 3.83 	1
 1.85 	 3.58  	 4.34 	1
 1.85 	 3.59 	 4.52 	2
 1.85 	 3.59 	 4.02 	1
 1.85 	 3.59   	 4.37 	1
 1.85 	 3.60 	 4.38 	1
 1.85 	 3.61 	 4.60 	1
 1.85 	 3.61 	 3.92 	1
 1.85 	 3.62 	 3.80 	1
 1.85 	 3.62 	 4.24 	0
 1.85 	 3.62 	 4.10 	1
 1.85 	 3.63 	 4.38 	1
 1.85 	 3.63 	 4.26 	2
 1.85 	 3.63 	 3.77 	1
 1.85 	 3.64 	 4.40 	0
 1.85 	 3.64 	 3.79 	1
 1.85 	 3.64 	 3.73 	0
 1.85 	 3.65 	 4.42 	2
 1.85 	 3.65 	 3.74 	1
 1.85 	 3.66 	 3.75 	1
 1.85 	 3.67 	 3.84 	1
 1.85 	 3.67 	 4.23 	1
 1.85 	 3.68 	 3.88 	2
 1.85 	 3.68 	 4.38 	2
 1.85 	 3.68 	 4.28 	0
 1.85 	 3.68 	 4.03	2
 1.85 	 3.68  	 4.29 	0
 1.85 	 3.69 	 4.10 	0
 1.85 	 3.69 	 4.05 	1
 1.85 	 3.69 	 4.13 	2
 1.85 	 3.70 	 4.25 	1
 1.85 	 3.70 	 3.69 	1
 1.85 	 3.70 	 3.98 	1
 1.85 	 3.71 	 4.02 	0
 1.85 	 3.72 	 4.43  	2
 1.85 	 3.72 	 4.40 	0
 1.85 	 3.72 	 4.39 	0
 1.85 	 3.72 	 4.14 	0
 1.85 	 3.73 	 4.06 	2
 1.85 	 3.73  	 4.16 	2
 1.85 	 3.74  	 3.67 	0
 1.85 	 3.75 	 4.40 	1
 1.85 	 3.75 	 3.76 	1
 1.85 	 3.75 	 3.80 	2
 1.85 	 3.77 	 4.29 	0
 1.85 	 3.77  	 4.20 	2
 1.85 	 3.78 	 4.20 	2
 1.85 	 3.78 	 3.70 	0
 1.85 	 3.78 	 3.94 	1
 1.85 	 3.79 	 4.29 	1
 1.85 	 3.81 	 3.94 	1
 1.85 	 3.81 	 3.53 	0
 1.85 	 3.81 	 3.92 	2
 1.85 	 3.82 	 4.25  	0
 1.85 	 3.83 	 4.10 	0
 1.85 	 3.83 	 3.97 	0
 1.85 	 3.85 	 3.77 	1
 1.85 	 3.85 	 3.91 	1
 1.85 	 3.86 	 4.14 	0
 1.85 	 3.86 	 3.75 	2
 1.85 	 3.87 	 4.12 	1
 1.85 	 3.88 	 3.94 	1
 1.85 	 3.88 	 3.81 	1
 1.85 	 3.89 	 4.02 	1
 1.85 	 3.90 	 3.94 	1
 1.85 	 3.91 	 3.72 	1
 1.85 	 3.92 	 4.05 	1
 1.85 	 3.92 	 3.81 	0
 1.85 	 3.97 	 3.61 	1
 1.85 	 3.98 	 3.92 	1
 1.85 	 4.06 	 3.76 	1
 1.85  	 3.34 	 4.65 	0
 1.85  	 3.37 	 5.03  	2
 1.85  	 3.51 	 4.85 	0
 1.85  	 3.56  	 4.61  	1
 1.85  	 3.57 	 4.43 	2
 1.85  	 3.58  	 4.41  	1
 1.85  	 3.63  	 4.52  	1
 1.85  	 3.90  	 4.19  	0
 1.85  	 3.96  	 3.92  	1
 1.85  	 4.03 	 4.14  	1
 1.85  	 4.03  	 3.99 	1
 1.85  	 4.17 	 3.85 	2
 1.85  	 4.24  	 3.74  	2
 1.85   	 3.86 	  4.27 	1
 1.85   	 4.00	  4.02  	0
 1.85   	 4.01  	 4.11	1
 1.86 	 3.19 	 5.39 	2
 1.86 	 3.24 	 4.83 	1
 1.86 	 3.24 	 4.81 	2
 1.86 	 3.28 	 4.61 	0
 1.86 	 3.29 	 5.17 	1
 1.86 	 3.29 	 4.17 	0
 1.86 	 3.31 	 4.81 	1
 1.86 	 3.32 	 5.08 	1
 1.86 	 3.35 	 4.62 	0
 1.86 	 3.35 	 4.75 	1
 1.86 	 3.35 	 4.79 	1
 1.86 	 3.36 	 4.96 	0
 1.86 	 3.36 	 4.40 	1
 1.86 	 3.36 	 4.53 	0
 1.86 	 3.37 	 4.54 	1
 1.86 	 3.38 	 4.11 	1
 1.86 	 3.39 	 4.28 	2
 1.86 	 3.39 	 4.44 	1
 1.86 	 3.40 	 4.81 	1
 1.86 	 3.41 	 4.46 	2
 1.86 	 3.42 	 4.00 	0
 1.86 	 3.43 	 4.50 	1
 1.86 	 3.43 	 4.37 	0
 1.86 	 3.43 	 4.55 	0
 1.86 	 3.43 	 4.58 	2
 1.86 	 3.44 	 4.30 	2
 1.86 	 3.44  	 4.57 	2
 1.86 	 3.45 	 4.31 	1
 1.86 	 3.45 	 4.38 	2
 1.86 	 3.46 	 4.64 	2
 1.86 	 3.46 	 4.64 	1
 1.86 	 3.46 	 4.17 	0
 1.86 	 3.47 	 3.13 	0
 1.86 	 3.47 	 4.35 	2
 1.86 	 3.48 	 4.71  	1
 1.86 	 3.48 	 4.42 	1
 1.86 	 3.48 	 4.38 	0
 1.86 	 3.49 	 4.72 	0
 1.86 	 3.49 	 4.43 	1
 1.86 	 3.49 	 4.49 	0
 1.86 	 3.49  	 4.30 	1
 1.86 	 3.50 	 4.67 	1
 1.86 	 3.50 	 4.21 	0
 1.86 	 3.50  	 4.72 	2
 1.86 	 3.51 	 4.58 	1
 1.86 	 3.51 	 4.09 	1
 1.86 	 3.51 	 4.30 	1
 1.86 	 3.52 	 4.57  	0
 1.86 	 3.54 	 4.32 	1
 1.86 	 3.54 	 4.23  	2
 1.86 	 3.54 	 4.24 	1
 1.86 	 3.55 	 3.80 	0
 1.86 	 3.55 	 4.28 	0
 1.86 	 3.55 	 4.29 	1
 1.86 	 3.57 	 4.04 	2
 1.86 	 3.58 	 4.59 	1
 1.86 	 3.59 	 4.31 	1
 1.86 	 3.59 	 4.03 	1
 1.86 	 3.60 	 4.59 	1
 1.86 	 3.60 	 4.56 	1
 1.86 	 3.60 	 3.85 	1
 1.86 	 3.60 	 4.03 	2
 1.86 	 3.60  	 4.54 	1
 1.86 	 3.61 	 4.50  	0
 1.86 	 3.61 	 4.49 	1
 1.86 	 3.61 	 4.48 	1
 1.86 	 3.61 	 4.32 	1
 1.86 	 3.61 	 4.28 	0
 1.86 	 3.61 	 4.24 	0
 1.86 	 3.61 	 4.18 	2
 1.86 	 3.61  	 4.58  	1
 1.86 	 3.62 	 4.55 	1
 1.86 	 3.62 	 4.25 	0
 1.86 	 3.62 	 3.78 	1
 1.86 	 3.63 	 4.35 	1
 1.86 	 3.63 	 4.49 	1
 1.86 	 3.63 	 4.24 	1
 1.86 	 3.63 	 3.90 	2
 1.86 	 3.63 	 4.07 	0
 1.86 	 3.64 	 4.23 	1
 1.86 	 3.64 	 3.90 	2
 1.86 	 3.65 	 3.83 	0
 1.86 	 3.65 	 4.04 	2
 1.86 	 3.66 	 4.32 	1
 1.86 	 3.66 	 3.74 	1
 1.86 	 3.66 	 3.67 	1
 1.86 	 3.67 	 4.01 	0
 1.86 	 3.68 	 4.39 	1
 1.86 	 3.68 	 3.99 	1
 1.86 	 3.68 	 4.13 	1
 1.86 	 3.68 	 4.09 	1
 1.86 	 3.69 	 4.42 	2
 1.86 	 3.69 	 3.87 	0
 1.86 	 3.70 	 4.15 	1
 1.86 	 3.70  	 4.33 	1
 1.86 	 3.71 	 3.98 	0
 1.86 	 3.72 	 3.99 	2
 1.86 	 3.72 	 4.18 	1
 1.86 	 3.73 	 4.12 	1
 1.86 	 3.73 	 4.05 	1
 1.86 	 3.74 	 4.24  	1
 1.86 	 3.75 	 4.34 	1
 1.86 	 3.75 	 4.12 	1
 1.86 	 3.75 	 3.99 	2
 1.86 	 3.75 	 4.33 	1
 1.86 	 3.75 	 3.94 	1
 1.86 	 3.76 	 3.63 	1
 1.86 	 3.76 	 3.72 	0
 1.86 	 3.76 	 3.74 	1
 1.86 	 3.76 	 3.78 	1
 1.86 	 3.76 	 3.73 	1
 1.86 	 3.77 	 3.95 	1
 1.86 	 3.78 	 4.12 	1
 1.86 	 3.78 	 4.24 	1
 1.86 	 3.79 	 4.04 	0
 1.86 	 3.80 	 3.56 	1
 1.86 	 3.80 	 3.82 	2
 1.86 	 3.81 	 3.90 	0
 1.86 	 3.81 	 4.04 	2
 1.86 	 3.82 	 3.82 	1
 1.86 	 3.83 	 3.84 	0
 1.86 	 3.83 	 4.06 	1
 1.86 	 3.85 	 3.95 	1
 1.86 	 3.86 	 3.99 	2
 1.86 	 3.86 	 3.99 	0
 1.86 	 3.86 	 3.86 	1
 1.86 	 3.86 	 3.40 	1
 1.86 	 3.86 	 3.86 	1
 1.86 	 3.92 	 3.86 	0
 1.86 	 3.94 	 3.79 	1
 1.86 	 3.95 	 3.59 	2
 1.86 	 3.97 	 3.42 	1
 1.86 	 4.01 	 3.99 	0
 1.86 	 4.02 	 3.92 	1
 1.86 	 4.02 	 3.71 	1
 1.86 	 4.09 	 3.77 	2
 1.86  	 3.14  	 5.36 	0
 1.86  	 3.51 	 4.68 	0
 1.86  	 3.58   	 4.34  	1
 1.86  	 3.73 	 4.02 	1
 1.86  	 3.81  	 4.08  	1
 1.86  	 3.88 	 4.22 	0
 1.86   	 3.69  	 4.40   	1
 1.87 	 3.01 	 5.23 	1
 1.87 	 3.21 	 5.28 	2
 1.87 	 3.25 	 4.59 	0
 1.87 	 3.26 	 4.60 	1
 1.87 	 3.30 	 4.98 	0
 1.87 	 3.35 	 4.34 	1
 1.87 	 3.35 	 4.47 	1
 1.87 	 3.36 	 4.44 	1
 1.87 	 3.38 	 4.41 	1
 1.87 	 3.40  	 4.79 	1
 1.87 	 3.41 	 4.64 	0
 1.87 	 3.42 	 4.42  	1
 1.87 	 3.42 	 4.41 	0
 1.87 	 3.42 	 4.44 	1
 1.87 	 3.42 	 4.37 	1
 1.87 	 3.43 	 4.41 	1
 1.87 	 3.44 	 4.21 	0
 1.87 	 3.44 	 4.36 	0
 1.87 	 3.45 	 4.41 	2
 1.87 	 3.45 	 4.29 	1
 1.87 	 3.46 	 4.55 	0
 1.87 	 3.47 	 4.13 	0
 1.87 	 3.47 	 4.00 	1
 1.87 	 3.48 	 4.27 	0
 1.87 	 3.48 	 4.41 	1
 1.87 	 3.48 	 4.25 	1
 1.87 	 3.48 	 4.25 	1
 1.87 	 3.49 	 4.61 	0
 1.87 	 3.49 	 4.53 	1
 1.87 	 3.49 	 4.43 	1
 1.87 	 3.49 	 4.07 	1
 1.87 	 3.50 	 4.29 	0
 1.87 	 3.50 	 3.82 	0
 1.87 	 3.50 	 4.32 	1
 1.87 	 3.50 	 4.23 	0
 1.87 	 3.51 	 4.47 	2
 1.87 	 3.51 	 4.48 	1
 1.87 	 3.53 	 4.08 	0
 1.87 	 3.53 	 4.07 	1
 1.87 	 3.54 	 4.25  	1
 1.87 	 3.55 	 4.24 	0
 1.87 	 3.56 	 4.64 	1
 1.87 	 3.56 	 3.96 	1
 1.87 	 3.57 	 4.42  	0
 1.87 	 3.57 	 4.46 	1
 1.87 	 3.57 	 4.23 	0
 1.87 	 3.57 	 4.16 	2
 1.87 	 3.58 	 4.45 	0
 1.87 	 3.58 	 4.24 	2
 1.87 	 3.58 	 4.18 	2
 1.87 	 3.59 	 4.17 	1
 1.87 	 3.60 	 4.12 	1
 1.87 	 3.60 	 4.13 	0
 1.87 	 3.61 	 4.46 	1
 1.87 	 3.61 	 3.88 	0
 1.87 	 3.61 	 3.75 	2
 1.87 	 3.61 	 4.12 	0
 1.87 	 3.61 	 4.06 	1
 1.87 	 3.62 	 4.27 	1
 1.87 	 3.62 	 4.50 	1
 1.87 	 3.63 	 4.35 	2
 1.87 	 3.63 	 4.14 	1
 1.87 	 3.63 	 4.06 	0
 1.87 	 3.64 	 4.03 	1
 1.87 	 3.65 	 4.43 	1
 1.87 	 3.65 	 4.27 	1
 1.87 	 3.65 	 4.30 	0
 1.87 	 3.65 	 4.23 	1
 1.87 	 3.66 	 4.19 	1
 1.87 	 3.66 	 3.83 	1
 1.87 	 3.66 	 4.19 	0
 1.87 	 3.66 	 3.89 	2
 1.87 	 3.66 	 3.91 	2
 1.87 	 3.66 	 4.12 	1
 1.87 	 3.67 	 4.20 	2
 1.87 	 3.68 	 4.19 	1
 1.87 	 3.68 	 3.99 	1
 1.87 	 3.68 	 3.99 	1
 1.87 	 3.69 	 4.20  	2
 1.87 	 3.69 	 3.95 	1
 1.87 	 3.69 	 3.92 	1
 1.87 	 3.69  	 4.29 	1
 1.87 	 3.70 	 3.91 	2
 1.87 	 3.70  	 4.36  	1
 1.87 	 3.71 	 4.20 	1
 1.87 	 3.71 	 4.23  	0
 1.87 	 3.71 	 3.64 	0
 1.87 	 3.71 	 4.03 	2
 1.87 	 3.73 	 4.24 	1
 1.87 	 3.73 	 3.74 	1
 1.87 	 3.75 	 4.02 	0
 1.87 	 3.77 	 4.12 	1
 1.87 	 3.78 	 3.92 	1
 1.87 	 3.78  	 4.32  	2
 1.87 	 3.79 	 4.06 	0
 1.87 	 3.79 	 4.05 	0
 1.87 	 3.79 	 4.06 	1
 1.87 	 3.80 	 4.16 	1
 1.87 	 3.80 	 3.92  	1
 1.87 	 3.80 	 3.96 	1
 1.87 	 3.83 	 3.95 	2
 1.87 	 3.84 	 3.83 	1
 1.87 	 3.84 	 3.85 	1
 1.87 	 3.85 	 4.13 	1
 1.87 	 3.85 	 3.80 	0
 1.87 	 3.85 	 3.90 	1
 1.87 	 3.86 	 4.03 	0
 1.87 	 3.89 	 3.80 	1
 1.87 	 3.92 	 4.06 	2
 1.87 	 3.92  	 4.08 	0
 1.87 	 3.96 	 3.96 	2
 1.87 	 3.96 	 3.82 	1
 1.87  	 3.37 	 4.92 	2
 1.87  	 3.62 	 4.34  	0
 1.87  	 3.63 	 3.73 	1
 1.87  	 3.73 	 4.20 	0
 1.87  	 3.73  	 4.13  	0
 1.87  	 3.76 	 4.28 	1
 1.87  	 3.77 	 4.04  	2
 1.87  	 3.84 	 4.17 	1
 1.87  	 4.93  	 6.65  	0
 1.87   	 3.72  	 4.24  	0
 1.88 	  3.77  	 4.01  	1
 1.88 	 3.14 	 5.44 	0
 1.88 	 3.16 	 4.89 	1
 1.88 	 3.18 	 4.65 	2
 1.88 	 3.21 	 4.69 	0
 1.88 	 3.28 	 4.60 	0
 1.88 	 3.28 	 4.61 	2
 1.88 	 3.29 	 4.64 	2
 1.88 	 3.30 	 4.94 	1
 1.88 	 3.30 	 4.36 	1
 1.88 	 3.30  	 4.38 	0
 1.88 	 3.31 	 4.69 	1
 1.88 	 3.31 	 4.55 	1
 1.88 	 3.34 	 4.36 	1
 1.88 	 3.35 	 4.73 	1
 1.88 	 3.36 	 4.45 	0
 1.88 	 3.36 	 4.43 	1
 1.88 	 3.36 	 4.67 	0
 1.88 	 3.37 	 4.20 	1
 1.88 	 3.38 	 4.46 	1
 1.88 	 3.38 	 4.36 	1
 1.88 	 3.38 	 4.51 	1
 1.88 	 3.39 	 4.55 	1
 1.88 	 3.39 	 4.45 	1
 1.88 	 3.39 	 4.39 	2
 1.88 	 3.39 	 4.38 	0
 1.88 	 3.40 	 4.71 	0
 1.88 	 3.40 	 4.13 	2
 1.88 	 3.41 	 4.47 	0
 1.88 	 3.42 	 3.81 	0
 1.88 	 3.42 	 4.47 	0
 1.88 	 3.43 	 4.56 	0
 1.88 	 3.43 	 4.24 	2
 1.88 	 3.44 	 4.06 	1
 1.88 	 3.45 	 4.56 	1
 1.88 	 3.45 	 4.46 	0
 1.88 	 3.46 	 4.07 	1
 1.88 	 3.47 	 4.41 	1
 1.88 	 3.48 	 4.24 	1
 1.88 	 3.50 	 4.22 	1
 1.88 	 3.50 	 4.46 	0
 1.88 	 3.50 	 4.38 	1
 1.88 	 3.50  	 4.31 	1
 1.88 	 3.51 	 4.34 	0
 1.88 	 3.52 	 4.30 	0
 1.88 	 3.52 	 3.79 	1
 1.88 	 3.53 	 4.14 	2
 1.88 	 3.53 	 4.25 	1
 1.88 	 3.53 	 3.73 	1
 1.88 	 3.53 	 4.28 	1
 1.88 	 3.53 	 4.17 	2
 1.88 	 3.54 	 4.38 	0
 1.88 	 3.54 	 4.39 	0
 1.88 	 3.54 	 4.14 	0
 1.88 	 3.54 	 4.26 	1
 1.88 	 3.54 	 4.16 	1
 1.88 	 3.55 	 3.74 	1
 1.88 	 3.55 	 3.74 	2
 1.88 	 3.55 	 3.74 	2
 1.88 	 3.56 	 4.25 	2
 1.88 	 3.56 	 4.20 	0
 1.88 	 3.58 	 3.60 	1
 1.88 	 3.58 	 3.86 	2
 1.88 	 3.58 	 4.09  	1
 1.88 	 3.59 	 4.17 	1
 1.88 	 3.60 	 4.46 	1
 1.88 	 3.60 	 4.11 	1
 1.88 	 3.61 	 4.25 	0
 1.88 	 3.61 	 4.26  	1
 1.88 	 3.61 	 4.27 	0
 1.88 	 3.61 	 3.78 	2
 1.88 	 3.62 	 4.17 	2
 1.88 	 3.62 	 4.09 	1
 1.88 	 3.62 	 4.06 	0
 1.88 	 3.62 	 4.25 	1
 1.88 	 3.62 	 4.06 	2
 1.88 	 3.62  	 4.14  	1
 1.88 	 3.62  	 3.69 	1
 1.88 	 3.63 	 3.66 	0
 1.88 	 3.63 	 3.65 	0
 1.88 	 3.63 	 4.09 	1
 1.88 	 3.64 	 4.19 	2
 1.88 	 3.64 	 4.08 	1
 1.88 	 3.65   	 4.17  	1
 1.88 	 3.66 	 4.35 	2
 1.88 	 3.66 	 4.28 	2
 1.88 	 3.66 	 4.27 	1
 1.88 	 3.66 	 4.21 	0
 1.88 	 3.67 	 4.06 	1
 1.88 	 3.67 	 4.18 	1
 1.88 	 3.67 	 3.97 	1
 1.88 	 3.68 	 4.30 	1
 1.88 	 3.68 	 3.79 	2
 1.88 	 3.68  	 4.25 	1
 1.88 	 3.69 	 4.05 	1
 1.88 	 3.69 	 4.08 	1
 1.88 	 3.69 	 3.70 	0
 1.88 	 3.70 	 4.04 	1
 1.88 	 3.71 	 3.89 	0
 1.88 	 3.74 	 4.21 	2
 1.88 	 3.76 	 3.75 	1
 1.88 	 3.76 	 4.16 	1
 1.88 	 3.77 	 4.19 	1
 1.88 	 3.77 	 3.76 	0
 1.88 	 3.78 	 3.89 	0
 1.88 	 3.80 	 4.00 	1
 1.88 	 3.80 	 3.97 	2
 1.88 	 3.80 	 3.57 	1
 1.88 	 3.81 	 4.13 	1
 1.88 	 3.81 	 3.95 	1
 1.88 	 3.81 	 3.91 	2
 1.88 	 3.81 	 3.87 	1
 1.88 	 3.84 	 3.97 	2
 1.88 	 3.86 	 3.95 	0
 1.88 	 3.87 	 3.78 	1
 1.88 	 3.88 	 3.77 	0
 1.88 	 3.88 	 3.96 	1
 1.88 	 3.88 	 3.85 	2
 1.88 	 3.91 	 3.99 	1
 1.88 	 3.92 	 4.02 	2
 1.88 	 3.93  	 3.59 	1
 1.88 	 3.96 	 3.37 	0
 1.88 	 3.97 	 3.79 	2
 1.88 	 4.00 	 3.84 	1
 1.88 	 4.00 	 3.74 	1
 1.88 	 4.04 	 3.90 	0
 1.88 	 4.08 	 3.56 	2
 1.88  	 3.55  	 3.55 	2
 1.88  	 3.55  	 4.30  	0
 1.88  	 3.92  	 3.88  	2
 1.88  	 3.93  	 4.10  	1
 1.89 	 3.09 	 4.89 	0
 1.89 	 3.18 	 4.51 	2
 1.89 	 3.22 	 4.85 	1
 1.89 	 3.22 	 4.85  	1
 1.89 	 3.22 	 5.04 	1
 1.89 	 3.22 	 4.83 	1
 1.89 	 3.26 	 4.43 	1
 1.89 	 3.26 	 4.53 	2
 1.89 	 3.27 	 4.47 	1
 1.89 	 3.28 	 5.03 	1
 1.89 	 3.28 	 4.36 	2
 1.89 	 3.29 	 4.44 	2
 1.89 	 3.30 	 4.43 	2
 1.89 	 3.30 	 4.52 	0
 1.89 	 3.31	 4.89 	1
 1.89 	 3.31 	 4.42 	0
 1.89 	 3.31  	 4.87 	0
 1.89 	 3.32 	 4.43 	2
 1.89 	 3.32 	 4.47 	1
 1.89 	 3.32 	 4.47 	0
 1.89 	 3.32 	 4.64 	1
 1.89 	 3.33 	 3.98 	0
 1.89 	 3.35 	 4.86  	1
 1.89 	 3.36 	 4.56 	0
 1.89 	 3.36 	 4.34 	1
 1.89 	 3.37 	 4.39 	1
 1.89 	 3.38 	 4.22 	2
 1.89 	 3.39  	 4.62 	1
 1.89 	 3.40 	 4.58 	0
 1.89 	 3.40 	 4.50 	1
 1.89 	 3.40 	 4.30 	2
 1.89 	 3.41 	 4.71 	1
 1.89 	 3.41 	 4.29 	1
 1.89 	 3.41 	 4.34 	1
 1.89 	 3.42 	 4.71 	1
 1.89 	 3.42 	 4.38 	0
 1.89 	 3.42 	 4.34 	2
 1.89 	 3.42 	 4.30 	1
 1.89 	 3.42 	 4.36 	2
 1.89 	 3.42 	 4.32 	1
 1.89 	 3.42 	 4.22 	0
 1.89 	 3.42  	 4.62 	2
 1.89 	 3.43 	 4.25 	1
 1.89 	 3.46 	 4.44 	2
 1.89 	 3.46 	 4.20 	1
 1.89 	 3.46 	 4.09 	1
 1.89 	 3.48 	 4.30 	1
 1.89 	 3.48 	 4.30  	0
 1.89 	 3.49 	 4.41 	0
 1.89 	 3.49 	 4.52 	2
 1.89 	 3.49 	 4.35 	1
 1.89 	 3.49 	 4.31  	1
 1.89 	 3.50 	 4.37 	1
 1.89 	 3.50 	 3.74 	0
 1.89 	 3.51 	 4.44 	1
 1.89 	 3.51 	 4.18 	0
 1.89 	 3.51 	 3.88 	1
 1.89 	 3.51 	 4.11 	1
 1.89 	 3.51 	 4.21 	0
 1.89 	 3.52 	 4.27 	1
 1.89 	 3.52 	 4.32 	0
 1.89 	 3.52 	 4.07 	0
 1.89 	 3.53 	 3.71 	1
 1.89 	 3.53 	 4.29 	0
 1.89 	 3.53 	 4.33 	2
 1.89 	 3.53 	 4.04 	0
 1.89 	 3.53 	 4.12 	2
 1.89 	 3.53 	 4.05 	1
 1.89 	 3.54 	 4.38 	0
 1.89 	 3.54 	 4.30 	1
 1.89 	 3.54 	 3.96 	0
 1.89 	 3.55 	 3.84 	0
 1.89 	 3.56 	 4.08 	2
 1.89 	 3.56 	 4.09 	0
 1.89 	 3.56 	 4.24 	1
 1.89 	 3.56 	 4.20  	0
 1.89 	 3.56 	 4.09 	0
 1.89 	 3.56 	 4.03 	0
 1.89 	 3.56 	 4.03 	0
 1.89 	 3.57 	 4.44 	1
 1.89 	 3.57 	 4.37 	1
 1.89 	 3.58 	 3.67 	0
 1.89 	 3.59 	 4.29 	2
 1.89 	 3.59 	 3.98 	0
 1.89 	 3.59 	 4.06 	1
 1.89 	 3.59 	 4.07 	1
 1.89 	 3.59  	 4.34 	1
 1.89 	 3.60 	 4.42 	1
 1.89 	 3.60 	 4.20 	2
 1.89 	 3.60 	 4.21 	2
 1.89 	 3.60 	 4.20 	1
 1.89 	 3.60 	 3.69 	1
 1.89 	 3.60 	 4.04 	2
 1.89 	 3.61 	 4.28 	1
 1.89 	 3.61 	 4.38 	1
 1.89 	 3.61 	 4.06 	0
 1.89 	 3.61 	 4.01 	2
 1.89 	 3.62 	 4.16 	0
 1.89 	 3.62 	 3.99 	0
 1.89 	 3.62 	 3.64 	1
 1.89 	 3.62 	 4.00 	2
 1.89 	 3.62 	 4.05 	0
 1.89 	 3.63 	 4.13 	0
 1.89 	 3.64 	 4.17 	0
 1.89 	 3.64 	 3.57 	2
 1.89 	 3.66 	 4.08 	2
 1.89 	 3.67 	 4.22 	0
 1.89 	 3.67 	 4.08 	1
 1.89 	 3.67 	 3.85 	1
 1.89 	 3.67 	 3.56 	0
 1.89 	 3.68 	 4.13 	2
 1.89 	 3.69 	 4.22 	2
 1.89 	 3.69 	 3.55 	1
 1.89 	 3.70 	 4.05 	2
 1.89 	 3.70 	 3.97 	1
 1.89 	 3.70 	 3.87 	2
 1.89 	 3.70  	 4.04 	0
 1.89 	 3.71 	 3.98 	0
 1.89 	 3.72 	 4.21 	1
 1.89 	 3.73 	 3.88 	0
 1.89 	 3.74 	 3.98 	1
 1.89 	 3.79 	 3.59 	1
 1.89 	 3.82 	 3.90 	2
 1.89 	 3.83 	 3.72 	0
 1.89 	 3.85  	 3.95 	0
 1.89 	 3.86  	 3.83  	2
 1.89 	 3.87 	 3.66 	1
 1.89 	 3.87 	 3.73 	0
 1.89 	 3.87  	 4.02 	1
 1.89 	 3.90  	 3.81 	1
 1.89 	 3.92 	 3.85 	1
 1.89 	 4.07 	 3.84 	0
 1.89  	 3.40 	 3.90 	0
 1.89  	 3.44  	 4.39  	1
 1.89  	 3.45 	 4.62 	2
 1.89  	 3.51 	 4.55 	1
 1.89  	 3.52  	 4.43  	0
 1.89  	 3.57   	 4.25  	0
 1.89  	 3.58 	 4.44  	1
 1.89  	 3.61 	 4.27 	2
 1.89  	 3.64  	 4.16  	1
 1.89  	 3.64  	 4.33 	2
 1.89  	 3.75 	 4.12	2
 1.89  	 3.79  	 3.96   	0
 1.89  	 3.85 	 3.71 	1
 1.89  	 3.86  	 3.83  	2
 1.89  	 3.87  	 3.83  	0
 1.89  	 3.91 	 3.83  	2
 1.89  	 4.03 	 3.75 	2
 1.90 	 3.10 	 4.91 	1
 1.90 	 3.12 	 4.72 	1
 1.90 	 3.18 	 4.60 	0
 1.90 	 3.20 	 4.87 	2
 1.90 	 3.20 	 5.07  	1
 1.90 	 3.20 	 4.65 	2
 1.90 	 3.21 	 4.53 	2
 1.90 	 3.22 	 4.48 	1
 1.90 	 3.23 	 4.78 	1
 1.90 	 3.25 	 4.45 	1
 1.90 	 3.25 	 4.48 	0
 1.90 	 3.27 	 4.89 	1
 1.90 	 3.27 	 4.64 	1
 1.90 	 3.29 	 4.41 	2
 1.90 	 3.30 	 4.58 	2
 1.90 	 3.31 	 4.81 	1
 1.90 	 3.32 	 4.62 	0
 1.90 	 3.32 	 4.35 	0
 1.90 	 3.32 	 4.30 	1
 1.90 	 3.33 	 4.31 	0
 1.90 	 3.34 	 4.71 	1
 1.90 	 3.34 	 4.24 	2
 1.90 	 3.35 	 4.44 	1
 1.90 	 3.35 	 4.24 	1
 1.90 	 3.36 	 4.29 	2
 1.90 	 3.37 	 4.05 	0
 1.90 	 3.38 	 4.34 	0
 1.90 	 3.39 	 4.35 	0
 1.90 	 3.40 	 4.46 	0
 1.90 	 3.40 	 4.66  	2
 1.90 	 3.40 	 4.17 	1
 1.90 	 3.40 	 4.16 	1
 1.90 	 3.40 	 4.05 	1
 1.90 	 3.41 	 4.51 	0
 1.90 	 3.41 	 4.23 	0
 1.90 	 3.41 	 4.37 	2
 1.90 	 3.41 	 4.46 	2
 1.90 	 3.42 	 4.16 	2
 1.90 	 3.42 	 4.34 	1
 1.90 	 3.42 	 3.93 	1
 1.90 	 3.42 	 4.25 	0
 1.90 	 3.43 	 4.57 	0
 1.90 	 3.43 	 4.33 	0
 1.90 	 3.44 	 4.58 	1
 1.90 	 3.45 	 3.86 	0
 1.90 	 3.46 	 3.86 	2
 1.90 	 3.46 	 4.03 	1
 1.90 	 3.47 	 4.29 	1
 1.90 	 3.47 	 4.20 	1
 1.90 	 3.49 	 4.33 	2
 1.90 	 3.49 	 3.76 	1
 1.90 	 3.49 	 4.28 	1
 1.90 	 3.49 	 3.83 	2
 1.90 	 3.49 	 4.22 	2
 1.90 	 3.50 	 4.47 	1
 1.90 	 3.50 	 4.40 	1
 1.90 	 3.50 	 4.09 	2
 1.90 	 3.50  	 5.07  	1
 1.90 	 3.51 	 4.47 	1
 1.90 	 3.51 	 3.76 	1
 1.90 	 3.51 	 4.23 	1
 1.90 	 3.52 	 4.42 	1
 1.90 	 3.53 	 4.43 	1
 1.90 	 3.53 	 4.19 	1
 1.90 	 3.53 	 4.24 	0
 1.90 	 3.53 	 3.93 	1
 1.90 	 3.54 	 3.85 	1
 1.90 	 3.54 	 4.09 	2
 1.90 	 3.55 	 4.33 	2
 1.90 	 3.55 	 4.17 	0
 1.90 	 3.55 	 3.66 	2
 1.90 	 3.55 	 4.25 	0
 1.90 	 3.55 	 3.83 	0
 1.90 	 3.56 	 4.20 	1
 1.90 	 3.56 	 3.71 	1
 1.90 	 3.57 	 4.19 	2
 1.90 	 3.57 	 3.96  	0
 1.90 	 3.57 	 4.07 	1
 1.90 	 3.57 	 4.06 	1
 1.90 	 3.58 	 4.14 	1
 1.90 	 3.59 	 4.35 	1
 1.90 	 3.59 	 4.08 	1
 1.90 	 3.60 	 4.09 	1
 1.90 	 3.60 	 4.22 	2
 1.90 	 3.60 	 3.69 	1
 1.90 	 3.60 	 3.98 	2
 1.90 	 3.61 	 4.29 	1
 1.90 	 3.61 	 4.01 	0
 1.90 	 3.61 	 4.20 	2
 1.90 	 3.61 	 3.80 	2
 1.90 	 3.61 	 4.01 	0
 1.90 	 3.62 	 4.03 	0
 1.90 	 3.63 	 4.09 	1
 1.90 	 3.63 	 3.55 	1
 1.90 	 3.63 	 4.19 	1
 1.90 	 3.63 	 4.00 	0
 1.90 	 3.64 	 4.04 	2
 1.90 	 3.64 	 3.60 	0
 1.90 	 3.65 	 4.22 	2
 1.90 	 3.65 	 4.01 	2
 1.90 	 3.65 	 3.96 	1
 1.90 	 3.66 	 4.22 	1
 1.90 	 3.66 	 3.57 	1
 1.90 	 3.67 	 4.19 	1
 1.90 	 3.67 	 3.64 	1
 1.90 	 3.67 	 3.65 	2
 1.90 	 3.67 	 3.95 	1
 1.90 	 3.69 	 3.51 	0
 1.90 	 3.69 	 3.54 	2
 1.90 	 3.69 	 3.77 	1
 1.90 	 3.70 	 4.16 	1
 1.90 	 3.71 	 4.14 	2
 1.90 	 3.72 	 3.96  	0
 1.90 	 3.72 	 3.99 	1
 1.90 	 3.72 	 3.43 	1
 1.90 	 3.72 	 4.11 	2
 1.90 	 3.74 	 3.51  	1
 1.90 	 3.75 	 3.98 	2
 1.90 	 3.79 	 4.11	1
 1.90 	 3.79 	 3.74 	0
 1.90 	 3.79 	 3.96 	0
 1.90 	 3.79 	 3.79 	1
 1.90 	 3.80 	 3.72 	0
 1.90 	 3.81 	 4.00 	0
 1.90 	 3.81 	 3.81 	0
 1.90 	 3.82 	 4.30 	0
 1.90 	 3.85 	 3.85 	1
 1.90 	 3.86 	 3.72 	1
 1.90 	 3.89 	 3.82 	1
 1.90 	 3.90 	 3.77 	0
 1.90 	 3.90 	 3.35 	1
 1.90 	 3.91 	 3.37 	0
 1.90 	 3.94 	 3.96 	0
 1.90 	 3.97 	 3.91 	2
 1.90 	 4.06 	 3.65 	2
 1.90 	 4.15 	 3.53 	1
 1.90  	 3.53  	 4.22 	1
 1.90  	 3.56 	 4.04 	1
 1.90  	 3.56 	 4.14 	0
 1.90  	 3.62  	 4.27  	1
 1.90  	 3.71  	 4.03  	1
 1.90  	 3.76  	 3.92  	2
 1.90  	 3.81 	 4.00	2
 1.90  	 3.83  	 4.02 	0
 1.90  	 3.84  	 3.86  	1
 1.91 	 3.13 	 4.74 	2
 1.91 	 3.14 	 4.69 	0
 1.91 	 3.16 	 4.98 	2
 1.91 	 3.24 	 4.74 	1
 1.91 	 3.24 	 4.73 	0
 1.91 	 3.28 	 4.42 	0
 1.91 	 3.29 	 4.21 	2
 1.91 	 3.29 	 4.36 	1
 1.91 	 3.30 	 4.47 	0
 1.91 	 3.32 	 4.50 	1
 1.91 	 3.33 	 4.53 	1
 1.91 	 3.33 	 4.73  	1
 1.91 	 3.33 	 4.40 	1
 1.91 	 3.33 	 4.33 	1
 1.91 	 3.33 	 4.24 	0
 1.91 	 3.34 	 4.24 	2
 1.91 	 3.36 	 4.65 	1
 1.91 	 3.36 	 4.30 	1
 1.91 	 3.38 	 3.82 	0
 1.91 	 3.38 	 4.31 	2
 1.91 	 3.39 	 3.96 	1
 1.91 	 3.40 	 4.38 	1
 1.91 	 3.40 	 4.37 	0
 1.91 	 3.41 	 4.20  	0
 1.91 	 3.42 	 4.47 	2
 1.91 	 3.42 	 4.16 	1
 1.91 	 3.42 	 4.05 	0
 1.91 	 3.42 	 4.38 	1
 1.91 	 3.42 	 4.31 	1
 1.91 	 3.43 	 3.80 	2
 1.91 	 3.43 	 4.29 	0
 1.91 	 3.44 	 4.50 	0
 1.91 	 3.44 	 4.53 	2
 1.91 	 3.44 	 4.39 	2
 1.91 	 3.44 	 4.14 	1
 1.91 	 3.45 	 4.20 	2
 1.91 	 3.46 	 4.41  	2
 1.91 	 3.46 	 4.17 	0
 1.91 	 3.46 	 3.79 	1
 1.91 	 3.47 	 4.28 	2
 1.91 	 3.47 	 4.09 	1
 1.91 	 3.48 	 3.99 	1
 1.91 	 3.48 	 3.92 	2
 1.91 	 3.49 	 3.72 	0
 1.91 	 3.49 	 4.09 	1
 1.91 	 3.49 	 3.82 	0
 1.91 	 3.49 	 4.11 	2
 1.91 	 3.49 	 4.10 	1
 1.91 	 3.50 	 4.36 	2
 1.91 	 3.50 	 4.24 	0
 1.91 	 3.50 	 4.32 	1
 1.91 	 3.51 	 4.04 	0
 1.91 	 3.51 	 4.28 	1
 1.91 	 3.52 	 4.33  	1
 1.91 	 3.52 	 4.34 	2
 1.91 	 3.52 	 4.43 	1
 1.91 	 3.52 	 4.21 	0
 1.91 	 3.53 	 4.38 	0
 1.91 	 3.53 	 3.91 	0
 1.91 	 3.53 	 3.99 	0
 1.91 	 3.53  	 4.30 	0
 1.91 	 3.54 	 4.04 	1
 1.91 	 3.55 	 4.26 	1
 1.91 	 3.55 	 4.13 	1
 1.91 	 3.55 	 3.73 	1
 1.91 	 3.55 	 3.67 	1
 1.91 	 3.55 	 3.82 	2
 1.91 	 3.56 	 4.27  	0
 1.91 	 3.56 	 4.03 	2
 1.91 	 3.56  	 3.72 	2
 1.91 	 3.58 	 4.24 	1
 1.91 	 3.58 	 4.15 	1
 1.91 	 3.58 	 4.25 	0
 1.91 	 3.58 	 2.29 	1
 1.91 	 3.59 	 4.05 	1
 1.91 	 3.59 	 3.55 	1
 1.91 	 3.59 	 4.22 	2
 1.91 	 3.60 	 3.58 	2
 1.91 	 3.61 	 4.00 	1
 1.91 	 3.61 	 3.93 	1
 1.91 	 3.61 	 3.90 	1
 1.91 	 3.62 	 3.89 	1
 1.91 	 3.62 	 4.02 	0
 1.91 	 3.62 	 3.75 	1
 1.91 	 3.64 	 4.10 	1
 1.91 	 3.64 	 3.94 	2
 1.91 	 3.64 	 4.14 	1
 1.91 	 3.65 	 3.97 	2
 1.91 	 3.65 	 3.54  	1
 1.91 	 3.65 	 3.78 	0
 1.91 	 3.66 	 3.82 	1
 1.91 	 3.67 	 3.82 	2
 1.91 	 3.68 	 3.92 	1
 1.91 	 3.70 	 3.65 	0
 1.91 	 3.71 	 3.95 	1
 1.91 	 3.71 	 3.48 	1
 1.91 	 3.72 	 4.02 	0
 1.91 	 3.72 	 3.52 	0
 1.91 	 3.73 	 3.76 	1
 1.91 	 3.74 	 3.87 	1
 1.91 	 3.74 	 3.64 	1
 1.91 	 3.75 	 3.46 	2
 1.91 	 3.75 	 3.50 	2
 1.91 	 3.77 	 4.03 	2
 1.91 	 3.77 	 3.89 	1
 1.91 	 3.77 	 3.81 	1
 1.91 	 3.78 	 4.02 	1
 1.91 	 3.78 	 3.89 	2
 1.91 	 3.79 	 4.08 	1
 1.91 	 3.79 	 4.00 	2
 1.91 	 3.81 	 3.83 	1
 1.91 	 3.81 	 3.94 	1
 1.91 	 3.82  	 3.89  	2
 1.91 	 3.83 	 4.01 	0
 1.91 	 3.84 	 3.82 	1
 1.91 	 3.84 	 3.35 	0
 1.91 	 3.85 	 1.75 	1
 1.91 	 3.91 	 3.56 	0
 1.91 	 3.92 	 3.73 	2
 1.91 	 3.92 	 3.68 	0
 1.91 	 3.94 	 3.89 	1
 1.91 	 3.97 	 3.79 	0
 1.91 	 4.00 	 3.67 	1
 1.91 	 4.03 	 3.63  	0
 1.91  	 3.13 	 5.18 	0
 1.91  	 3.58  	 3.87 	0
 1.91  	 3.61  	 4.05  	1
 1.91  	 3.62 	 4.24 	0
 1.91  	 3.75  	 4.01  	2
 1.91  	 3.78 	 4.01 	1
 1.91  	 3.81 	 3.99 	1
 1.91  	 3.82  	 3.86  	2
 1.91  	 3.86  	 3.83  	0
 1.91  	 3.91  	 3.76  	1
 1.91  	 4.03  	 3.80  	0
 1.91  	 4.07  	 3.74  	0
 1.92 	 3.07 	 5.11	2
 1.92 	 3.12 	 5.13 	1
 1.92 	 3.14 	 4.43 	1
 1.92 	 3.15 	 4.52 	1
 1.92 	 3.17 	 4.45 	2
 1.92 	 3.19 	 4.21 	1
 1.92 	 3.26 	 4.45 	1
 1.92 	 3.26 	 4.53 	1
 1.92 	 3.27  	 4.79  	1
 1.92 	 3.28 	 4.68 	0
 1.92 	 3.28 	 4.33 	0
 1.92 	 3.28 	 4.32 	0
 1.92 	 3.28 	 4.17 	2
 1.92 	 3.28 	 3.95 	2
 1.92 	 3.30 	 4.23 	1
 1.92 	 3.30 	 4.33 	1
 1.92 	 3.31 	 4.18 	0
 1.92 	 3.32 	 4.39 	1
 1.92 	 3.36 	 4.61  	1
 1.92 	 3.36 	 3.90 	1
 1.92 	 3.36 	 4.39 	1
 1.92 	 3.37 	 4.63 	0
 1.92 	 3.37 	 4.41 	0
 1.92 	 3.37  	 4.13 	2
 1.92 	 3.38 	 4.57 	0
 1.92 	 3.38 	 4.29 	2
 1.92 	 3.38 	 3.82 	0
 1.92 	 3.38 	 4.21 	1
 1.92 	 3.39 	 4.35 	1
 1.92 	 3.39 	 4.03 	1
 1.92 	 3.43 	 4.49 	1
 1.92 	 3.43 	 4.09 	1
 1.92 	 3.43 	 4.17 	0
 1.92 	 3.44 	 4.49 	0
 1.92 	 3.44 	 4.02 	0
 1.92 	 3.44 	 4.19 	0
 1.92 	 3.45 	 4.21 	1
 1.92 	 3.45 	 4.23 	0
 1.92 	 3.45 	 4.23 	1
 1.92 	 3.45 	 3.88 	1
 1.92 	 3.45 	 4.06 	0
 1.92 	 3.47 	 4.26  	0
 1.92 	 3.48 	 4.39 	2
 1.92 	 3.48 	 4.09 	1
 1.92 	 3.48 	 4.03 	1
 1.92 	 3.49 	 4.30 	1
 1.92 	 3.49  	 4.23 	1
 1.92 	 3.50 	 4.30 	1
 1.92 	 3.50 	 4.36 	1
 1.92 	 3.50 	 4.06  	1
 1.92 	 3.50 	 4.00 	1
 1.92 	 3.50 	 3.88 	0
 1.92 	 3.51 	 4.28 	1
 1.92 	 3.52 	 4.17 	0
 1.92 	 3.52 	 4.12 	1
 1.92 	 3.52 	 3.74 	1
 1.92 	 3.52 	 3.72 	2
 1.92 	 3.52 	 4.00 	1
 1.92 	 3.53 	 3.76 	1
 1.92 	 3.53 	 3.97 	1
 1.92 	 3.53 	 4.00 	1
 1.92 	 3.54 	 4.11 	1
 1.92 	 3.54 	 4.31 	0
 1.92 	 3.54 	 4.18 	1
 1.92 	 3.55 	 4.12 	0
 1.92 	 3.55 	 3.98 	1
 1.92 	 3.55 	 4.16 	0
 1.92 	 3.56 	 4.02 	0
 1.92 	 3.56 	 3.87 	1
 1.92 	 3.56 	 3.70 	1
 1.92 	 3.56 	 3.98 	2
 1.92 	 3.56 	 3.85 	1
 1.92 	 3.57 	 4.09 	0
 1.92 	 3.57 	 3.93 	1
 1.92 	 3.57 	 3.95 	2
 1.92 	 3.58 	 3.87 	2
 1.92 	 3.59 	 3.40 	1
 1.92 	 3.59 	 3.98 	1
 1.92 	 3.59 	 3.95 	0
 1.92 	 3.59  	 4.24  	0
 1.92 	 3.60 	 3.79 	0
 1.92 	 3.60 	 3.88  	1
 1.92 	 3.61 	 4.15 	0
 1.92 	 3.61 	 4.17 	2
 1.92 	 3.61 	 3.97 	0
 1.92 	 3.61 	 3.93 	2
 1.92 	 3.61  	 3.87 	2
 1.92 	 3.62 	 4.13 	0
 1.92 	 3.62 	 3.53 	0
 1.92 	 3.67 	 3.47 	2
 1.92 	 3.67 	 4.00 	1
 1.92 	 3.68 	 3.96 	0
 1.92 	 3.69 	 4.11 	0
 1.92 	 3.69 	 3.81 	1
 1.92 	 3.70  	 3.96 	0
 1.92 	 3.71 	 3.95 	2
 1.92 	 3.72 	 4.07 	0
 1.92 	 3.72 	 3.58 	0
 1.92 	 3.72  	 3.94 	2
 1.92 	 3.73 	 3.73 	2
 1.92 	 3.75 	 3.70 	0
 1.92 	 3.76 	 3.86  	2
 1.92 	 3.76 	 3.40 	1
 1.92 	 3.76 	 3.80 	1
 1.92 	 3.77 	 3.91  	0
 1.92 	 3.77 	 4.01 	1
 1.92 	 3.78 	 4.00	1
 1.92 	 3.78 	 3.88 	1
 1.92 	 3.78  	 3.51 	1
 1.92 	 3.79 	 3.32 	0
 1.92 	 3.80 	 3.93 	1
 1.92 	 3.80 	 3.93 	0
 1.92 	 3.82 	 3.95 	2
 1.92 	 3.82 	 3.72 	0
 1.92 	 3.83 	 3.91 	1
 1.92 	 3.83 	 3.56 	0
 1.92 	 3.83 	 3.68 	0
 1.92 	 3.84 	 3.93 	2
 1.92 	 3.84 	 3.84  	1
 1.92 	 3.84 	 3.49 	0
 1.92 	 3.85 	 3.45 	1
 1.92 	 3.87 	 3.43 	0
 1.92 	 3.87 	 3.62 	1
 1.92 	 3.91 	 3.60 	1
 1.92  	 3.48  	 4.46 	1
 1.92  	 3.49 	 3.62 	0
 1.92  	 3.61 	 4.29 	2
 1.92  	 3.61 	 3.94 	0
 1.92  	 3.64  	 3.94  	2
 1.92  	 3.67 	 4.10 	0
 1.92  	 3.70   	 3.92  	2
 1.92  	 3.72 	 3.99 	2
 1.92  	 3.73 	 3.96 	2
 1.92  	 3.83 	 3.95 	1
 1.93 	 3.11 	 4.56 	1
 1.93 	 3.13 	 4.16 	1
 1.93 	 3.19 	 4.43 	0
 1.93 	 3.20 	 4.69 	1
 1.93 	 3.25 	 4.28 	1
 1.93 	 3.27 	 4.73 	1
 1.93 	 3.27 	 4.35 	2
 1.93 	 3.28 	 4.48 	1
 1.93 	 3.28 	 4.64 	2
 1.93 	 3.28 	 4.40 	1
 1.93 	 3.28 	 4.52 	2
 1.93 	 3.31 	 4.65 	2
 1.93 	 3.31 	 4.21 	1
 1.93 	 3.31 	 4.35 	0
 1.93 	 3.32 	 4.26  	1
 1.93 	 3.33 	 4.68 	1
 1.93 	 3.33 	 4.46 	1
 1.93 	 3.34 	 4.18 	2
 1.93 	 3.34 	 4.14 	2
 1.93 	 3.34 	 4.17 	1
 1.93 	 3.35 	 4.10 	1
 1.93 	 3.35 	 4.20 	2
 1.93 	 3.35 	 4.24 	2
 1.93 	 3.35 	 4.43 	0
 1.93 	 3.35 	 4.42 	2
 1.93 	 3.36 	 4.25 	0
 1.93 	 3.37 	 4.33  	2
 1.93 	 3.37 	 4.33  	2
 1.93 	 3.37 	 4.28  	1
 1.93 	 3.37 	 4.39 	1
 1.93 	 3.37 	 4.48 	1
 1.93 	 3.38 	 4.43  	2
 1.93 	 3.38 	 4.28 	2
 1.93 	 3.39 	 4.21 	1
 1.93 	 3.39 	 4.14 	1
 1.93 	 3.39 	 4.29 	1
 1.93 	 3.39 	 4.38 	2
 1.93 	 3.39 	 4.20 	0
 1.93 	 3.40 	 4.31 	1
 1.93 	 3.40 	 4.32 	1
 1.93 	 3.40 	 3.72 	0
 1.93 	 3.41 	 4.04 	1
 1.93 	 3.42 	 4.22 	2
 1.93 	 3.42 	 4.15 	0
 1.93 	 3.43 	 4.03  	1
 1.93 	 3.43 	 3.68 	0
 1.93 	 3.43 	 4.12 	0
 1.93 	 3.43 	 4.10 	2
 1.93 	 3.43 	 4.04 	0
 1.93 	 3.46 	 4.19 	0
 1.93 	 3.46 	 4.08 	1
 1.93 	 3.46 	 3.86 	0
 1.93 	 3.47 	 3.99 	0
 1.93 	 3.47 	 4.16 	2
 1.93 	 3.48 	 4.20 	2
 1.93 	 3.48 	 4.11 	2
 1.93 	 3.49 	 3.98 	0
 1.93 	 3.50 	 4.22 	1
 1.93 	 3.50 	 3.99 	2
 1.93 	 3.51 	 4.31  	0
 1.93 	 3.51 	 3.73 	1
 1.93 	 3.52 	 4.31 	1
 1.93 	 3.52 	 4.08 	2
 1.93 	 3.53 	 4.24 	1
 1.93 	 3.53 	 3.87 	2
 1.93 	 3.53 	 3.76 	1
 1.93 	 3.54 	 4.26 	2
 1.93 	 3.54 	 3.73  	0
 1.93 	 3.54 	 3.89 	2
 1.93 	 3.54 	 3.97 	2
 1.93 	 3.55 	 4.11 	1
 1.93 	 3.55 	 3.92 	0
 1.93 	 3.56 	 4.11 	1
 1.93 	 3.56 	 4.04 	2
 1.93 	 3.56 	 4.13 	1
 1.93 	 3.56 	 3.57 	1
 1.93 	 3.56  	 4.12 	1
 1.93 	 3.57 	 3.99 	2
 1.93 	 3.57 	 3.93 	1
 1.93 	 3.58 	 4.08 	0
 1.93 	 3.58 	 4.07 	0
 1.93 	 3.58 	 3.97 	2
 1.93 	 3.58 	 3.54 	1
 1.93 	 3.59 	 3.87 	2
 1.93 	 3.59  	 3.86 	1
 1.93 	 3.60 	 3.73 	0
 1.93 	 3.60 	 3.74 	2
 1.93 	 3.61 	 3.91 	2
 1.93 	 3.61 	 4.03 	0
 1.93 	 3.61 	 4.07 	1
 1.93 	 3.61 	 3.52 	0
 1.93 	 3.64 	 3.87 	2
 1.93 	 3.64 	 3.80 	1
 1.93 	 3.65 	 4.08 	1
 1.93 	 3.65 	 3.92 	1
 1.93 	 3.65 	 4.03 	1
 1.93 	 3.65 	 3.84 	0
 1.93 	 3.65  	 3.49 	0
 1.93 	 3.66 	 3.45 	0
 1.93 	 3.66 	 3.79 	1
 1.93 	 3.66  	 3.83  	1
 1.93 	 3.67 	 3.88 	1
 1.93 	 3.68 	 3.80 	0
 1.93 	 3.69 	 3.68 	0
 1.93 	 3.70 	 3.75 	1
 1.93 	 3.72 	 3.86 	2
 1.93 	 3.72 	 3.83 	1
 1.93 	 3.72 	 3.73 	2
 1.93 	 3.73 	 3.94 	0
 1.93 	 3.73 	 4.06 	1
 1.93 	 3.73 	 3.67 	1
 1.93 	 3.74 	 3.55 	2
 1.93 	 3.75 	 3.99 	1
 1.93 	 3.75 	 3.98 	1
 1.93 	 3.78 	 3.69 	1
 1.93 	 3.79  	 3.86 	2
 1.93 	 3.80 	 3.74 	1
 1.93 	 3.83 	 3.94 	1
 1.93 	 3.84   	 3.73   	1
 1.93 	 3.85 	 3.56 	2
 1.93 	 3.97 	 3.58 	2
 1.93 	 3.97 	 3.70 	2
 1.93 	 4.23 	 3.44 	0
 1.93  	 3.63  	 4.08  	0
 1.93  	 3.66  	 3.96  	0
 1.93  	 3.79  	 3.75 	0
 1.93  	 3.84 	 3.71 	1
 1.93  	 3.93  	 3.68  	2
 1.94 	 3.09 	 4.51 	1
 1.94 	 3.14 	 4.39 	1
 1.94 	 3.16 	 4.39 	1
 1.94 	 3.18 	 4.58 	1
 1.94 	 3.19 	 4.43 	1
 1.94 	 3.19 	 4.45 	1
 1.94 	 3.20  	 4.29 	0
 1.94 	 3.22 	 4.40 	1
 1.94 	 3.23  	 4.71  	1
 1.94 	 3.25 	 4.25 	1
 1.94 	 3.26 	 4.33 	1
 1.94 	 3.27 	 4.25 	1
 1.94 	 3.27 	 4.37 	0
 1.94 	 3.28 	 4.44  	2
 1.94 	 3.32 	 4.32 	1
 1.94 	 3.33 	 4.29 	1
 1.94 	 3.33 	 4.27 	1
 1.94 	 3.33 	 4.27 	1
 1.94 	 3.33 	 4.30 	1
 1.94 	 3.34 	 4.43 	0
 1.94 	 3.34 	 3.89 	1
 1.94 	 3.34 	 4.16 	0
 1.94 	 3.35 	 4.28 	1
 1.94 	 3.35 	 4.14 	1
 1.94 	 3.36 	 4.20 	2
 1.94 	 3.36 	 4.25 	2
 1.94 	 3.37 	 4.30 	0
 1.94 	 3.37 	 4.27 	1
 1.94 	 3.37 	 3.89 	1
 1.94 	 3.38 	 4.47 	1
 1.94 	 3.38 	 4.13 	1
 1.94 	 3.38 	 4.16 	1
 1.94 	 3.38 	 4.29 	1
 1.94 	 3.39 	 4.26 	0
 1.94 	 3.39 	 4.21 	0
 1.94 	 3.39 	 4.07 	1
 1.94 	 3.39 	 4.06 	1
 1.94 	 3.40 	 4.27 	1
 1.94 	 3.40 	 4.38 	0
 1.94 	 3.40 	 4.11 	1
 1.94 	 3.40 	 4.16 	1
 1.94 	 3.40 	 3.93 	0
 1.94 	 3.41 	 4.21 	2
 1.94 	 3.42 	 4.40 	1
 1.94 	 3.42 	 4.27 	1
 1.94 	 3.42 	 4.24 	1
 1.94 	 3.42 	 3.88 	1
 1.94 	 3.43 	 4.00 	1
 1.94 	 3.43  	 4.15 	1
 1.94 	 3.44 	 4.22 	0
 1.94 	 3.44 	 4.17 	0
 1.94 	 3.44 	 3.88 	1
 1.94 	 3.45 	 4.31 	1
 1.94 	 3.45 	 3.75 	1
 1.94 	 3.45 	 3.65 	2
 1.94 	 3.45 	 3.99 	1
 1.94 	 3.46 	 4.28 	1
 1.94 	 3.46 	 3.64 	1
 1.94 	 3.46 	 4.15 	1
 1.94 	 3.47 	 4.29 	0
 1.94 	 3.47 	 4.14 	1
 1.94 	 3.47 	 3.68 	2
 1.94 	 3.47 	 3.97 	2
 1.94 	 3.47 	 3.86 	2
 1.94 	 3.48 	 3.62 	1
 1.94 	 3.49 	 4.30 	0
 1.94 	 3.49 	 3.89 	0
 1.94 	 3.50 	 4.24 	1
 1.94 	 3.50 	 4.15 	0
 1.94 	 3.52 	 4.30 	0
 1.94 	 3.52 	 4.08 	2
 1.94 	 3.52 	 4.14 	1
 1.94 	 3.52 	 4.11 	2
 1.94 	 3.52 	 3.95 	2
 1.94 	 3.52 	 3.94 	1
 1.94 	 3.52 	 3.88 	1
 1.94 	 3.53 	 4.04 	1
 1.94 	 3.53 	 3.67 	2
 1.94 	 3.53 	 3.71 	1
 1.94 	 3.53 	 3.93 	1
 1.94 	 3.53 	 3.92 	1
 1.94 	 3.53 	 3.97 	0
 1.94 	 3.54 	 4.07 	1
 1.94 	 3.54 	 3.99 	2
 1.94 	 3.54 	 3.70 	0
 1.94 	 3.55  	 4.19 	1
 1.94 	 3.56 	 3.84 	1
 1.94 	 3.56 	 3.49 	0
 1.94 	 3.56 	 3.99 	0
 1.94 	 3.56 	 3.73 	1
 1.94 	 3.57  	 3.86  	0
 1.94 	 3.58 	 4.09  	2
 1.94 	 3.58 	 4.07 	2
 1.94 	 3.58 	 3.74 	1
 1.94 	 3.59 	 3.69 	1
 1.94 	 3.59 	 3.80 	0
 1.94 	 3.61 	 3.84 	2
 1.94 	 3.61 	 3.99 	2
 1.94 	 3.61 	 3.60 	1
 1.94 	 3.61 	 3.88 	2
 1.94 	 3.62 	 4.01 	1
 1.94 	 3.62 	 3.94 	1
 1.94 	 3.62 	 3.57 	1
 1.94 	 3.62  	 3.89 	2
 1.94 	 3.63 	 3.82 	1
 1.94 	 3.63 	 3.77 	1
 1.94 	 3.63  	 4.07 	0
 1.94 	 3.66 	 3.83 	0
 1.94 	 3.66 	 3.83 	1
 1.94 	 3.66 	 3.71 	2
 1.94 	 3.66 	 3.88 	2
 1.94 	 3.67 	 3.82 	2
 1.94 	 3.68 	 4.05 	0
 1.94 	 3.68 	 3.84 	0
 1.94 	 3.68 	 3.53 	0
 1.94 	 3.68 	 3.43 	2
 1.94 	 3.69 	 3.81 	2
 1.94 	 3.70 	 3.94 	2
 1.94 	 3.70 	 3.40 	1
 1.94 	 3.72 	 4.00	2
 1.94 	 3.72 	 3.74 	1
 1.94 	 3.73 	 3.80 	0
 1.94 	 3.73 	 3.47 	2
 1.94 	 3.73 	 3.40 	0
 1.94 	 3.74 	 3.75  	1
 1.94 	 3.74 	 3.72 	1
 1.94 	 3.74 	 3.52 	2
 1.94 	 3.75 	 3.67 	2
 1.94 	 3.75 	 3.37 	1
 1.94 	 3.75 	 3.67 	0
 1.94 	 3.77 	 3.78 	1
 1.94 	 3.80 	 3.71 	1
 1.94 	 3.81 	 3.52 	0
 1.94 	 3.83 	 3.80 	1
 1.94 	 3.84 	 3.86 	1
 1.94 	 3.85 	 3.78 	1
 1.94 	 4.14 	 3.62 	1
 1.94  	 3.43  	 4.35 	0
 1.94  	 3.46 	 4.14 	1
 1.94  	 3.58 	 4.04 	1
 1.94  	 3.59 	 3.68 	1
 1.94  	 3.64  	 4.02  	1
 1.94  	 3.65  	 4.00	1
 1.94  	 3.70  	 3.80  	1
 1.94  	 3.73        	 3.90  	1
 1.94  	 3.77 	 3.87  	2
 1.94  	 3.80 	 3.71 	0
 1.94   	 3.79  	 3.74  	0
 1.95 	 3.02 	 4.75  	1
 1.95 	 3.07  	 5.07 	0
 1.95 	 3.13 	 4.49 	2
 1.95 	 3.15 	 4.40 	1
 1.95 	 3.16 	 4.43  	2
 1.95 	 3.19 	 4.31 	2
 1.95 	 3.20 	 4.26 	1
 1.95 	 3.20 	 4.27 	1
 1.95 	 3.20 	 4.31 	1
 1.95 	 3.22 	 4.33 	1
 1.95 	 3.22 	 4.53 	0
 1.95 	 3.22 	 4.32 	1
 1.95 	 3.22 	 4.28 	0
 1.95 	 3.24 	 4.33 	0
 1.95 	 3.25 	 4.01 	1
 1.95 	 3.26 	 4.51 	0
 1.95 	 3.27 	 4.54  	1
 1.95 	 3.29 	 4.19 	1
 1.95 	 3.30 	 4.31 	2
 1.95 	 3.31 	 4.05 	1
 1.95 	 3.31 	 4.27 	2
 1.95 	 3.32 	 4.12 	2
 1.95 	 3.32 	 4.26 	2
 1.95 	 3.33 	 4.29 	0
 1.95 	 3.33 	 4.23 	1
 1.95 	 3.33 	 3.73 	2
 1.95 	 3.34 	 4.19 	1
 1.95 	 3.34  	 4.21 	1
 1.95 	 3.35 	 3.71 	0
 1.95 	 3.35 	 4.05 	0
 1.95 	 3.35 	 3.86 	0
 1.95 	 3.36 	 4.39 	0
 1.95 	 3.36 	 4.33 	0
 1.95 	 3.36 	 4.06 	2
 1.95 	 3.36 	 4.19 	0
 1.95 	 3.37 	 4.09 	1
 1.95 	 3.37 	 4.02 	1
 1.95 	 3.38 	 4.14 	1
 1.95 	 3.38 	 4.18 	1
 1.95 	 3.38 	 4.23 	1
 1.95 	 3.38 	 3.95 	0
 1.95 	 3.39 	 4.37 	0
 1.95 	 3.39 	 4.20 	2
 1.95 	 3.40 	 4.12 	2
 1.95 	 3.41 	 4.24  	1
 1.95 	 3.42 	 4.12 	1
 1.95 	 3.42 	 4.11 	0
 1.95 	 3.43 	 3.71 	0
 1.95 	 3.44 	 3.91 	1
 1.95 	 3.44 	 3.91 	0
 1.95 	 3.44 	 3.96 	2
 1.95 	 3.45 	 4.27 	1
 1.95 	 3.45 	 4.12 	0
 1.95 	 3.45 	 4.04 	0
 1.95 	 3.46 	 4.18 	0
 1.95 	 3.46 	 3.72 	0
 1.95 	 3.46 	 3.99 	0
 1.95 	 3.46 	 3.79 	1
 1.95 	 3.47 	 3.97 	2
 1.95 	 3.48 	 3.93 	2
 1.95 	 3.48 	 4.12 	1
 1.95 	 3.49 	 4.12 	1
 1.95 	 3.49 	 4.01 	1
 1.95 	 3.49 	 4.16 	0
 1.95 	 3.49 	 3.81 	2
 1.95 	 3.50 	 4.02 	0
 1.95 	 3.50 	 4.17 	2
 1.95 	 3.50 	 4.01	1
 1.95 	 3.50 	 4.02 	2
 1.95 	 3.50 	 2.88 	0
 1.95 	 3.51 	 4.02 	0
 1.95 	 3.52 	 4.19  	0
 1.95 	 3.52 	 3.97  	0
 1.95 	 3.52 	 3.97 	1
 1.95 	 3.53 	 4.16 	2
 1.95 	 3.53 	 3.86 	1
 1.95 	 3.53 	 3.85 	1
 1.95 	 3.53 	 4.08 	1
 1.95 	 3.53 	 3.89 	1
 1.95 	 3.53 	 3.77 	0
 1.95 	 3.54 	 4.10 	2
 1.95 	 3.54 	 4.02 	0
 1.95 	 3.54 	 3.90 	0
 1.95 	 3.55 	 4.02 	2
 1.95 	 3.55 	 3.46 	1
 1.95 	 3.55 	 4.06 	2
 1.95 	 3.56 	 4.14  	2
 1.95 	 3.56 	 4.00 	1
 1.95 	 3.56 	 4.00 	1
 1.95 	 3.56 	 3.84 	1
 1.95 	 3.56 	 3.76 	0
 1.95 	 3.57 	 4.04 	0
 1.95 	 3.58 	 3.90 	1
 1.95 	 3.58 	 4.01 	2
 1.95 	 3.58 	 3.85 	1
 1.95 	 3.58 	 3.87 	1
 1.95 	 3.59 	 4.05 	2
 1.95 	 3.59 	 3.95 	1
 1.95 	 3.59 	 3.87 	2
 1.95 	 3.59 	 3.56 	1
 1.95 	 3.60 	 3.92 	1
 1.95 	 3.60 	 4.02 	1
 1.95 	 3.60 	 3.60 	0
 1.95 	 3.61 	 3.73 	1
 1.95 	 3.61 	 3.67 	0
 1.95 	 3.61 	 3.76 	1
 1.95 	 3.61 	 3.67 	1
 1.95 	 3.62 	 3.95 	2
 1.95 	 3.62 	 3.73 	1
 1.95 	 3.63 	 3.87  	1
 1.95 	 3.64 	 3.88  	0
 1.95 	 3.65 	 3.71 	0
 1.95 	 3.65 	 3.85 	1
 1.95 	 3.65 	 3.88 	0
 1.95 	 3.65  	 3.82 	2
 1.95 	 3.66 	 3.96 	1
 1.95 	 3.66 	 3.41 	0
 1.95 	 3.66 	 3.58 	2
 1.95 	 3.67 	 3.76 	1
 1.95 	 3.67 	 3.83 	1
 1.95 	 3.67 	 3.65 	1
 1.95 	 3.67 	 3.80 	1
 1.95 	 3.67 	 3.78 	2
 1.95 	 3.68 	 3.96 	1
 1.95 	 3.68 	 3.97 	0
 1.95 	 3.68 	 3.80 	1
 1.95 	 3.69 	 3.29 	0
 1.95 	 3.69 	 3.70 	1
 1.95 	 3.69  	 3.91 	0
 1.95 	 3.70 	 4.00	2
 1.95 	 3.70 	 3.66 	1
 1.95 	 3.70 	 3.67 	0
 1.95 	 3.70  	 3.97 	1
 1.95 	 3.71 	 3.80 	1
 1.95 	 3.71 	 3.80 	1
 1.95 	 3.71 	 3.77 	1
 1.95 	 3.71 	 3.91 	0
 1.95 	 3.71 	 3.55 	1
 1.95 	 3.72 	 3.78 	1
 1.95 	 3.72  	  3.73 	1
 1.95 	 3.73 	 3.38 	2
 1.95 	 3.75  	 3.73 	1
 1.95 	 3.76 	 3.64 	0
 1.95 	 3.77 	 3.83 	0
 1.95 	 3.79 	 3.29 	2
 1.95 	 3.81 	 3.57 	0
 1.95 	 3.85 	 3.80 	1
 1.95 	 3.85 	 3.52 	1
 1.95 	 3.85 	 3.54 	0
 1.95 	 3.85 	 3.33 	1
 1.95 	 3.88 	 3.63 	2
 1.95 	 3.94 	 3.59 	1
 1.95  	 3.46 	 4.09 	0
 1.95  	 3.48  	 4.09  	1
 1.95  	 3.57 	 3.93 	1
 1.95  	 3.68  	 3.82  	2
 1.95  	 3.74 	 3.82 	1
 1.95  	 3.90 	 3.55 	1
 1.95  	 3.91 	 3.75  	1
 1.95  	 3.91  	 3.76 	1
 1.95  	 3.98  	 3.67  	2
 1.95  	 4.02 	 3.67 	1
 1.96 	 3.06 	 5.00 	2
 1.96 	 3.11 	 4.42 	2
 1.96 	 3.13 	 4.39 	2
 1.96 	 3.15 	 4.32 	1
 1.96 	 3.18 	 4.37 	0
 1.96 	 3.19 	 4.35 	0
 1.96 	 3.20 	 4.27 	2
 1.96 	 3.21 	 4.62 	0
 1.96 	 3.21 	 4.22 	0
 1.96 	 3.21 	 4.33 	0
 1.96 	 3.23 	 4.25 	1
 1.96 	 3.24 	 4.42 	2
 1.96 	 3.24 	 4.22 	1
 1.96 	 3.26 	 4.19 	2
 1.96 	 3.27 	 4.43 	0
 1.96 	 3.27 	 4.34 	1
 1.96 	 3.27 	 4.25 	0
 1.96 	 3.28 	 4.47 	1
 1.96 	 3.28 	 4.21 	1
 1.96 	 3.29 	 4.55  	0
 1.96 	 3.30 	 4.22 	1
 1.96 	 3.31  	 4.27  	1
 1.96 	 3.32 	 3.92 	1
 1.96 	 3.33 	 4.22 	2
 1.96 	 3.33 	 3.99 	0
 1.96 	 3.34 	 3.99 	0
 1.96 	 3.34 	 4.10 	1
 1.96 	 3.35 	 4.06 	1
 1.96 	 3.35 	 4.10 	0
 1.96 	 3.36 	 4.29 	1
 1.96 	 3.37 	 3.88  	2
 1.96 	 3.38 	 3.76 	0
 1.96 	 3.38 	 4.04 	1
 1.96 	 3.39 	 4.23  	2
 1.96 	 3.39 	 3.93 	2
 1.96 	 3.39 	 4.10  	0
 1.96 	 3.39 	 4.03 	0
 1.96 	 3.40 	 4.08 	1
 1.96 	 3.41 	 3.86  	0
 1.96 	 3.41 	 3.87 	1
 1.96 	 3.41 	 3.96 	1
 1.96 	 3.42 	 4.16 	0
 1.96 	 3.42 	 4.00 	2
 1.96 	 3.42 	 4.10 	1
 1.96 	 3.42 	 4.18 	0
 1.96 	 3.43 	 3.88 	0
 1.96 	 3.43 	 3.60 	2
 1.96 	 3.44 	 4.04 	1
 1.96 	 3.44 	 3.99 	1
 1.96 	 3.44 	 3.90 	2
 1.96 	 3.44 	 3.77 	1
 1.96 	 3.45 	 3.89 	0
 1.96 	 3.45 	 3.97 	1
 1.96 	 3.45 	 3.94 	1
 1.96 	 3.45 	 3.74 	2
 1.96 	 3.46 	 4.16 	1
 1.96 	 3.46 	 4.19 	0
 1.96 	 3.46 	 4.06 	1
 1.96 	 3.46 	 3.68 	1
 1.96 	 3.47 	 3.68 	2
 1.96 	 3.47 	 3.75 	1
 1.96 	 3.47 	 3.75 	1
 1.96 	 3.47 	 3.70 	1
 1.96 	 3.47 	 3.95 	2
 1.96 	 3.48 	 4.11	1
 1.96 	 3.48 	 4.04 	1
 1.96 	 3.48 	 3.54 	1
 1.96 	 3.49 	 4.00 	2
 1.96 	 3.49 	 4.09 	1
 1.96 	 3.49 	 3.97 	1
 1.96 	 3.50 	 3.70 	1
 1.96 	 3.50 	 3.49 	1
 1.96 	 3.50 	 3.97 	1
 1.96 	 3.50 	 3.84 	1
 1.96 	 3.50 	 3.88 	1
 1.96 	 3.51 	 3.95 	1
 1.96 	 3.51 	 3.77 	1
 1.96 	 3.51 	 3.94 	2
 1.96 	 3.52  	 4.04 	0
 1.96 	 3.53 	 4.02 	2
 1.96 	 3.53 	 4.00 	1
 1.96 	 3.53 	 3.72  	1
 1.96 	 3.54 	 4.05 	1
 1.96 	 3.54 	 3.65 	0
 1.96 	 3.55 	 3.80 	0
 1.96 	 3.55 	 3.53 	0
 1.96 	 3.55 	 3.44 	1
 1.96 	 3.55 	 3.82 	1
 1.96 	 3.56 	 3.97 	1
 1.96 	 3.56  	 3.88 	2
 1.96 	 3.57  	 4.04 	1
 1.96 	 3.58 	 3.43 	0
 1.96 	 3.59 	 3.65 	1
 1.96 	 3.61 	 4.06 	1
 1.96 	 3.61 	 3.95 	2
 1.96 	 3.62 	 3.61 	2
 1.96 	 3.62  	 3.88 	1
 1.96 	 3.63 	 3.82 	1
 1.96 	 3.63 	 3.37 	1
 1.96 	 3.63 	 3.64 	1
 1.96 	 3.64 	 3.96 	1
 1.96 	 3.64 	 3.40 	1
 1.96 	 3.65 	 3.92 	1
 1.96 	 3.66 	 3.41 	0
 1.96 	 3.67 	 3.94 	1
 1.96 	 3.67 	 3.90 	0
 1.96 	 3.67 	 3.40 	2
 1.96 	 3.67 	 3.86 	2
 1.96 	 3.67  	 3.93  	0
 1.96 	 3.68 	 3.70 	1
 1.96 	 3.68 	 3.79 	0
 1.96 	 3.68 	 3.79 	1
 1.96 	 3.68 	 3.68 	2
 1.96 	 3.68  	 3.75 	2
 1.96 	 3.69 	 3.62 	1
 1.96 	 3.69 	 3.32 	0
 1.96 	 3.69 	 3.35 	1
 1.96 	 3.70 	 3.36 	0
 1.96 	 3.70 	 3.61 	2
 1.96 	 3.72 	 3.73 	0
 1.96 	 3.73  	 3.74 	1
 1.96 	 3.74 	 3.73 	1
 1.96 	 3.74 	 3.69  	0
 1.96 	 3.75 	 3.93 	0
 1.96 	 3.76 	 3.70  	1
 1.96 	 3.77 	 3.84 	1
 1.96 	 3.79 	 3.56 	1
 1.96 	 3.80 	 3.80 	0
 1.96 	 3.82 	 3.51 	1
 1.96 	 3.82 	 3.67 	1
 1.96 	 3.82 	 3.66 	2
 1.96 	 3.83 	 3.77 	0
 1.96 	 3.88 	 3.22 	1
 1.96 	 3.88  	 3.69 	0
 1.96 	 3.94 	 3.50 	1
 1.96 	 3.96 	 3.48 	1
 1.96  	 3.20 	 4.67  	1
 1.96  	 3.36 	 4.28 	0
 1.96  	 3.42 	 4.12 	1
 1.96  	 3.42 	 4.11 	1
 1.96  	 3.42  	 4.23  	1
 1.96  	 3.45 	 3.98 	1
 1.96  	 3.45  	 4.21  	0
 1.96  	 3.55 	 3.49 	1
 1.96  	 3.57 	 3.45 	1
 1.96  	 3.60  	 3.92  	1
 1.96  	 3.62  	 3.86  	0
 1.96  	 3.72   	 3.85  	2
 1.96  	 3.79 	 3.64 	1
 1.96  	 3.91  	 3.58  	1
 1.96  	 3.95 	 3.47 	2
 1.97 	  3.47 	 3.61 	2
 1.97 	  3.52 	 4.09 	1
 1.97 	 3.07 	 4.48 	0
 1.97 	 3.09 	 4.77 	0
 1.97 	 3.10	 4.56 	0
 1.97 	 3.16 	 4.45 	0
 1.97 	 3.18 	 4.48 	1
 1.97 	 3.18 	 4.43 	1
 1.97 	 3.19 	 4.48 	1
 1.97 	 3.19 	 4.31 	0
 1.97 	 3.19 	 4.14 	1
 1.97 	 3.21 	 4.33 	0
 1.97 	 3.21 	 4.33 	0
 1.97 	 3.21 	 4.49 	2
 1.97 	 3.22 	 4.16 	2
 1.97 	 3.25 	 4.19 	0
 1.97 	 3.25 	 4.31 	1
 1.97 	 3.26 	 4.15 	2
 1.97 	 3.27 	 4.27 	0
 1.97 	 3.28 	 4.13 	1
 1.97 	 3.29 	 4.46 	0
 1.97 	 3.30 	 4.14 	2
 1.97 	 3.30 	 3.99 	1
 1.97 	 3.32 	 4.16 	1
 1.97 	 3.32 	 3.68 	0
 1.97 	 3.33 	 3.94 	1
 1.97 	 3.33 	 4.21  	0
 1.97 	 3.33 	 4.21 	1
 1.97 	 3.33 	 4.02 	1
 1.97 	 3.35 	 4.29 	1
 1.97 	 3.35 	 4.12 	1
 1.97 	 3.35 	 4.01 	0
 1.97 	 3.36 	 4.28 	1
 1.97 	 3.37 	 4.12 	1
 1.97 	 3.37 	 3.88 	1
 1.97 	 3.37  	 4.26 	1
 1.97 	 3.38 	 4.35 	1
 1.97 	 3.39 	 4.11 	0
 1.97 	 3.39 	 4.09 	0
 1.97 	 3.40 	 4.07 	2
 1.97 	 3.40 	 3.90 	1
 1.97 	 3.40 	 4.15 	2
 1.97 	 3.41 	 4.12 	1
 1.97 	 3.41 	 3.86 	1
 1.97 	 3.42 	 4.25  	1
 1.97 	 3.42 	 3.87 	1
 1.97 	 3.42 	 4.10 	1
 1.97 	 3.42 	 4.13 	2
 1.97 	 3.42 	 3.83 	2
 1.97 	 3.43 	 4.23 	0
 1.97 	 3.43 	 4.17 	2
 1.97 	 3.43 	 3.88 	0
 1.97 	 3.43  	 4.21 	2
 1.97 	 3.43  	 3.82 	0
 1.97 	 3.44 	 3.95 	1
 1.97 	 3.44 	 3.94 	1
 1.97 	 3.45 	 3.91 	0
 1.97 	 3.45 	 3.68 	2
 1.97 	 3.45 	 3.92 	1
 1.97 	 3.46 	 4.18 	1
 1.97 	 3.46 	 4.00 	0
 1.97 	 3.46 	 3.65 	2
 1.97 	 3.47 	 3.97 	1
 1.97 	 3.47 	 3.55 	2
 1.97 	 3.47 	 3.90 	0
 1.97 	 3.47 	 3.90 	0
 1.97 	 3.48 	 3.59 	2
 1.97 	 3.48 	 3.81 	1
 1.97 	 3.48 	 3.73 	1
 1.97 	 3.48 	 3.67 	1
 1.97 	 3.48 	 3.76 	1
 1.97 	 3.49 	 4.14 	1
 1.97 	 3.49 	 4.11 	1
 1.97 	 3.49 	 3.74 	1
 1.97 	 3.49 	 4.06 	1
 1.97 	 3.49 	 3.90 	1
 1.97 	 3.49 	 3.69 	0
 1.97 	 3.49 	 3.83 	0
 1.97 	 3.49 	 3.78  	0
 1.97 	 3.49 	 3.95 	1
 1.97 	 3.50 	 4.01 	1
 1.97 	 3.50 	 3.44 	1
 1.97 	 3.50 	 4.03 	0
 1.97 	 3.51 	 4.04 	1
 1.97 	 3.51 	 4.01 	2
 1.97 	 3.52 	 3.93 	0
 1.97 	 3.52 	 3.92 	1
 1.97 	 3.52 	 3.61 	1
 1.97 	 3.52 	 3.84 	0
 1.97 	 3.53 	 3.76 	2
 1.97 	 3.54 	 4.02 	1
 1.97 	 3.54 	 3.70 	1
 1.97 	 3.55 	 3.84 	2
 1.97 	 3.56 	 3.82 	2
 1.97 	 3.56 	 3.96 	0
 1.97 	 3.56 	 3.87 	1
 1.97 	 3.56 	 3.87 	0
 1.97 	 3.56 	 3.75 	0
 1.97 	 3.56 	 3.77 	1
 1.97 	 3.56 	 3.73 	1
 1.97 	 3.57 	 3.81 	1
 1.97 	 3.58 	 3.82 	0
 1.97 	 3.58 	 3.69 	1
 1.97 	 3.58 	 3.75  	1
 1.97 	 3.58 	 3.42 	0
 1.97 	 3.58 	 3.72 	0
 1.97 	 3.59 	 4.24 	1
 1.97 	 3.59 	 3.40 	1
 1.97 	 3.59 	 3.86 	1
 1.97 	 3.59  	 3.73 	0
 1.97 	 3.60 	 3.86  	1
 1.97 	 3.62 	 3.76 	0
 1.97 	 3.63 	 3.86 	1
 1.97 	 3.63 	 3.51  	2
 1.97 	 3.64 	 3.89 	0
 1.97 	 3.64 	 3.43 	2
 1.97 	 3.66 	 3.92 	1
 1.97 	 3.66 	 3.78 	2
 1.97 	 3.66 	 3.79  	0
 1.97 	 3.66 	 3.49 	1
 1.97 	 3.67 	 3.87 	0
 1.97 	 3.68 	 3.31 	2
 1.97 	 3.69  	 3.71 	2
 1.97 	 3.71 	 3.72 	1
 1.97 	 3.71 	 3.60 	0
 1.97 	 3.72 	 3.63 	2
 1.97 	 3.72 	 3.65  	2
 1.97 	 3.73 	 3.24 	1
 1.97 	 3.73 	 3.24 	0
 1.97 	 3.74 	 3.58 	0
 1.97 	 3.74 	 3.73  	1
 1.97 	 3.76 	 3.47 	1
 1.97 	 3.77 	 3.74 	1
 1.97 	 3.79 	 3.70 	1
 1.97 	 3.80 	 3.50 	1
 1.97 	 3.80 	 3.20 	1
 1.97 	 3.82 	 3.75 	2
 1.97 	 3.83 	 3.64 	1
 1.97 	 3.83  	 3.73  	1
 1.97 	 3.85  	 3.53 	1
 1.97 	 3.88 	 3.71  	2
 1.97 	 3.88 	 3.52 	0
 1.97 	 3.95  	 3.55 	2
 1.97 	 4.06  	 3.56 	1
 1.97  	 2.98 	 4.83 	2
 1.97  	 3.35 	 4.12 	1
 1.97  	 3.41 	 4.25 	1
 1.97  	 3.42  	 4.17  	0
 1.97  	 3.47  	 4.15  	1
 1.97  	 3.54  	 4.07  	2
 1.97  	 3.74  	  3.67  	0
 1.97  	 3.76    	 3.65   	2
 1.98 	 3.08 	 4.37 	1
 1.98 	 3.08 	 4.36 	2
 1.98 	 3.11 	 4.22 	1
 1.98 	 3.14 	 4.34 	1
 1.98 	 3.15 	 4.25 	0
 1.98 	 3.15 	 4.07 	2
 1.98 	 3.19 	 4.53 	1
 1.98 	 3.20 	 4.16 	2
 1.98 	 3.21 	 4.24 	1
 1.98 	 3.22 	 4.21 	1
 1.98 	 3.22 	 4.41 	1
 1.98 	 3.25 	 4.00 	1
 1.98 	 3.25  	 4.17 	1
 1.98 	 3.26 	 4.19 	0
 1.98 	 3.26 	 4.40 	1
 1.98 	 3.26 	 4.08 	2
 1.98 	 3.26 	 4.10 	2
 1.98 	 3.26 	 4.31 	1
 1.98 	 3.26  	 4.40  	0
 1.98 	 3.29 	 3.99 	0
 1.98 	 3.30 	 4.23  	1
 1.98 	 3.30 	 3.99 	0
 1.98 	 3.31 	 3.61 	1
 1.98 	 3.31 	 4.13 	1
 1.98 	 3.32 	 4.00 	2
 1.98 	 3.33 	 4.00 	0
 1.98 	 3.34 	 4.23 	0
 1.98 	 3.34 	 4.19 	0
 1.98 	 3.35 	 4.40 	1
 1.98 	 3.35 	 3.95 	0
 1.98 	 3.35 	 3.92 	2
 1.98 	 3.35 	 3.92 	1
 1.98 	 3.36 	 3.98 	1
 1.98 	 3.36 	 4.12 	1
 1.98 	 3.37 	 4.34  	1
 1.98 	 3.37 	 3.84 	2
 1.98 	 3.38 	 4.08 	1
 1.98 	 3.38 	 4.06 	0
 1.98 	 3.39 	 3.89 	0
 1.98 	 3.39 	 3.95 	2
 1.98 	 3.40 	 3.94 	1
 1.98 	 3.40 	 4.02 	2
 1.98 	 3.40 	 3.74 	2
 1.98 	 3.40 	 3.64 	2
 1.98 	 3.41 	 4.11 	1
 1.98 	 3.41 	 3.71 	1
 1.98 	 3.41 	 3.83 	0
 1.98 	 3.42 	 4.18 	0
 1.98 	 3.42 	 4.11 	2
 1.98 	 3.42 	 3.45 	1
 1.98 	 3.43 	 4.13 	1
 1.98 	 3.43 	 3.95 	1
 1.98 	 3.43 	 3.82 	0
 1.98 	 3.43  	 4.20 	1
 1.98 	 3.43  	 4.21 	2
 1.98 	 3.44 	 3.83 	0
 1.98 	 3.44 	 3.84 	2
 1.98 	 3.45 	 3.67 	1
 1.98 	 3.46 	 3.62 	1
 1.98 	 3.47 	 4.06 	2
 1.98 	 3.47 	 3.87 	0
 1.98 	 3.47 	 3.90 	2
 1.98 	 3.47 	 3.81 	1
 1.98 	 3.47 	 3.90 	0
 1.98 	 3.48 	 3.74 	0
 1.98 	 3.49 	 4.08 	2
 1.98 	 3.49 	 4.07 	0
 1.98 	 3.49 	 3.95 	0
 1.98 	 3.49 	 3.43 	1
 1.98 	 3.49 	 3.48 	0
 1.98 	 3.50 	 3.90 	0
 1.98 	 3.50 	 4.00 	0
 1.98 	 3.50 	 3.63 	1
 1.98 	 3.50 	 3.42  	2
 1.98 	 3.51 	 3.88 	2
 1.98 	 3.51 	 3.86 	2
 1.98 	 3.52 	 3.95 	0
 1.98 	 3.54 	 3.88 	1
 1.98 	 3.55 	 3.81 	1
 1.98 	 3.56 	 4.00 	1
 1.98 	 3.56 	 3.88 	1
 1.98 	 3.56 	 3.84 	2
 1.98 	 3.56 	 3.53 	2
 1.98 	 3.57 	 3.70 	0
 1.98 	 3.57 	 3.94 	1
 1.98 	 3.57 	 3.85  	1
 1.98 	 3.57 	 3.42 	1
 1.98 	 3.57 	 3.75 	1
 1.98 	 3.59 	 3.77 	0
 1.98 	 3.59 	 3.73 	1
 1.98 	 3.60 	 3.72 	1
 1.98 	 3.60 	 3.73 	1
 1.98 	 3.60 	 3.56 	2
 1.98 	 3.61 	 3.94 	1
 1.98 	 3.61 	 3.62 	1
 1.98 	 3.61  	 3.33 	2
 1.98 	 3.63 	 3.73 	1
 1.98 	 3.64 	 3.78 	2
 1.98 	 3.64 	 3.74 	0
 1.98 	 3.64 	 3.31 	1
 1.98 	 3.64 	 3.66 	1
 1.98 	 3.65 	 3.36 	2
 1.98 	 3.66 	 3.82 	1
 1.98 	 3.66 	 3.70 	1
 1.98 	 3.66 	 3.45 	1
 1.98 	 3.67 	 3.78 	1
 1.98 	 3.67 	 3.72 	1
 1.98 	 3.68 	 3.65 	2
 1.98 	 3.69 	 3.79 	2
 1.98 	 3.69 	 3.60 	1
 1.98 	 3.70 	 3.74 	1
 1.98 	 3.72 	 3.33 	1
 1.98 	 3.73 	 3.63 	0
 1.98 	 3.75 	 3.68 	1
 1.98 	 3.75 	 3.57 	1
 1.98 	 3.78 	 3.77 	0
 1.98 	 3.79  	 3.76 	0
 1.98 	 3.80 	 3.55 	1
 1.98 	 3.82 	 3.59 	2
 1.98 	 3.84 	 3.57 	2
 1.98 	 3.84 	 3.25 	2
 1.98 	 3.86 	 3.53 	2
 1.98 	 3.91 	 3.39 	2
 1.98 	 3.93 	 3.36 	0
 1.98 	 3.96 	 3.34 	0
 1.98 	 3.99 	 3.41 	2
 1.98 	 4.00 	 3.42 	0
 1.98 	 4.15 	 3.48 	2
 1.98  	  3.65   	 3.70  	1
 1.98  	 3.31 	 4.24 	1
 1.98  	 3.43 	 4.21 	1
 1.98  	 3.46 	 3.78 	1
 1.98  	 3.48 	 3.82  	1
 1.98  	 3.62 	 3.96 	1
 1.98  	 3.79 	 3.62   	0
 1.98  	 3.79  	 3.62  	1
 1.98  	 3.80  	 3.58  	0
 1.98  	 3.90 	 3.59  	1
 1.99 	 2.98 	 5.03 	0
 1.99 	 3.01 	 4.63 	2
 1.99 	 3.02 	 4.75 	2
 1.99 	 3.04 	 4.45 	1
 1.99 	 3.05 	 4.40 	1
 1.99 	 3.09 	 4.62 	0
 1.99 	 3.14 	 4.27 	1
 1.99 	 3.15 	 4.21 	2
 1.99 	 3.16 	 4.61  	1
 1.99 	 3.18 	 4.43 	1
 1.99 	 3.18 	 4.27 	0
 1.99 	 3.20 	 4.12 	0
 1.99 	 3.20 	 4.18 	0
 1.99 	 3.20 	 4.24 	1
 1.99 	 3.20 	 4.21 	1
 1.99 	 3.21 	 4.12 	0
 1.99 	 3.22 	 3.98 	0
 1.99 	 3.22 	 4.27 	0
 1.99 	 3.23 	 4.46 	0
 1.99 	 3.23 	 4.07 	0
 1.99 	 3.23 	 4.35  	0
 1.99 	 3.23 	 4.13 	2
 1.99 	 3.23 	 4.09 	2
 1.99 	 3.23 	 4.25 	1
 1.99 	 3.23 	 4.23 	0
 1.99 	 3.24 	 4.07 	2
 1.99 	 3.26 	 3.80 	1
 1.99 	 3.27 	 4.30 	0
 1.99 	 3.28 	 3.92 	0
 1.99 	 3.29 	 4.17 	0
 1.99 	 3.29 	 4.17 	0
 1.99 	 3.29 	 4.05	0
 1.99 	 3.30 	 3.64 	2
 1.99 	 3.31 	 4.03 	1
 1.99 	 3.31  	 4.07 	0
 1.99 	 3.32 	 4.05 	1
 1.99 	 3.33 	 3.73 	1
 1.99 	 3.33 	 3.99 	0
 1.99 	 3.33 	 4.10 	0
 1.99 	 3.34 	 4.01 	0
 1.99 	 3.34 	 3.91  	0
 1.99 	 3.34 	 3.93 	0
 1.99 	 3.35 	 4.23 	0
 1.99 	 3.35 	 3.80 	1
 1.99 	 3.36 	 4.23 	2
 1.99 	 3.36 	 4.01 	1
 1.99 	 3.36 	 4.01 	1
 1.99 	 3.36 	 4.01 	1
 1.99 	 3.36 	 4.06 	1
 1.99 	 3.37 	 4.17 	0
 1.99 	 3.37 	 4.22 	1
 1.99 	 3.37 	 3.98 	0
 1.99 	 3.37 	 4.11 	1
 1.99 	 3.38 	 4.23 	2
 1.99 	 3.38 	 3.52 	0
 1.99 	 3.39 	 3.96 	1
 1.99 	 3.39 	 4.01 	0
 1.99 	 3.39 	 3.86 	2
 1.99 	 3.40 	 4.12 	1
 1.99 	 3.40  	 3.71 	1
 1.99 	 3.42 	 4.16 	1
 1.99 	 3.42 	 4.10 	1
 1.99 	 3.43 	 4.06 	1
 1.99 	 3.43 	 4.08 	2
 1.99 	 3.43 	 3.93 	1
 1.99 	 3.43 	 3.93 	2
 1.99 	 3.43 	 3.85 	1
 1.99 	 3.43 	 3.86 	0
 1.99 	 3.44 	 3.84 	0
 1.99 	 3.45 	 4.08 	0
 1.99 	 3.45 	 3.88 	2
 1.99 	 3.45 	 3.94  	0
 1.99 	 3.46 	 4.01 	1
 1.99 	 3.47 	 3.76 	0
 1.99 	 3.47 	 3.94 	1
 1.99 	 3.47 	 3.78 	2
 1.99 	 3.47 	 3.83 	2
 1.99 	 3.48 	 3.95 	2
 1.99 	 3.48 	 3.89 	2
 1.99 	 3.48 	 3.77 	1
 1.99 	 3.48 	 3.78 	0
 1.99 	 3.48 	 3.74 	0
 1.99 	 3.49 	 4.13 	1
 1.99 	 3.49 	 3.53 	2
 1.99 	 3.50 	 3.56 	1
 1.99 	 3.50 	 3.51 	0
 1.99 	 3.51 	 3.98 	1
 1.99 	 3.51 	 3.85 	1
 1.99 	 3.51 	 3.84 	0
 1.99 	 3.51  	 3.95 	1
 1.99 	 3.52 	 4.03 	1
 1.99 	 3.52 	 3.80 	0
 1.99 	 3.52 	 3.39 	0
 1.99 	 3.52 	 3.69 	2
 1.99 	 3.52 	 3.75 	1
 1.99 	 3.52  	 3.74 	1
 1.99 	 3.53 	 3.59 	1
 1.99 	 3.53 	 3.68 	0
 1.99 	 3.54 	 4.00	2
 1.99 	 3.54 	 4.00 	1
 1.99 	 3.54 	 3.38 	1
 1.99 	 3.54 	 3.38 	1
 1.99 	 3.54 	 3.59  	0
 1.99 	 3.55 	 3.83 	2
 1.99 	 3.55 	 3.83  	0
 1.99 	 3.55 	 3.83  	0
 1.99 	 3.55 	 3.71 	2
 1.99 	 3.56 	 3.95 	2
 1.99 	 3.56 	 3.65 	0
 1.99 	 3.56 	 3.55 	0
 1.99 	 3.56 	 3.86 	0
 1.99 	 3.56 	 3.38 	1
 1.99 	 3.57 	 3.75 	0
 1.99 	 3.57 	 3.73 	1
 1.99 	 3.58 	 3.37 	0
 1.99 	 3.60 	 3.83 	1
 1.99 	 3.60 	 3.34 	2
 1.99 	 3.62 	 3.37 	1
 1.99 	 3.62 	 3.57 	0
 1.99 	 3.62  	 3.36 	0
 1.99 	 3.63 	 3.71 	1
 1.99 	 3.63 	 3.72 	1
 1.99 	 3.63 	 3.76 	1
 1.99 	 3.64 	 3.58 	1
 1.99 	 3.65 	 3.82 	1
 1.99 	 3.65 	 3.69 	0
 1.99 	 3.65 	 3.62 	2
 1.99 	 3.66 	 3.67 	1
 1.99 	 3.66 	 3.73 	1
 1.99 	 3.66 	 3.67 	1
 1.99 	 3.67 	 3.84 	1
 1.99 	 3.67 	 3.31 	0
 1.99 	 3.68 	 3.56 	2
 1.99 	 3.70 	 3.67 	2
 1.99 	 3.71 	 3.54 	2
 1.99 	 3.73 	 3.63 	1
 1.99 	 3.73 	 3.63 	1
 1.99 	 3.73 	 3.41 	1
 1.99 	 3.75 	 3.49 	1
 1.99 	 3.76 	 3.80 	0
 1.99 	 3.77 	 3.65 	1
 1.99 	 3.79 	 3.46 	0
 1.99 	 3.79 	 3.59 	2
 1.99 	 3.81 	 3.66 	1
 1.99 	 3.81 	 3.72 	0
 1.99 	 3.81 	 3.60 	2
 1.99 	 3.82 	 3.59 	1
 1.99 	 3.83 	 3.55 	2
 1.99 	 3.85 	 3.50 	1
 1.99 	 3.86 	 3.47 	2
 1.99 	 3.86  	 3.61 	1
 1.99 	 3.87 	 3.43 	2
 1.99 	 3.88 	 3.58 	1
 1.99 	 3.93 	 3.59 	0
 1.99 	 3.97 	 3.40 	1
 1.99 	 4.07 	 3.51 	2
 1.99 	 4.09 	 3.30 	0
 1.99  	  3.20 	 4.57  	1
 1.99  	 3.07  	 4.52 	2
 1.99  	 3.30 	 4.34 	0
 1.99  	 3.51 	 3.44 	2
 1.99  	 3.78 	 3.60  	0
 1.99  	 4.03  	 3.50  	2
 1.99   	 4.17 	 3.44   	2
 10.01 	 5.39 	 1.27 	1
 10.01 	 5.75  	 1.31  	2
 10.02 	 6.47 	 1.26 	2
 10.05 	 6.14  	 1.26 	2
 10.08 	 5.96   	 1.30 	2
 10.09 	 5.22 	 1.29 	2
 10.09 	 5.70 	 1.31  	0
 10.10 	 5.14 	 1.31 	2
 10.10 	 6.87 	 1.26 	2
 10.11	 5.84 	 1.20 	2
 10.12  	 6.97  	 1.25  	2
 10.13 	 5.00 	 1.32 	2
 10.13 	 6.14 	 1.27 	0
 10.14  	 6.50  	 1.27   	2
 10.14   	 5.35  	 1.32  	2
 10.15 	 5.67 	 1.31 	2
 10.15 	 6.26 	 1.25 	2
 10.16 	 6.16 	 1.28 	2
 10.17 	 6.40 	 1.27 	2
 10.19 	 5.84  	 1.30 	2
 10.20 	 5.62 	 1.30 	2
 10.24 	 5.30 	 1.29  	1
 10.24 	 6.92 	 1.26 	2
 10.27 	 5.48 	 1.29  	2
 10.28 	 5.40 	 1.32 	2
 10.28 	 6.06 	 1.27 	2
 10.30 	 6.17 	 1.28 	2
 10.35 	 5.40 	 1.31 	2
 10.35 	 5.81 	 1.28 	2
 10.36 	 5.45 	 1.32 	0
 10.36 	 6.37 	 1.26 	0
 10.39 	 5.79  	 1.29  	2
 10.39 	 5.96 	 1.28 	2
 10.40 	 5.60 	 1.31 	2
 10.40 	 6.58 	 1.26 	0
 10.43 	 5.60 	 1.28  	2
 10.43 	 5.66 	 1.30 	2
 10.46 	 5.48 	 1.29 	2
 10.46 	 5.48 	 1.29 	2
 10.48 	 5.12 	 1.32 	2
 10.48 	 5.43 	 1.30 	0
 10.49	 5.82	 1.27	2
 10.52 	 6.71 	 1.26 	2
 10.53 	 5.37 	 1.29 	2
 10.53 	 6.38 	 1.27  	2
 10.53  	 6.68 	 1.26 	0
 10.54 	 5.45 	 1.30 	1
 10.54 	 5.45 	 1.30 	1
 10.55 	 5.16 	 1.33 	2
 10.56  	 5.99 	 1.26 	2
 10.58 	 6.03 	 1.23 	2
 10.61 	 5.61 	 1.29 	2
 10.61 	 6.12 	 1.28 	2
 10.62 	 5.66 	 1.30 	2
 10.62 	 5.92 	 1.26 	2
 10.62 	 5.94 	 1.25 	0
 10.64 	 5.05 	 1.29 	2
 10.66 	 4.79 	 1.31 	2
 10.66  	 6.72  	 1.26  	1
 10.68 	 5.55 	 1.30 	2
 10.68 	 5.59 	 1.30 	2
 10.68  	 7.02 	 1.23 	2
 10.69 	 6.88 	 1.25 	2
 10.70 	 6.61 	 1.26 	2
 10.71 	 5.51 	 1.29 	2
 10.74 	 6.07 	 1.22 	2
 10.74 	 6.90 	 1.23 	1
 10.74  	 6.65  	 1.25  	2
 10.76 	 5.91 	 1.28 	2
 10.78 	 6.19 	 1.21 	2
 10.80 	 6.10 	 1.24 	2
 10.82 	 5.35 	 1.29 	0
 10.82 	 7.14 	 1.23 	2
 10.83 	 5.83 	 1.32 	2
 10.84 	 5.74 	 1.24 	2
 10.84 	 6.66 	 1.23 	1
 10.85 	 6.75 	 1.24 	2
 10.86 	 6.06 	 1.27 	0
 10.86 	 6.22 	 1.26 	2
 10.86 	 6.31 	 1.25 	2
 10.87 	 5.20 	 1.31 	0
 10.88 	 5.53 	 1.29 	2
 10.88 	 6.20 	 1.25 	2
 10.88 	 6.56 	 1.25 	2
 10.91  	 6.16  	 1.26 	1
 10.93 	 6.27 	 1.27 	2
 10.95 	 6.12 	 1.25 	2
 10.96 	 5.42 	 1.29 	0
 11.00 	 6.04 	 1.28 	2
 11.00 	 6.21 	 1.27 	2
 11.02 	 5.56 	 1.27 	0
 11.05 	 5.77 	 1.27 	1
 11.06 	 6.08 	 1.21 	2
 11.06 	 6.23 	 1.26  	2
 11.07 	 6.25 	 1.21 	0
 11.07 	 6.39 	 1.25 	2
 11.12 	 6.28 	 1.25 	2
 11.12 	 6.84 	 1.23 	2
 11.14  	 7.50 	 1.22   	1
 11.16 	 6.61 	 1.25 	2
 11.17 	 5.84 	 1.27  	2
 11.18 	 5.88 	 1.28 	2
 11.18 	 7.02 	 1.21 	2
 11.20 	 5.43 	 1.29 	2
 11.22 	 5.57 	 1.26 	0
 11.26 	 5.70 	 1.25 	2
 11.27 	 5.98  	 1.26 	0
 11.28 	 4.81 	 1.40 	0
 11.29 	 6.01 	 1.27 	2
 11.32 	 6.52 	 1.24 	2
 11.32 	 6.54 	 1.25 	2
 11.33 	 5.23 	 1.23 	0
 11.35 	 6.33 	 1.24 	2
 11.37 	 5.71 	 1.27 	2
 11.37 	 6.05 	 1.26 	2
 11.38 	 6.79 	 1.24 	2
 11.39 	 5.81 	 1.27 	2
 11.39  	 6.31 	 1.26 	2
 11.41 	 6.60 	 1.26 	2
 11.43  	 8.01  	 1.20  	2
 11.44 	 6.19 	 1.27 	2
 11.44 	 6.84 	 1.23 	0
 11.46 	 6.22 	 1.25 	2
 11.50 	 6.42 	 1.24 	2
 11.53 	 6.44 	 1.23 	1
 11.54 	 5.93 	 1.26 	2
 11.56 	 6.98  	 1.23 	2
 11.61 	 6.76 	 1.23 	2
 11.63 	 6.65 	 1.24 	2
 11.65 	 5.30  	 1.27 	2
 11.65 	 5.31 	 1.25 	2
 11.70 	 6.14 	 1.23 	2
 11.71  	 7.33 	 1.21 	2
 11.72 	 7.40 	 1.21 	2
 11.72   	 6.79  	 1.23 	2
 11.74 	 5.83 	 1.28 	2
 11.76 	 6.43 	 1.25 	2
 11.81 	 6.24 	 1.26  	2
 11.94 	 5.60 	 1.24 	2
 11.95 	  7.39 	 1.22 	2
 11.96 	 6.18 	 1.25 	2
 11.98 	 7.48 	 1.20 	2
 12.03 	 6.93 	 1.22 	2
 12.07 	 7.60   	 1.20  	2
 12.07 	 7.74 	 1.21   	1
 12.14 	 6.92 	 1.23 	1
 12.16 	 6.93 	 1.22 	2
 12.17 	 6.72 	 1.24 	2
 12.24 	 5.38 	 1.28 	2
 12.24 	 5.38 	 1.28 	2
 12.27 	 5.90 	 1.25 	2
 12.34 	 6.88 	 1.21 	2
 12.36 	 6.81 	 1.22 	2
 12.38 	 6.13 	 1.20 	1
 12.39 	 6.41 	 1.24 	2
 12.39 	 6.97  	 1.21 	2
 12.40 	 6.90 	 1.22 	2
 12.42 	 6.61 	 1.23 	1
 12.42 	 7.03 	 1.22 	2
 12.45  	 6.82  	 1.21  	2
 12.46 	 6.23 	 1.20 	2
 12.48 	 6.43 	 1.24 	2
 12.49 	 6.03	 1.26 	1
 12.52 	 7.37 	 1.20 	2
 12.57 	 7.83 	 1.13 	2
 12.57  	 7.17  	 1.20  	2
 12.58 	 6.75 	 1.22 	2
 12.69 	 7.39 	 1.20 	2
 12.72 	 7.15 	 1.21 	2
 12.75 	 6.47 	 1.23 	2
 12.77 	 6.83 	 1.17 	2
 12.79 	 6.45 	 1.22 	1
 12.79 	 6.82 	 1.21 	2
 12.84 	 7.68 	 1.19 	2
 12.87 	 6.82 	 1.21 	2
 12.87 	 7.73 	 1.21 	2
 12.98 	 6.73 	 1.22 	2
 12.99 	 8.15  	 1.19  	2
 13.00 	 6.87 	 1.21 	2
 13.08 	 7.11 	 1.20 	2
 13.10  	 7.31  	 1.21  	2
 13.16 	 6.96 	 1.20 	0
 13.16   	 6.75   	 1.21  	0
 13.26 	 6.82 	 1.22 	2
 13.28 	 6.21 	 1.24 	2
 13.31 	 7.82 	 1.19 	2
 13.35 	 6.31 	 1.23 	0
 13.35 	 8.77 	 1.17 	2
 13.48 	 6.86 	 1.19 	2
 13.52 	 6.69 	 1.22 	2
 13.52 	 6.90 	 1.20 	2
 13.68  	 7.42  	 1.19  	2
 13.72 	 8.29 	 1.16 	2
 13.75 	 7.35 	 1.14 	2
 13.83 	 7.60  	 1.19 	2
 13.85 	 7.37 	 1.19 	2
 13.90 	 8.06 	 1.19 	0
 13.96 	 8.73 	 1.17  	0
 14.05 	 7.81 	 1.19 	2
 14.08 	 6.75  	 1.19 	2
 14.11 	 8.13  	 1.18  	2
 14.13 	 7.88 	 1.17 	2
 14.16 	 7.58 	 1.19 	2
 14.17 	 7.52 	 1.17 	2
 14.20 	 6.87 	 1.22 	2
 14.22 	 7.41 	 1.19 	2
 14.22 	 8.39  	 1.18  	1
 14.31 	 7.87  	 1.19  	1
 14.36 	 9.54 	 1.14 	2
 14.39 	 7.41 	 1.20 	2
 14.39  	 8.27  	 1.17  	2
 14.44 	 6.37 	 1.19 	2
 14.57 	 6.37 	 1.22 	0
 14.59 	 7.89  	 1.15 	0
 14.76 	 8.18 	 1.17 	2
 14.81 	 5.15 	 1.26  	2
 14.94 	 7.11 	 1.17 	2
 14.94 	 8.89 	 1.16 	1
 14.95 	 7.42 	 1.20 	2
 15.03 	 8.46 	 1.16 	2
 15.04  	 8.05  	 1.18 	2
 15.06 	 6.96 	 1.14 	2
 15.07 	 8.57 	 1.15 	2
 15.12 	 6.98 	 1.18 	2
 15.19 	 9.36 	 1.13 	2
 15.23 	 5.59 	 1.21 	2
 15.41 	 6.65 	 1.18 	2
 15.58  	 7.99 	 1.17 	2
 15.64  	 9.19  	 1.14  	2
 15.68  	 7.95  	 1.17  	2
 15.73 	 8.18 	 1.11 	2
 15.87 	 9.27 	 1.14 	2
 15.89 	 7.74 	 1.17 	1
 15.98 	 7.56 	 1.17 	2
 16.01  	 8.36  	 1.15 	2
 16.03  	 8.77 	 1.15  	2
 16.11 	 8.27 	 1.13 	2
 16.19 	 9.63 	 1.15 	2
 16.23 	 7.59 	 1.17 	2
 16.24 	 7.17 	 1.14 	2
 16.37 	 8.34 	 1.16 	2
 16.69 	 9.55  	 1.14  	2
 16.86 	 8.63 	 1.12 	2
 16.93	 6.89 	 1.16 	0
 17.00 	 9.07 	 1.12 	2
 17.04 	 8.61 	 1.15 	2
 17.05 	 7.77 	 1.16 	2
 17.23 	 6.80 	 1.16 	0
 17.52 	 9.84 	 1.12 	2
 17.55 	 7.41 	 1.18 	2
 17.57 	 9.35 	 1.10 	2
 17.84 	 6.69 	 1.16 	2
 17.87 	 9.32 	 1.13 	0
 17.92 	 5.84 	 1.19  	2
 18.10 	 7.61 	 1.16 	0
 18.17 	 8.82 	 1.12	2
 18.18 	 6.43 	 1.16 	2
 18.24  	 9.06  	 1.13  	0
 18.34 	 8.87 	 1.15 	2
 18.70 	 9.78 	 1.08 	0
 18.73 	 8.75 	 1.14 	2
 18.76 	 8.89 	 1.12 	2
 18.81 	 8.79 	 1.12 	2
 18.86  	 10.52  	 1.12  	2
 19.52 	 7.75 	 1.13 	2
 19.76 	 9.80 	 1.10 	2
 19.90 	 8.71 	 1.14 	2
 2.00	 3.30 	 4.37 	0
 2.00	 3.35 	 4.09 	0
 2.00	 3.38 	 4.05 	2
 2.00	 3.44 	 4.03 	0
 2.00	 3.61  	 3.70 	1
 2.00	 3.77 	 3.74 	1
 2.00	 3.95  	 3.60  	2
 2.00 	 2.99 	 4.47 	1
 2.00 	 3.09 	 4.19 	1
 2.00 	 3.10 	 4.28 	0
 2.00 	 3.11 	 4.21 	2
 2.00 	 3.14 	 4.57  	1
 2.00 	 3.16 	 4.36 	0
 2.00 	 3.16 	 3.75 	1
 2.00 	 3.17 	 4.09 	1
 2.00 	 3.17 	 4.02 	1
 2.00 	 3.18 	 4.09 	1
 2.00 	 3.20 	 4.23 	2
 2.00 	 3.20 	 4.14 	2
 2.00 	 3.21 	 3.98  	2
 2.00 	 3.21 	 4.08 	2
 2.00 	 3.22 	 3.92 	1
 2.00 	 3.23 	 4.06 	2
 2.00 	 3.24 	 3.97 	0
 2.00 	 3.24 	 3.96 	1
 2.00 	 3.24 	 4.03 	2
 2.00 	 3.25 	 3.88 	2
 2.00 	 3.25 	 3.95 	2
 2.00 	 3.25 	 3.88 	1
 2.00 	 3.27 	 4.13 	0
 2.00 	 3.28 	 4.32  	1
 2.00 	 3.28 	 3.80 	0
 2.00 	 3.29 	 4.02 	1
 2.00 	 3.29 	 4.14 	1
 2.00 	 3.31 	 4.26   	1
 2.00 	 3.31 	 3.92 	1
 2.00 	 3.31  	 4.07 	1
 2.00 	 3.32 	 4.08 	1
 2.00 	 3.33 	 4.11 	2
 2.00 	 3.35 	 3.86 	1
 2.00 	 3.35 	 3.84 	2
 2.00 	 3.35 	 4.08 	2
 2.00 	 3.36 	 3.96 	2
 2.00 	 3.37 	 4.01 	0
 2.00 	 3.37 	 3.93 	1
 2.00 	 3.38 	 4.04 	1
 2.00 	 3.38 	 3.54 	1
 2.00 	 3.38 	 3.78 	2
 2.00 	 3.38 	 3.91 	1
 2.00 	 3.39 	 3.79 	2
 2.00 	 3.39 	 3.59 	1
 2.00 	 3.40 	 3.85 	1
 2.00 	 3.41 	 3.79  	1
 2.00 	 3.41 	 3.62 	0
 2.00 	 3.42 	 4.09 	1
 2.00 	 3.42 	 3.50  	0
 2.00 	 3.42 	 3.55 	1
 2.00 	 3.42 	 3.81 	1
 2.00 	 3.43 	 4.09 	0
 2.00 	 3.43 	 3.46 	0
 2.00 	 3.43 	 3.94  	2
 2.00 	 3.43 	 3.45 	2
 2.00 	 3.43 	 3.82 	0
 2.00 	 3.44 	 3.75 	0
 2.00 	 3.45 	 3.78 	1
 2.00 	 3.46 	 3.92 	2
 2.00 	 3.46 	 3.65 	1
 2.00 	 3.46 	 3.65 	1
 2.00 	 3.46 	 3.79 	1
 2.00 	 3.47 	 3.89 	1
 2.00 	 3.47 	 3.89 	1
 2.00 	 3.47 	 3.60 	1
 2.00 	 3.47  	 3.92 	2
 2.00 	 3.48 	 3.54 	0
 2.00 	 3.48 	 3.85 	2
 2.00 	 3.48 	 3.47 	1
 2.00 	 3.49 	 3.90 	1
 2.00 	 3.49 	 3.85 	1
 2.00 	 3.49 	 3.68 	2
 2.00 	 3.49 	 3.90 	0
 2.00 	 3.49 	 3.73 	1
 2.00 	 3.50 	 3.86 	0
 2.00 	 3.50 	 3.51 	1
 2.00 	 3.50 	 3.56 	1
 2.00 	 3.52 	 3.91 	1
 2.00 	 3.52  	 3.72 	0
 2.00 	 3.53 	 4.01 	1
 2.00 	 3.53 	 3.91  	0
 2.00 	 3.53 	 3.65 	0
 2.00 	 3.54 	 3.88 	2
 2.00 	 3.54 	 3.39 	1
 2.00 	 3.54 	 3.55 	1
 2.00 	 3.54 	 3.61 	1
 2.00 	 3.54  	 3.81 	2
 2.00 	 3.55 	 3.72 	2
 2.00 	 3.56 	 3.67 	1
 2.00 	 3.57  	 3.75 	1
 2.00 	 3.58 	 3.77 	2
 2.00 	 3.58 	 3.79 	1
 2.00 	 3.58 	 3.30 	2
 2.00 	 3.59 	 3.49 	2
 2.00 	 3.60 	 3.84 	2
 2.00 	 3.60 	 3.28 	1
 2.00 	 3.60 	 3.77 	2
 2.00 	 3.61  	 3.77 	1
 2.00 	 3.63 	 3.79 	1
 2.00 	 3.63 	 3.70 	0
 2.00 	 3.64 	 3.83 	0
 2.00 	 3.64 	 3.55 	2
 2.00 	 3.64 	 3.45 	1
 2.00 	 3.65 	 3.52 	0
 2.00 	 3.66 	 3.25 	1
 2.00 	 3.67 	 3.63 	0
 2.00 	 3.67 	 3.53 	1
 2.00 	 3.68 	 3.73  	0
 2.00 	 3.68 	 3.54 	1
 2.00 	 3.70 	 3.76  	0
 2.00 	 3.70 	 3.62 	1
 2.00 	 3.70 	 3.62 	1
 2.00 	 3.70  	 3.61 	2
 2.00 	 3.72 	 3.50 	1
 2.00 	 3.73 	 3.21 	0
 2.00 	 3.73 	 3.48 	2
 2.00 	 3.77 	 3.30 	2
 2.00 	 3.77 	 3.37 	1
 2.00 	 3.78 	 3.53 	0
 2.00 	 3.80 	 3.64 	1
 2.00 	 3.80  	 3.48 	1
 2.00 	 3.87 	 3.60 	1
 2.00 	 3.88  	 3.45  	2
 2.00 	 3.91 	 3.56  	1
 2.00 	 3.91 	 3.51 	0
 2.00 	 3.91 	 3.42 	2
 2.00 	 3.94 	 3.56 	2
 2.00  	 3.59 	 3.65 	1
 2.01	 3.13 	 4.54 	1
 2.01	 3.23 	 3.96 	0
 2.01	 3.32 	 4.28 	2
 2.01	 3.73 	 3.72 	0
 2.01	 3.77 	 3.66 	2
 2.01	 4.10	 3.42 	1
 2.01 	 3.07 	 4.30 	1
 2.01 	 3.11 	 4.03 	2
 2.01 	 3.12 	 4.13 	0
 2.01 	 3.14 	 4.10 	0
 2.01 	 3.16 	 4.04 	1
 2.01 	 3.17 	 4.49 	1
 2.01 	 3.18 	 4.11 	1
 2.01 	 3.22 	 3.92 	1
 2.01 	 3.23 	 3.94 	0
 2.01 	 3.23 	 4.04 	1
 2.01 	 3.24 	 4.03 	0
 2.01 	 3.25 	 4.21 	1
 2.01 	 3.27 	 4.17 	1
 2.01 	 3.27 	 4.18 	1
 2.01 	 3.27 	 4.13 	1
 2.01 	 3.27 	 3.90 	1
 2.01 	 3.27 	 4.08 	0
 2.01 	 3.27 	 4.11 	1
 2.01 	 3.28 	 4.17 	2
 2.01 	 3.28 	 3.92 	1
 2.01 	 3.28 	 4.01 	1
 2.01 	 3.28 	 3.99  	2
 2.01 	 3.29 	 4.03 	1
 2.01 	 3.29 	 3.94 	2
 2.01 	 3.30 	 4.25 	2
 2.01 	 3.30 	 4.16  	2
 2.01 	 3.30 	 4.02 	2
 2.01 	 3.30 	 4.02 	2
 2.01 	 3.31 	 3.87 	0
 2.01 	 3.32 	 4.07 	2
 2.01 	 3.32 	 3.71 	1
 2.01 	 3.33  	 4.04 	0
 2.01 	 3.34 	 4.19 	0
 2.01 	 3.34 	 3.68 	2
 2.01 	 3.37 	 3.67 	0
 2.01 	 3.38 	 4.06 	2
 2.01 	 3.38 	 3.65 	0
 2.01 	 3.38 	 3.98 	0
 2.01 	 3.38 	 3.91 	0
 2.01 	 3.38 	 3.60 	1
 2.01 	 3.39 	 3.94 	2
 2.01 	 3.39 	 3.93 	1
 2.01 	 3.39 	 3.54 	2
 2.01 	 3.40 	 3.45 	0
 2.01 	 3.41 	 3.91 	1
 2.01 	 3.41 	 3.92 	1
 2.01 	 3.41 	 3.88 	0
 2.01 	 3.41 	 3.81 	2
 2.01 	 3.42 	 3.82 	2
 2.01 	 3.42 	 3.88 	2
 2.01 	 3.43 	 3.89 	2
 2.01 	 3.44 	 3.55 	0
 2.01 	 3.45 	 3.88 	1
 2.01 	 3.45 	 3.52 	0
 2.01 	 3.45 	 3.37 	1
 2.01 	 3.45 	 3.45 	0
 2.01 	 3.45 	 3.79 	1
 2.01 	 3.46 	 3.88 	1
 2.01 	 3.46 	 3.38 	0
 2.01 	 3.46 	 3.55 	1
 2.01 	 3.46 	 3.60 	0
 2.01 	 3.47 	 3.33 	1
 2.01 	 3.47 	 3.38 	0
 2.01 	 3.47 	 3.72 	0
 2.01 	 3.47 	 3.63 	1
 2.01 	 3.47 	 3.75 	1
 2.01 	 3.48 	 3.97 	0
 2.01 	 3.48 	 3.62 	0
 2.01 	 3.48 	 3.73 	0
 2.01 	 3.49 	 3.91 	1
 2.01 	 3.50 	 3.79 	0
 2.01 	 3.50 	 3.61 	2
 2.01 	 3.50 	 3.72 	1
 2.01 	 3.51 	 3.40 	0
 2.01 	 3.51 	 3.76 	1
 2.01 	 3.51 	 3.51 	0
 2.01 	 3.51  	 3.79 	1
 2.01 	 3.52 	 3.85 	1
 2.01 	 3.52 	 3.85 	2
 2.01 	 3.52 	 3.69 	1
 2.01 	 3.53 	 3.75 	1
 2.01 	 3.53 	 3.78 	2
 2.01 	 3.53 	 3.36 	2
 2.01 	 3.54 	 3.59 	1
 2.01 	 3.54 	 3.72 	0
 2.01 	 3.54 	 3.76 	1
 2.01 	 3.54 	 3.44 	2
 2.01 	 3.54 	 3.47 	1
 2.01 	 3.54 	 3.35 	1
 2.01 	 3.54 	 3.69 	0
 2.01 	 3.55 	 3.85 	1
 2.01 	 3.55 	 3.46 	1
 2.01 	 3.55 	 3.68 	1
 2.01 	 3.56 	 3.54  	1
 2.01 	 3.57 	 3.79 	1
 2.01 	 3.57 	 3.64 	0
 2.01 	 3.58 	 3.46 	1
 2.01 	 3.58 	 3.58 	1
 2.01 	 3.59 	 3.74 	1
 2.01 	 3.59 	 3.69 	1
 2.01 	 3.59 	 3.66 	1
 2.01 	 3.61 	 3.61 	2
 2.01 	 3.61 	 3.38 	1
 2.01 	 3.61 	 3.55 	0
 2.01 	 3.62 	 3.64 	1
 2.01 	 3.62 	 3.70 	1
 2.01 	 3.62 	 3.28 	2
 2.01 	 3.62 	 3.48 	0
 2.01 	 3.65 	 3.56  	2
 2.01 	 3.65 	 3.66 	1
 2.01 	 3.65 	 3.42 	1
 2.01 	 3.66 	 3.61 	0
 2.01 	 3.66 	 3.22 	0
 2.01 	 3.67 	 3.59 	0
 2.01 	 3.67 	 3.37 	2
 2.01 	 3.68 	 3.36 	1
 2.01 	 3.68 	 3.20 	0
 2.01 	 3.69 	 3.61 	1
 2.01 	 3.69 	 3.60 	0
 2.01 	 3.69 	 3.42 	2
 2.01 	 3.70 	 3.57 	2
 2.01 	 3.72 	 3.58 	1
 2.01 	 3.73 	 3.68 	1
 2.01 	 3.76 	 3.61 	2
 2.01 	 3.79 	 3.49 	1
 2.01 	 3.81 	 3.51  	1
 2.01 	 3.82 	 3.51 	0
 2.01 	 3.83 	 3.10 	2
 2.01 	 3.84 	 3.15 	0
 2.01 	 3.86 	 3.33 	1
 2.01 	 3.88 	 3.31 	1
 2.01 	 3.96 	 3.48 	1
 2.01  	 3.37 	 4.13 	1
 2.01  	 3.39 	 3.66 	1
 2.01  	 3.42 	 3.84 	2
 2.01  	 3.56  	 3.76  	1
 2.01  	 3.76 	 3.68 	0
 2.01  	 3.92  	 3.51  	1
 2.02	 3.28 	 4.21 	1
 2.02	 3.54 	 3.84 	1
 2.02	 3.59  	 3.62 	2
 2.02	 3.70 	 3.55 	1
 2.02 	  3.53   	 3.81 	1
 2.02 	 3.02 	 4.20 	1
 2.02 	 3.03 	 4.21 	1
 2.02 	 3.05 	 4.10 	1
 2.02 	 3.06 	 4.20 	0
 2.02 	 3.07 	 4.10 	0
 2.02 	 3.08 	 4.54 	0
 2.02 	 3.08 	 4.24 	2
 2.02 	 3.11 	 4.20 	0
 2.02 	 3.14 	 4.15 	1
 2.02 	 3.16 	 4.45 	0
 2.02 	 3.16 	 4.01 	1
 2.02 	 3.19 	 4.19 	0
 2.02 	 3.21 	 3.95 	0
 2.02 	 3.22 	 3.92 	0
 2.02 	 3.23 	 4.23 	2
 2.02 	 3.24 	 4.07  	0
 2.02 	 3.24 	 4.10 	1
 2.02 	 3.28 	 4.18 	2
 2.02 	 3.28 	 3.89 	2
 2.02 	 3.28 	 4.12 	2
 2.02 	 3.29 	 4.04 	1
 2.02 	 3.29 	 3.87 	1
 2.02 	 3.29 	 4.05 	0
 2.02 	 3.31 	 4.02 	2
 2.02 	 3.31 	 3.78 	0
 2.02 	 3.32 	 4.04 	2
 2.02 	 3.32 	 4.13 	0
 2.02 	 3.32 	 3.73 	1
 2.02 	 3.32 	 3.71 	1
 2.02 	 3.32 	 3.71 	0
 2.02 	 3.33 	 3.83 	1
 2.02 	 3.34 	 3.91 	1
 2.02 	 3.34 	 4.16 	1
 2.02 	 3.34 	 3.88 	1
 2.02 	 3.34 	 3.96 	0
 2.02 	 3.35 	 3.98 	1
 2.02 	 3.36 	 3.57 	0
 2.02 	 3.36  	 3.90 	1
 2.02 	 3.37 	 3.92 	1
 2.02 	 3.37 	 3.95 	0
 2.02 	 3.38 	 3.92 	2
 2.02 	 3.38 	 3.91 	2
 2.02 	 3.38 	 3.83 	0
 2.02 	 3.38 	 3.76 	1
 2.02 	 3.39 	 3.94 	0
 2.02 	 3.39 	 3.94 	1
 2.02 	 3.40 	 3.90 	2
 2.02 	 3.40 	 3.94 	1
 2.02 	 3.40 	 3.81 	0
 2.02 	 3.41 	 3.94 	2
 2.02 	 3.41 	 4.06 	0
 2.02 	 3.41 	 3.70 	1
 2.02 	 3.41 	 3.88 	1
 2.02 	 3.42 	 3.93 	0
 2.02 	 3.42 	 3.99 	2
 2.02 	 3.42 	 3.85 	1
 2.02 	 3.42 	 3.74 	0
 2.02 	 3.43 	 3.77 	0
 2.02 	 3.44 	 3.94 	1
 2.02 	 3.44 	 3.65 	0
 2.02 	 3.45 	 3.60 	1
 2.02 	 3.45 	 3.36 	0
 2.02 	 3.45 	 3.87 	2
 2.02 	 3.45 	 3.76 	1
 2.02 	 3.45 	 3.70 	2
 2.02 	 3.46 	 3.74 	2
 2.02 	 3.46 	 3.84 	0
 2.02 	 3.47 	 3.89 	1
 2.02 	 3.47 	 3.56 	2
 2.02 	 3.47 	 3.67 	1
 2.02 	 3.47  	 3.86 	1
 2.02 	 3.48 	 3.62 	1
 2.02 	 3.48 	 3.77 	1
 2.02 	 3.48 	 3.80 	2
 2.02 	 3.48 	 3.46 	2
 2.02 	 3.49 	 3.67 	0
 2.02 	 3.50 	 3.45 	1
 2.02 	 3.51 	 3.80 	1
 2.02 	 3.51 	 3.88 	0
 2.02 	 3.51 	 3.34 	1
 2.02 	 3.51 	 3.69 	1
 2.02 	 3.51 	 3.76 	1
 2.02 	 3.51 	 3.71 	2
 2.02 	 3.52 	 3.93 	2
 2.02 	 3.52 	 3.82 	1
 2.02 	 3.52 	 3.71 	1
 2.02 	 3.53 	 3.29 	1
 2.02 	 3.54 	 3.56 	1
 2.02 	 3.54 	 3.79 	2
 2.02 	 3.54 	 3.37 	0
 2.02 	 3.54 	 3.50 	2
 2.02 	 3.54 	 3.59 	2
 2.02 	 3.55 	 3.63 	0
 2.02 	 3.56 	 3.88 	2
 2.02 	 3.56 	 3.89 	0
 2.02 	 3.56 	 3.29 	2
 2.02 	 3.57 	 3.60 	1
 2.02 	 3.57 	 3.71 	2
 2.02 	 3.57 	 3.38 	1
 2.02 	 3.58 	 3.69  	2
 2.02 	 3.59 	 3.49  	1
 2.02 	 3.59 	 3.58 	2
 2.02 	 3.60 	 3.62 	1
 2.02 	 3.60 	 3.62 	0
 2.02 	 3.61 	 3.71 	1
 2.02 	 3.61 	 3.65 	0
 2.02 	 3.61 	 3.58 	2
 2.02 	 3.61 	 3.73 	1
 2.02 	 3.62 	 3.72 	2
 2.02 	 3.62 	 3.70 	2
 2.02 	 3.62 	 3.68 	2
 2.02 	 3.64 	 3.28 	1
 2.02 	 3.64 	 3.23 	1
 2.02 	 3.65 	 3.69 	0
 2.02 	 3.65 	 3.33 	0
 2.02 	 3.65 	 3.40 	1
 2.02 	 3.66 	 3.70 	2
 2.02 	 3.67 	 3.54 	1
 2.02 	 3.68 	 3.55 	1
 2.02 	 3.68  	 3.58 	0
 2.02 	 3.69  	 3.52 	2
 2.02 	 3.70 	 3.54 	1
 2.02 	 3.71 	 3.54 	0
 2.02 	 3.73 	 3.67 	1
 2.02 	 3.75 	 3.19 	0
 2.02 	 3.75 	 3.13 	1
 2.02 	 3.76 	 3.43 	2
 2.02 	 3.85 	 3.42 	0
 2.02  	 3.19 	 3.97 	0
 2.02  	 3.38 	 4.15 	1
 2.02  	 3.41 	 4.02	0
 2.02  	 3.48 	 3.96 	0
 2.02  	 3.49 	 3.53 	1
 2.02  	 3.52  	 3.76  	2
 2.02  	 3.56 	 3.89 	0
 2.02  	 3.56 	 3.73 	0
 2.02  	 3.56  	 3.84  	0
 2.02  	 3.58 	 3.83 	2
 2.02  	 3.91  	 3.51  	0
 2.02  	 4.35  	 3.20  	1
 2.03	 3.20  	 4.27 	1
 2.03	 3.42 	 3.41 	2
 2.03	 3.61 	 3.65 	1
 2.03 	 2.99 	 4.24 	0
 2.03 	 3.01 	 4.62 	0
 2.03 	 3.04 	 4.27 	0
 2.03 	 3.06 	 4.17 	0
 2.03 	 3.07 	 4.63 	1
 2.03 	 3.09 	 4.51 	1
 2.03 	 3.12 	 4.30 	0
 2.03 	 3.13 	 4.23 	0
 2.03 	 3.14 	 3.84 	0
 2.03 	 3.15 	 4.17 	1
 2.03 	 3.16 	 4.11 	1
 2.03 	 3.17 	 4.24 	1
 2.03 	 3.18 	 3.97 	1
 2.03 	 3.19 	 4.02 	0
 2.03 	 3.20 	 4.36 	1
 2.03 	 3.20 	 4.06 	0
 2.03 	 3.20 	 4.01 	1
 2.03 	 3.22 	 4.28  	0
 2.03 	 3.22 	 3.95 	0
 2.03 	 3.23 	 4.01 	1
 2.03 	 3.23 	 4.01 	1
 2.03 	 3.23 	 4.10 	0
 2.03 	 3.23 	 3.89 	1
 2.03 	 3.23 	 3.87 	2
 2.03 	 3.24 	 3.97 	1
 2.03 	 3.26 	 3.93 	1
 2.03 	 3.26  	 4.14   	1
 2.03 	 3.27 	 4.25 	0
 2.03 	 3.28 	 4.15 	0
 2.03 	 3.28 	 3.85 	0
 2.03 	 3.28 	 3.68 	1
 2.03 	 3.28 	 4.03  	0
 2.03 	 3.29 	 4.24 	0
 2.03 	 3.29 	 3.91 	1
 2.03 	 3.29 	 3.80 	0
 2.03 	 3.29 	 3.98 	1
 2.03 	 3.29 	 3.91 	0
 2.03 	 3.30 	 3.93 	1
 2.03 	 3.30 	 3.91 	0
 2.03 	 3.30 	 3.81 	0
 2.03 	 3.30 	 3.81 	1
 2.03 	 3.31 	 3.96 	1
 2.03 	 3.31 	 3.88 	0
 2.03 	 3.32 	 3.89 	1
 2.03 	 3.32 	 3.98 	1
 2.03 	 3.32 	 3.86 	1
 2.03 	 3.33 	 3.99 	1
 2.03 	 3.34 	 3.97 	1
 2.03 	 3.35 	 3.82 	1
 2.03 	 3.35 	 3.66 	1
 2.03 	 3.36 	 3.97 	1
 2.03 	 3.36 	 3.52 	1
 2.03 	 3.36 	 3.90 	1
 2.03 	 3.37 	 4.02	0
 2.03 	 3.37 	 3.81 	1
 2.03 	 3.37 	 3.75 	2
 2.03 	 3.38 	 3.85 	1
 2.03 	 3.38 	 4.03 	2
 2.03 	 3.38 	 3.72 	1
 2.03 	 3.38 	 3.83  	2
 2.03 	 3.38 	 3.74 	2
 2.03 	 3.39 	 3.80 	0
 2.03 	 3.39 	 3.77 	1
 2.03 	 3.39  	 3.54 	2
 2.03 	 3.40 	 3.88 	1
 2.03 	 3.40 	 3.72 	1
 2.03 	 3.40 	 3.59 	1
 2.03 	 3.41 	 3.80 	0
 2.03 	 3.41 	 3.80  	0
 2.03 	 3.41 	 3.75 	1
 2.03 	 3.41 	 3.70 	1
 2.03 	 3.42 	 3.84 	1
 2.03 	 3.42 	 3.54 	0
 2.03 	 3.43 	 3.59 	1
 2.03 	 3.43 	 3.51 	2
 2.03 	 3.43 	 3.50 	1
 2.03 	 3.43 	 3.34 	1
 2.03 	 3.44 	 3.93 	1
 2.03 	 3.44 	 3.60 	2
 2.03 	 3.44 	 3.74 	2
 2.03 	 3.44 	 3.49 	0
 2.03 	 3.45 	 3.36  	1
 2.03 	 3.45 	 3.66 	2
 2.03 	 3.45 	 3.73 	1
 2.03 	 3.45 	 3.60 	1
 2.03 	 3.46 	 3.87 	0
 2.03 	 3.46 	 3.74 	2
 2.03 	 3.46 	 3.87 	1
 2.03 	 3.48 	 3.78 	2
 2.03 	 3.48 	 3.78 	2
 2.03 	 3.48 	 3.81 	1
 2.03 	 3.48 	 3.45 	2
 2.03 	 3.48 	 3.47 	1
 2.03 	 3.49 	 3.90 	1
 2.03 	 3.49 	 3.71 	2
 2.03 	 3.49 	 3.80 	0
 2.03 	 3.49 	 3.38 	2
 2.03 	 3.49 	 3.30 	1
 2.03 	 3.50 	 3.84 	0
 2.03 	 3.50 	 3.76 	2
 2.03 	 3.50 	 3.59 	1
 2.03 	 3.51 	 3.83  	2
 2.03 	 3.51 	 3.87 	0
 2.03 	 3.51 	 3.61 	1
 2.03 	 3.51 	 3.83 	1
 2.03 	 3.51 	 3.68 	1
 2.03 	 3.52 	 3.27 	1
 2.03 	 3.52 	 3.70 	2
 2.03 	 3.52 	 3.53 	2
 2.03 	 3.52 	 3.61 	0
 2.03 	 3.52 	 3.60 	2
 2.03 	 3.52 	 3.57 	1
 2.03 	 3.53 	 3.73 	1
 2.03 	 3.53 	 3.37 	0
 2.03 	 3.54 	 3.82 	2
 2.03 	 3.54 	 3.72 	0
 2.03 	 3.54 	 3.28 	2
 2.03 	 3.55 	 3.82 	2
 2.03 	 3.55 	 3.23 	0
 2.03 	 3.55 	 3.65 	1
 2.03 	 3.55 	 3.26 	2
 2.03 	 3.55 	 3.59 	2
 2.03 	 3.56 	 3.61 	1
 2.03 	 3.56 	 3.60 	1
 2.03 	 3.57 	 3.75 	1
 2.03 	 3.57 	 3.62  	0
 2.03 	 3.59 	 3.65 	1
 2.03 	 3.60 	 3.65 	2
 2.03 	 3.60 	 3.25 	1
 2.03 	 3.60 	 3.21 	1
 2.03 	 3.61 	 3.75 	2
 2.03 	 3.61 	 3.23 	1
 2.03 	 3.61 	 3.20 	1
 2.03 	 3.62 	 3.56 	2
 2.03 	 3.62 	 3.48 	0
 2.03 	 3.62 	 3.34 	0
 2.03 	 3.62 	 3.38 	1
 2.03 	 3.62 	 3.56 	1
 2.03 	 3.63 	 3.57 	1
 2.03 	 3.63 	 3.51 	1
 2.03 	 3.64 	 3.67 	0
 2.03 	 3.64 	 3.46 	1
 2.03 	 3.65 	 3.50 	0
 2.03 	 3.65 	 3.56 	2
 2.03 	 3.65 	 3.57 	1
 2.03 	 3.65 	 3.61 	0
 2.03 	 3.65 	 3.42 	1
 2.03 	 3.66 	 3.71 	0
 2.03 	 3.68 	 3.47 	1
 2.03 	 3.68 	 3.18 	1
 2.03 	 3.68 	 3.63 	1
 2.03 	 3.69 	 3.46 	1
 2.03 	 3.70 	 3.58 	0
 2.03 	 3.71 	 3.57 	0
 2.03 	 3.72 	 3.14 	1
 2.03 	 3.74 	 3.52 	0
 2.03 	 3.74 	 3.22 	0
 2.03 	 3.75 	 3.50 	1
 2.03 	 3.76 	 3.45 	1
 2.03 	 3.79 	 3.48 	0
 2.03 	 3.79 	 3.51 	1
 2.03 	 3.88 	 3.56  	0
 2.03 	 3.88 	 3.41 	2
 2.03 	 3.92 	 3.02 	0
 2.03  	 3.36 	 3.95 	1
 2.03  	 3.46 	 4.00 	0
 2.03  	 3.55 	 3.73 	0
 2.03  	 3.63  	 3.70 	0
 2.04	 3.24 	 4.22 	1
 2.04	 3.33  	 4.05 	2
 2.04	 3.44 	 3.91  	1
 2.04 	 3.05 	 4.27 	1
 2.04 	 3.08 	 4.16 	0
 2.04 	 3.10 	 4.00 	2
 2.04 	 3.11 	 4.47 	1
 2.04 	 3.11 	 4.15 	1
 2.04 	 3.12 	 4.13 	1
 2.04 	 3.12  	 4.08 	0
 2.04 	 3.13 	 4.38 	1
 2.04 	 3.14 	 4.22 	1
 2.04 	 3.15 	 4.05 	0
 2.04 	 3.17 	 4.19 	1
 2.04 	 3.19  	 4.08 	0
 2.04 	 3.20 	 3.88 	1
 2.04 	 3.20 	 4.09 	2
 2.04 	 3.22 	 3.81 	2
 2.04 	 3.22 	 4.00 	1
 2.04 	 3.23 	 3.84 	0
 2.04 	 3.24 	 4.07 	1
 2.04 	 3.24 	 3.74 	0
 2.04 	 3.24 	 4.00 	0
 2.04 	 3.25 	 4.11 	0
 2.04 	 3.25 	 4.11 	1
 2.04 	 3.26 	 3.95  	0
 2.04 	 3.28 	 3.58 	2
 2.04 	 3.29 	 3.89 	0
 2.04 	 3.29  	 3.69 	2
 2.04 	 3.30 	 3.89 	2
 2.04 	 3.31 	 3.95 	2
 2.04 	 3.31 	 3.81 	0
 2.04 	 3.31 	 3.66 	2
 2.04 	 3.32 	 3.82 	2
 2.04 	 3.34 	 4.07  	0
 2.04 	 3.34 	 3.82 	2
 2.04 	 3.35 	 3.83 	1
 2.04 	 3.35 	 3.77 	2
 2.04 	 3.35 	 3.53 	0
 2.04 	 3.35 	 3.58 	1
 2.04 	 3.36 	 3.67 	0
 2.04 	 3.36 	 3.53 	1
 2.04 	 3.36 	 3.66 	1
 2.04 	 3.36 	 3.74 	1
 2.04 	 3.37 	 3.82 	0
 2.04 	 3.37 	 3.76 	0
 2.04 	 3.37 	 3.75 	2
 2.04 	 3.38 	 4.03 	2
 2.04 	 3.38 	 3.90 	0
 2.04 	 3.39 	 3.83  	1
 2.04 	 3.40 	 3.85  	1
 2.04 	 3.40 	 3.36 	2
 2.04 	 3.40 	 3.71 	1
 2.04 	 3.40 	 3.74  	0
 2.04 	 3.42 	 3.52 	0
 2.04 	 3.43 	 3.92 	0
 2.04 	 3.43 	 3.64 	1
 2.04 	 3.43 	 3.81 	0
 2.04 	 3.43 	 3.77 	1
 2.04 	 3.43 	 3.71 	1
 2.04 	 3.44 	 3.64 	2
 2.04 	 3.44 	 3.73 	0
 2.04 	 3.44 	 3.48 	1
 2.04 	 3.46 	 3.73 	2
 2.04 	 3.46 	 3.50 	2
 2.04 	 3.46 	 3.63 	1
 2.04 	 3.47 	 3.87 	2
 2.04 	 3.47 	 3.59 	1
 2.04 	 3.47 	 3.64 	2
 2.04 	 3.48 	 3.74 	2
 2.04 	 3.49 	 3.85 	0
 2.04 	 3.49 	 3.45 	1
 2.04 	 3.49  	 3.57 	0
 2.04 	 3.50 	 3.83 	0
 2.04 	 3.50 	 3.68 	1
 2.04 	 3.50 	 3.60 	1
 2.04 	 3.50 	 3.53 	0
 2.04 	 3.51 	 3.69  	0
 2.04 	 3.51 	 3.71 	2
 2.04 	 3.51 	 3.29 	2
 2.04 	 3.51 	 3.24 	1
 2.04 	 3.51 	 3.66 	1
 2.04 	 3.51 	 3.43 	0
 2.04 	 3.52 	 3.65 	2
 2.04 	 3.52 	 3.37 	0
 2.04 	 3.52 	 3.56 	1
 2.04 	 3.52 	 3.52 	1
 2.04 	 3.53 	 3.66 	2
 2.04 	 3.53 	 3.22 	1
 2.04 	 3.53 	 3.24 	2
 2.04 	 3.53 	 3.69 	2
 2.04 	 3.53 	 3.25 	0
 2.04 	 3.54 	 3.27 	1
 2.04 	 3.55 	 3.74 	0
 2.04 	 3.55 	 3.23 	1
 2.04 	 3.55 	 3.27 	1
 2.04 	 3.56 	 3.51 	2
 2.04 	 3.56 	 3.57 	1
 2.04 	 3.58 	 3.70 	2
 2.04 	 3.58 	 3.56 	0
 2.04 	 3.60 	 3.65 	1
 2.04 	 3.60 	 3.42 	0
 2.04 	 3.62 	 3.19 	1
 2.04 	 3.62 	 3.19 	1
 2.04 	 3.62 	 3.50 	1
 2.04 	 3.63 	 3.73 	0
 2.04 	 3.64 	 3.47 	0
 2.04 	 3.64 	 3.14 	2
 2.04 	 3.65 	 3.67 	1
 2.04 	 3.67 	 3.24 	1
 2.04 	 3.68 	 3.25 	0
 2.04 	 3.68 	 3.24 	1
 2.04 	 3.69 	 3.38 	1
 2.04 	 3.69 	 3.29 	1
 2.04 	 3.71 	 3.47 	2
 2.04 	 3.71 	 3.36 	2
 2.04 	 3.74 	 3.54 	1
 2.04 	 3.74 	 3.37 	1
 2.04 	 3.75 	 3.37 	1
 2.04 	 3.75 	 3.37 	2
 2.04 	 3.75 	 3.48 	1
 2.04 	 3.75 	 3.34 	2
 2.04 	 3.76 	 3.61 	1
 2.04 	 3.78 	 3.18 	1
 2.04 	 3.80 	 3.39 	0
 2.04 	 3.80 	 3.06 	1
 2.04 	 3.80 	 3.32 	1
 2.04 	 3.83 	 3.53 	2
 2.04 	 3.85 	 3.56 	2
 2.04 	 4.04 	 3.22 	0
 2.04  	 3.17 	 4.33 	1
 2.04  	 3.27 	 3.88 	1
 2.04  	 3.27 	 3.87 	0
 2.04  	 3.28 	 3.89 	2
 2.04  	 3.40  	 3.97   	1
 2.04  	 3.52  	 3.76  	1
 2.04  	 3.64  	 3.56  	0
 2.04  	 3.83 	 3.52  	1
 2.04  	 3.91  	 3.47  	0
 2.04   	 3.69  	 3.58  	2
 2.05	  3.53 	 3.43 	1
 2.05	 3.40 	 3.71 	1
 2.05	 3.60 	 3.67  	0
 2.05 	 2.80 	 5.21  	2
 2.05 	 3.07 	 4.33 	0
 2.05 	 3.07 	 4.18 	1
 2.05 	 3.08 	 4.07 	1
 2.05 	 3.09 	 4.00 	1
 2.05 	 3.09 	 4.00 	1
 2.05 	 3.10 	 4.23 	1
 2.05 	 3.11 	 4.00 	0
 2.05 	 3.14 	 3.99 	0
 2.05 	 3.14 	 4.01 	1
 2.05 	 3.16 	 4.30  	1
 2.05 	 3.16 	 3.63 	0
 2.05 	 3.17 	 3.98 	2
 2.05 	 3.19 	 4.12 	0
 2.05 	 3.19 	 4.12 	0
 2.05 	 3.19 	 4.00 	2
 2.05 	 3.20 	 4.25 	2
 2.05 	 3.20 	 3.88 	2
 2.05 	 3.20 	 3.70 	0
 2.05 	 3.20  	 3.94 	1
 2.05 	 3.23 	 3.96 	1
 2.05 	 3.24 	 3.86 	1
 2.05 	 3.24 	 3.98 	2
 2.05 	 3.24 	 3.91 	1
 2.05 	 3.25 	 4.03 	2
 2.05 	 3.25 	 4.14 	0
 2.05 	 3.25 	 4.05 	0
 2.05 	 3.26 	 4.22 	0
 2.05 	 3.26 	 4.01 	1
 2.05 	 3.26 	 3.83 	0
 2.05 	 3.26 	 3.81 	0
 2.05 	 3.27  	 3.72 	0
 2.05 	 3.28 	 3.99 	0
 2.05 	 3.28 	 3.77 	0
 2.05 	 3.29 	 3.79 	1
 2.05 	 3.29 	 3.71 	0
 2.05 	 3.30 	 4.10 	2
 2.05 	 3.30 	 4.03 	1
 2.05 	 3.30 	 3.83 	0
 2.05 	 3.31 	 3.84 	1
 2.05 	 3.32 	 4.10 	1
 2.05 	 3.32 	 3.72 	1
 2.05 	 3.34 	 3.84 	1
 2.05 	 3.34 	 3.89 	1
 2.05 	 3.34 	 3.40 	2
 2.05 	 3.34 	 3.66 	2
 2.05 	 3.36 	 3.98 	0
 2.05 	 3.36 	 3.91 	0
 2.05 	 3.36 	 3.72 	1
 2.05 	 3.37 	 3.97 	2
 2.05 	 3.37 	 3.97  	1
 2.05 	 3.37 	 3.71 	1
 2.05 	 3.37 	 3.74 	1
 2.05 	 3.37 	 3.82 	0
 2.05 	 3.37 	 3.87 	1
 2.05 	 3.37 	 3.55 	1
 2.05 	 3.38 	 3.46 	0
 2.05 	 3.38 	 3.79  	1
 2.05 	 3.38 	 3.83 	2
 2.05 	 3.38 	 3.66 	1
 2.05 	 3.39 	 3.67 	2
 2.05 	 3.39 	 3.50 	1
 2.05 	 3.40 	 3.83 	1
 2.05 	 3.40 	 3.67 	1
 2.05 	 3.40 	 3.83 	0
 2.05 	 3.40 	 3.53 	1
 2.05 	 3.41 	 3.86 	2
 2.05 	 3.41 	 3.68 	1
 2.05 	 3.41 	 3.53 	2
 2.05 	 3.42 	 3.86 	0
 2.05 	 3.42 	 3.67 	1
 2.05 	 3.43 	 3.60 	0
 2.05 	 3.43 	 3.76 	0
 2.05 	 3.44 	 3.74 	1
 2.05 	 3.44 	 3.51 	1
 2.05 	 3.44 	 3.61 	0
 2.05 	 3.44 	 3.65 	2
 2.05 	 3.45 	 3.61 	2
 2.05 	 3.46 	 3.67 	1
 2.05 	 3.46 	 3.62 	1
 2.05 	 3.46 	 3.78 	2
 2.05 	 3.46 	 3.65 	0
 2.05 	 3.47 	 3.87  	0
 2.05 	 3.47 	 3.80 	1
 2.05 	 3.47 	 3.39 	0
 2.05 	 3.47 	 3.66 	0
 2.05 	 3.48 	 3.62 	1
 2.05 	 3.48 	 3.59 	1
 2.05 	 3.49 	 3.82 	0
 2.05 	 3.49 	 3.55 	2
 2.05 	 3.49 	 3.64 	2
 2.05 	 3.49 	 3.23 	1
 2.05 	 3.49 	 3.65 	1
 2.05 	 3.49 	 3.52 	1
 2.05 	 3.49 	 3.54 	0
 2.05 	 3.50 	 3.63 	1
 2.05 	 3.50 	 3.68 	1
 2.05 	 3.50 	 3.48 	2
 2.05 	 3.50 	 3.31 	0
 2.05 	 3.50 	 3.54 	0
 2.05 	 3.50 	 3.60 	1
 2.05 	 3.50  	 3.69  	2
 2.05 	 3.51 	 3.82  	0
 2.05 	 3.51 	 3.79 	2
 2.05 	 3.51 	 3.48 	0
 2.05 	 3.51 	 3.75 	2
 2.05 	 3.52 	 3.39 	1
 2.05 	 3.52 	 3.49 	2
 2.05 	 3.52 	 3.29 	1
 2.05 	 3.52 	 3.61 	2
 2.05 	 3.53 	 3.64 	2
 2.05 	 3.53 	 3.71 	1
 2.05 	 3.53 	 3.40 	1
 2.05 	 3.54 	 3.57  	1
 2.05 	 3.54 	 3.36 	2
 2.05 	 3.55 	 3.22 	0
 2.05 	 3.56 	 3.54 	2
 2.05 	 3.56 	 3.59 	1
 2.05 	 3.56 	 3.55 	0
 2.05 	 3.56 	 3.43 	1
 2.05 	 3.58 	 3.50 	0
 2.05 	 3.58 	 3.45 	2
 2.05 	 3.58  	 3.47 	1
 2.05 	 3.61 	 3.71 	1
 2.05 	 3.61 	 3.36 	0
 2.05 	 3.61 	 3.54 	2
 2.05 	 3.61 	 3.41 	2
 2.05 	 3.62 	 3.23 	0
 2.05 	 3.63 	 3.70  	2
 2.05 	 3.63 	 3.52 	0
 2.05 	 3.63 	 3.65  	2
 2.05 	 3.63 	 3.47 	1
 2.05 	 3.64 	 3.52 	1
 2.05 	 3.64 	 3.41 	0
 2.05 	 3.64 	 3.44 	0
 2.05 	 3.65 	 3.50 	1
 2.05 	 3.67 	 3.15 	1
 2.05 	 3.67 	 3.15 	2
 2.05 	 3.69 	 3.47  	0
 2.05 	 3.70 	 3.30 	2
 2.05 	 3.73 	 3.45 	2
 2.05 	 3.74 	 3.39 	0
 2.05 	 3.74 	 3.28 	1
 2.05 	 3.78 	 3.46 	0
 2.05 	 4.07  	 3.28  	1
 2.05  	 3.30 	 3.74 	0
 2.05  	 3.30 	 3.90 	1
 2.05  	 3.40  	 3.96 	0
 2.05  	 3.50  	 3.67  	2
 2.05  	 3.75  	 3.51  	1
 2.05     	 3.66  	 3.66 	0
 2.06	 3.28 	 3.70 	0
 2.06	 3.31 	 3.93 	1
 2.06	 3.47 	 3.55 	0
 2.06	 3.50 	 3.44 	0
 2.06 	 3.04  	 4.52 	1
 2.06 	 3.07 	 4.28 	1
 2.06 	 3.14 	 3.95 	1
 2.06 	 3.15 	 3.75 	0
 2.06 	 3.18 	 3.93 	1
 2.06 	 3.18 	 3.90 	0
 2.06 	 3.19 	 4.06 	1
 2.06 	 3.19 	 3.87 	2
 2.06 	 3.19 	 3.86 	0
 2.06 	 3.20 	 4.16 	1
 2.06 	 3.21 	 3.91 	0
 2.06 	 3.22 	 4.00 	0
 2.06 	 3.23 	 4.05 	1
 2.06 	 3.23 	 3.96 	1
 2.06 	 3.23 	 3.79 	1
 2.06 	 3.23 	 3.92 	1
 2.06 	 3.24 	 3.81 	1
 2.06 	 3.25 	 3.88 	0
 2.06 	 3.25 	 3.76 	2
 2.06 	 3.25 	 3.98 	2
 2.06 	 3.25  	 3.89 	1
 2.06 	 3.26 	 4.09 	0
 2.06 	 3.26 	 3.75 	2
 2.06 	 3.27 	 3.97 	1
 2.06 	 3.27 	 3.61 	2
 2.06 	 3.27 	 3.95 	0
 2.06 	 3.27 	 3.66 	0
 2.06 	 3.28 	 3.61 	1
 2.06 	 3.29 	 3.83 	0
 2.06 	 3.30 	 3.59 	1
 2.06 	 3.31 	 3.93 	1
 2.06 	 3.31 	 3.43 	1
 2.06 	 3.32 	 3.81 	1
 2.06 	 3.32 	 3.81 	1
 2.06 	 3.32 	 3.86  	2
 2.06 	 3.32 	 3.82 	1
 2.06 	 3.33 	 3.78 	2
 2.06 	 3.33 	 3.86 	1
 2.06 	 3.33 	 3.76 	0
 2.06 	 3.34 	 3.74 	0
 2.06 	 3.34 	 3.74 	1
 2.06 	 3.34 	 3.88 	0
 2.06 	 3.35 	 3.77 	0
 2.06 	 3.35 	 3.78 	0
 2.06 	 3.36 	 3.92 	1
 2.06 	 3.36 	 3.75 	1
 2.06 	 3.36 	 3.89 	0
 2.06 	 3.36 	 3.91 	0
 2.06 	 3.36 	 3.81 	1
 2.06 	 3.36 	 3.68 	1
 2.06 	 3.36 	 3.59 	1
 2.06 	 3.37 	 3.74 	2
 2.06 	 3.37 	 3.73 	1
 2.06 	 3.37 	 3.76 	0
 2.06 	 3.37 	 3.80 	1
 2.06 	 3.37 	 3.69 	1
 2.06 	 3.37 	 3.49 	1
 2.06 	 3.38 	 3.72 	2
 2.06 	 3.38 	 3.66 	1
 2.06 	 3.38 	 3.61 	1
 2.06 	 3.38 	 3.78 	1
 2.06 	 3.38 	 3.62 	1
 2.06 	 3.39 	 3.68 	1
 2.06 	 3.40 	 3.60 	0
 2.06 	 3.40 	 3.72 	1
 2.06 	 3.40 	 3.81 	2
 2.06 	 3.40 	 3.80 	1
 2.06 	 3.41 	 3.49 	1
 2.06 	 3.42 	 3.67 	0
 2.06 	 3.42 	 3.75 	2
 2.06 	 3.42 	 3.65 	1
 2.06 	 3.43 	 3.79  	0
 2.06 	 3.44 	 3.62  	2
 2.06 	 3.44 	 3.49 	0
 2.06 	 3.44 	 3.53 	1
 2.06 	 3.44 	 3.55 	0
 2.06 	 3.45 	 3.65 	1
 2.06 	 3.45 	 3.50 	2
 2.06 	 3.46 	 3.65 	0
 2.06 	 3.46 	 3.63 	2
 2.06 	 3.46 	 3.37 	1
 2.06 	 3.46 	 3.54 	2
 2.06 	 3.47 	 3.63 	1
 2.06 	 3.47 	 3.70 	1
 2.06 	 3.47 	 3.72 	1
 2.06 	 3.47 	 3.59 	1
 2.06 	 3.47 	 3.60 	1
 2.06 	 3.49 	 3.62 	0
 2.06 	 3.49 	 3.41 	0
 2.06 	 3.50 	 3.65 	0
 2.06 	 3.50  	 3.20 	0
 2.06 	 3.51 	 3.77 	2
 2.06 	 3.51 	 3.79 	1
 2.06 	 3.51 	 3.72 	2
 2.06 	 3.51 	 3.61 	1
 2.06 	 3.51 	 3.25 	1
 2.06 	 3.51 	 3.63 	1
 2.06 	 3.51 	 3.49 	1
 2.06 	 3.52 	 3.73 	0
 2.06 	 3.53 	 3.24 	2
 2.06 	 3.54 	 3.60 	2
 2.06 	 3.54 	 3.22 	2
 2.06 	 3.54 	 3.29 	2
 2.06 	 3.54 	 3.61 	2
 2.06 	 3.54 	 3.59 	1
 2.06 	 3.55 	 3.70 	0
 2.06 	 3.55 	 3.56 	2
 2.06 	 3.55 	 3.61 	2
 2.06 	 3.55 	 3.29 	1
 2.06 	 3.55 	 3.19 	0
 2.06 	 3.56 	 3.52 	2
 2.06 	 3.56 	 3.51 	2
 2.06 	 3.56  	 3.55 	0
 2.06 	 3.57 	 3.68 	0
 2.06 	 3.57 	 3.31 	2
 2.06 	 3.58 	 3.51 	1
 2.06 	 3.58 	 3.16 	1
 2.06 	 3.58 	 3.17 	1
 2.06 	 3.59 	 3.58 	2
 2.06 	 3.60 	 3.55 	0
 2.06 	 3.61 	 3.17 	0
 2.06 	 3.62 	 3.64 	2
 2.06 	 3.63 	 3.51 	1
 2.06 	 3.63 	 3.26 	2
 2.06 	 3.64 	 3.35 	2
 2.06 	 3.65 	 3.40 	1
 2.06 	 3.66 	 3.55 	0
 2.06 	 3.67 	 3.45 	1
 2.06 	 3.67 	 3.33 	1
 2.06 	 3.79  	 3.36  	1
 2.06 	 3.80 	 3.44 	1
 2.06 	 3.81 	 3.31 	1
 2.06 	 3.83 	 3.13 	2
 2.06 	 3.86  	 3.44 	1
 2.06  	 3.10 	 4.32 	2
 2.06  	 3.43 	 3.41 	1
 2.06  	 3.51  	 3.64  	1
 2.06  	 3.56  	 3.58  	1
 2.06  	 3.58  	 3.66 	1
 2.06  	 3.59  	 3.66 	2
 2.06  	 3.75  	 3.38  	0
 2.06   	 3.41  	 3.85  	2
 2.06   	 3.43 	 3.75 	2
 2.07	 3.04 	 4.24 	1
 2.07	 3.09 	 4.22  	1
 2.07	 3.14 	 4.24 	1
 2.07	 3.27 	 3.98 	2
 2.07	 3.38 	 3.44 	0
 2.07	 3.76 	 3.31 	0
 2.07 	  3.41 	 3.76 	1
 2.07 	 2.98 	 4.20 	0
 2.07 	 3.01 	 4.03 	2
 2.07 	 3.05 	 4.27 	2
 2.07 	 3.12 	 4.30  	1
 2.07 	 3.14 	 3.88 	0
 2.07 	 3.15 	 3.93 	2
 2.07 	 3.16 	 3.98 	0
 2.07 	 3.16 	 3.91 	0
 2.07 	 3.16 	 3.83 	1
 2.07 	 3.16 	 3.90 	1
 2.07 	 3.17 	 3.94 	2
 2.07 	 3.17 	 3.96 	1
 2.07 	 3.17 	 4.16 	0
 2.07 	 3.18 	 3.87 	1
 2.07 	 3.19 	 4.14 	1
 2.07 	 3.19 	 3.91 	2
 2.07 	 3.19 	 3.73 	1
 2.07 	 3.19 	 3.88 	1
 2.07 	 3.20 	 3.66 	2
 2.07 	 3.21 	 3.88 	0
 2.07 	 3.23 	 3.95 	1
 2.07 	 3.25 	 3.97 	1
 2.07 	 3.25 	 3.86 	0
 2.07 	 3.25 	 3.71 	2
 2.07 	 3.25 	 3.69 	1
 2.07 	 3.26 	 3.93 	0
 2.07 	 3.26 	 3.43 	1
 2.07 	 3.27 	 3.94 	1
 2.07 	 3.27 	 4.06	0
 2.07 	 3.27 	 3.83 	2
 2.07 	 3.27 	 3.62  	1
 2.07 	 3.28 	 3.76 	1
 2.07 	 3.28 	 3.80 	1
 2.07 	 3.28 	 3.63 	2
 2.07 	 3.29 	 3.70 	1
 2.07 	 3.29  	 3.93  	0
 2.07 	 3.30 	 3.79 	1
 2.07 	 3.30 	 3.86 	2
 2.07 	 3.31 	 3.99 	2
 2.07 	 3.31 	 3.80 	1
 2.07 	 3.31 	 3.67 	0
 2.07 	 3.32 	 3.84 	1
 2.07 	 3.33 	 3.87 	2
 2.07 	 3.33 	 3.89 	0
 2.07 	 3.34 	 3.90 	2
 2.07 	 3.34 	 3.57 	1
 2.07 	 3.34 	 3.79 	1
 2.07 	 3.35 	 3.93 	0
 2.07 	 3.35 	 3.87 	1
 2.07 	 3.35 	 3.71 	1
 2.07 	 3.35 	 3.74 	2
 2.07 	 3.35 	 3.61 	2
 2.07 	 3.36 	 3.67 	0
 2.07 	 3.36 	 3.63 	2
 2.07 	 3.36  	 3.92 	1
 2.07 	 3.37 	 3.90 	1
 2.07 	 3.37 	 3.76  	2
 2.07 	 3.38 	 3.77 	0
 2.07 	 3.38 	 3.90 	2
 2.07 	 3.38 	 3.84 	2
 2.07 	 3.38 	 3.59 	1
 2.07 	 3.39 	 3.49 	2
 2.07 	 3.40 	 3.73 	0
 2.07 	 3.41 	 3.76 	2
 2.07 	 3.41 	 3.66 	1
 2.07 	 3.41 	 3.40 	1
 2.07 	 3.41 	 3.47 	0
 2.07 	 3.41  	 3.83 	0
 2.07 	 3.42 	 3.83 	1
 2.07 	 3.42 	 3.60 	1
 2.07 	 3.43 	 3.67 	1
 2.07 	 3.43 	 3.66 	1
 2.07 	 3.43 	 3.63 	2
 2.07 	 3.44 	 3.64 	1
 2.07 	 3.44  	 3.56 	1
 2.07 	 3.45 	 3.41 	0
 2.07 	 3.45 	 3.37 	2
 2.07 	 3.45 	 3.66 	1
 2.07 	 3.45 	 3.55 	2
 2.07 	 3.47 	 3.76 	1
 2.07 	 3.48 	 3.76 	2
 2.07 	 3.48 	 3.71 	1
 2.07 	 3.48 	 3.55 	1
 2.07 	 3.49 	 3.22 	1
 2.07 	 3.49 	 3.40 	2
 2.07 	 3.50 	 3.24 	0
 2.07 	 3.52 	 3.55 	1
 2.07 	 3.52 	 3.59 	0
 2.07 	 3.52 	 3.55 	0
 2.07 	 3.52 	 3.58 	1
 2.07 	 3.52 	 3.60 	1
 2.07 	 3.52 	 3.37 	2
 2.07 	 3.53 	 3.69 	0
 2.07 	 3.53 	 3.24  	0
 2.07 	 3.53 	 3.20 	0
 2.07 	 3.53 	 3.50 	0
 2.07 	 3.53  	 3.74 	1
 2.07 	 3.54 	 3.69 	0
 2.07 	 3.54 	 3.61 	1
 2.07 	 3.54 	 3.32 	0
 2.07 	 3.54 	 3.50  	1
 2.07 	 3.55 	 3.49 	2
 2.07 	 3.55 	 3.08 	0
 2.07 	 3.55 	 3.48 	1
 2.07 	 3.55 	 3.52 	0
 2.07 	 3.55 	 3.47 	1
 2.07 	 3.55 	 3.50 	1
 2.07 	 3.56 	 3.59 	1
 2.07 	 3.56 	 3.04 	2
 2.07 	 3.57 	 3.63 	0
 2.07 	 3.57 	 3.28 	2
 2.07 	 3.58 	 3.49 	1
 2.07 	 3.58 	 3.41 	1
 2.07 	 3.58 	 3.16 	1
 2.07 	 3.58 	 3.45 	0
 2.07 	 3.59 	 3.53 	1
 2.07 	 3.60 	 3.32 	0
 2.07 	 3.61 	 3.37 	1
 2.07 	 3.63 	 3.49 	0
 2.07 	 3.66 	 3.58 	1
 2.07 	 3.66 	 3.12 	1
 2.07 	 3.67 	 3.26 	1
 2.07 	 3.68 	 3.42 	1
 2.07 	 3.71  	 3.44 	1
 2.07 	 3.73 	 3.51 	0
 2.07 	 3.73 	 3.41 	2
 2.07 	 3.74 	 3.40 	1
 2.07 	 3.76 	 3.39 	2
 2.07 	 3.77 	 3.29 	1
 2.07 	 3.80 	 3.47  	2
 2.07 	 3.82 	 3.47 	0
 2.07 	 3.89  	 3.24 	1
 2.07  	 3.10 	 4.09 	2
 2.07  	 3.21 	 3.85 	2
 2.07  	 3.31 	 4.01 	1
 2.07  	 3.35 	 3.79  	0
 2.07  	 3.37 	 3.87  	1
 2.07  	 3.42  	 3.77 	1
 2.07  	 3.57 	 3.52  	2
 2.07  	 3.88 	 3.38  	1
 2.07  	 4.02  	 3.31 	1
 2.07   	 3.81  	 3.32  	2
 2.07   	 4.37  	 3.09 	1
 2.08	 3.31  	 3.92 	1
 2.08	 3.41 	 3.44 	1
 2.08	 3.61 	 3.60 	1
 2.08	 3.62 	 3.54 	0
 2.08 	 2.90 	 4.77 	0
 2.08 	 2.98 	 4.25 	1
 2.08 	 3.05 	 3.97 	1
 2.08 	 3.07 	 3.85 	1
 2.08 	 3.08 	 3.90 	0
 2.08 	 3.10 	 3.89 	1
 2.08 	 3.10 	 3.99 	1
 2.08 	 3.10 	 3.82 	1
 2.08 	 3.11 	 3.92 	0
 2.08 	 3.15 	 4.18 	0
 2.08 	 3.15 	 3.77 	2
 2.08 	 3.15 	 3.91 	1
 2.08 	 3.15 	 3.90 	1
 2.08 	 3.16 	 3.88 	2
 2.08 	 3.17 	 4.17 	1
 2.08 	 3.17 	 3.75  	1
 2.08 	 3.17 	 4.01 	2
 2.08 	 3.18 	 4.09 	2
 2.08 	 3.18 	 3.88 	1
 2.08 	 3.19 	 3.82 	0
 2.08 	 3.19 	 3.75 	0
 2.08 	 3.20 	 3.82 	1
 2.08 	 3.22 	 3.73 	1
 2.08 	 3.23 	 3.85 	0
 2.08 	 3.23 	 3.74 	0
 2.08 	 3.23 	 3.80 	1
 2.08 	 3.24 	 3.94 	1
 2.08 	 3.25 	 3.59 	2
 2.08 	 3.25 	 3.80 	1
 2.08 	 3.25 	 3.74 	0
 2.08 	 3.26 	 3.67 	0
 2.08 	 3.26 	 3.70 	0
 2.08 	 3.26 	 3.69 	1
 2.08 	 3.26 	 3.77 	0
 2.08 	 3.26 	 3.65  	0
 2.08 	 3.26 	 3.62 	1
 2.08 	 3.27 	 3.93 	1
 2.08 	 3.27 	 3.61 	1
 2.08 	 3.27 	 3.73 	2
 2.08 	 3.28 	 3.84 	1
 2.08 	 3.28 	 3.75 	1
 2.08 	 3.28 	 3.82 	2
 2.08 	 3.30 	 3.87 	0
 2.08 	 3.30 	 3.80 	0
 2.08 	 3.31 	 3.91 	0
 2.08 	 3.31 	 3.68 	2
 2.08 	 3.31 	 3.90 	0
 2.08 	 3.31 	 3.59 	2
 2.08 	 3.32 	 3.80 	0
 2.08 	 3.32 	 3.81 	0
 2.08 	 3.32  	 3.93  	1
 2.08 	 3.33 	 3.48 	0
 2.08 	 3.33 	 3.60 	0
 2.08 	 3.34 	 3.83 	1
 2.08 	 3.34 	 3.90 	1
 2.08 	 3.34 	 3.63 	1
 2.08 	 3.34 	 3.77 	2
 2.08 	 3.34 	 3.64 	1
 2.08 	 3.35 	 3.48 	2
 2.08 	 3.35 	 3.51 	1
 2.08 	 3.36 	 3.67 	0
 2.08 	 3.36 	 3.72 	0
 2.08 	 3.37 	 3.76 	2
 2.08 	 3.37 	 3.67 	1
 2.08 	 3.38 	 3.57 	1
 2.08 	 3.38 	 3.66  	2
 2.08 	 3.38 	 3.59 	1
 2.08 	 3.39 	 3.71 	0
 2.08 	 3.39 	 3.49 	2
 2.08 	 3.39 	 3.61 	0
 2.08 	 3.39 	 3.60 	0
 2.08 	 3.40 	 3.61 	2
 2.08 	 3.40 	 3.70 	1
 2.08 	 3.40 	 3.77 	1
 2.08 	 3.41 	 3.74 	2
 2.08 	 3.41 	 3.79 	1
 2.08 	 3.42 	 3.52 	2
 2.08 	 3.42 	 3.62 	1
 2.08 	 3.43 	 3.50 	1
 2.08 	 3.43 	 3.29 	1
 2.08 	 3.43 	 3.52 	1
 2.08 	 3.44 	 3.54 	0
 2.08 	 3.44 	 3.57 	1
 2.08 	 3.45 	 3.63 	1
 2.08 	 3.45 	 3.39 	0
 2.08 	 3.45 	 3.28 	1
 2.08 	 3.45 	 3.56 	1
 2.08 	 3.45 	 3.40 	1
 2.08 	 3.45 	 3.50 	2
 2.08 	 3.46 	 3.35 	1
 2.08 	 3.46 	 3.37 	1
 2.08 	 3.46 	 3.52 	1
 2.08 	 3.47 	 3.16 	2
 2.08 	 3.47 	 3.52 	2
 2.08 	 3.47 	 3.52 	1
 2.08 	 3.47 	 3.49 	0
 2.08 	 3.48 	 3.67 	0
 2.08 	 3.48 	 3.62 	1
 2.08 	 3.48 	 3.49 	1
 2.08 	 3.49 	 3.56 	0
 2.08 	 3.49 	 3.21 	1
 2.08 	 3.50 	 3.58 	0
 2.08 	 3.50 	 3.75 	1
 2.08 	 3.52 	 3.75 	1
 2.08 	 3.52 	 3.68 	2
 2.08 	 3.52 	 3.59 	0
 2.08 	 3.53 	 3.41 	2
 2.08 	 3.53 	 3.64 	0
 2.08 	 3.53 	 3.19 	1
 2.08 	 3.55 	 3.50 	1
 2.08 	 3.56 	 3.51 	0
 2.08 	 3.57 	 3.59 	0
 2.08 	 3.57 	 3.55 	1
 2.08 	 3.57 	 3.18 	1
 2.08 	 3.58 	 3.22 	2
 2.08 	 3.58 	 3.12	2
 2.08 	 3.58 	 3.12 	1
 2.08 	 3.58 	 3.27 	0
 2.08 	 3.58 	 3.26 	2
 2.08 	 3.60 	 3.44 	1
 2.08 	 3.60 	 3.57 	1
 2.08 	 3.60 	 3.23 	2
 2.08 	 3.60 	 3.19 	0
 2.08 	 3.61 	 3.12 	0
 2.08 	 3.62 	 3.54 	0
 2.08 	 3.62 	 3.56 	2
 2.08 	 3.62 	 3.54 	0
 2.08 	 3.67 	 3.49 	2
 2.08 	 3.67 	 3.42 	0
 2.08 	 3.68 	 3.07 	2
 2.08 	 3.69 	 3.35 	1
 2.08 	 3.69 	 3.09 	0
 2.08 	 3.69  	 3.49 	1
 2.08 	 3.71 	 3.41 	0
 2.08 	 3.71  	 3.39  	1
 2.08 	 3.72 	 3.49 	1
 2.08 	 3.72 	 3.31 	0
 2.08 	 3.72 	 3.10 	2
 2.08 	 3.73 	 3.38 	1
 2.08 	 3.77 	 3.27 	0
 2.08 	 3.77  	 3.37 	2
 2.08 	 3.80  	 3.19 	2
 2.08 	 3.82 	 2.93 	1
 2.08 	 3.82 	 3.15 	1
 2.08 	 3.83 	 3.28 	1
 2.08 	 3.94 	 3.10 	1
 2.08  	 3.51  	 3.69  	0
 2.08  	 3.51  	 3.69   	0
 2.08  	 3.58   	 3.49  	1
 2.08  	 3.68  	 3.51  	1
 2.08  	 3.73  	 3.46 	2
 2.08  	 3.74  	 3.48  	2
 2.08  	 3.78  	 3.49  	1
 2.09	 3.43 	 3.61 	1
 2.09	 3.53 	 3.14 	2
 2.09	 3.65 	 3.54 	0
 2.09 	 2.91 	 4.29 	0
 2.09 	 3.05 	 4.03 	0
 2.09 	 3.06 	 3.96 	1
 2.09 	 3.07 	 4.20 	1
 2.09 	 3.08 	 3.92  	0
 2.09 	 3.09 	 4.05 	1
 2.09 	 3.11	 4.21 	1
 2.09 	 3.11 	 4.19  	1
 2.09 	 3.12 	 4.21 	1
 2.09 	 3.12 	 3.77 	2
 2.09 	 3.12 	 3.87 	1
 2.09 	 3.13 	 3.90 	0
 2.09 	 3.14 	 3.78 	2
 2.09 	 3.16 	 3.70  	0
 2.09 	 3.18 	 3.55 	1
 2.09 	 3.19 	 3.97 	1
 2.09 	 3.19 	 3.82 	1
 2.09 	 3.19 	 3.82 	1
 2.09 	 3.19 	 3.71 	1
 2.09 	 3.19 	 3.73 	0
 2.09 	 3.19 	 3.83 	1
 2.09 	 3.19 	 3.78 	0
 2.09 	 3.19 	 3.76 	2
 2.09 	 3.20 	 3.85 	1
 2.09 	 3.21 	 3.60 	1
 2.09 	 3.23 	 3.70 	1
 2.09 	 3.23 	 3.73 	1
 2.09 	 3.23 	 3.95 	1
 2.09 	 3.24 	 3.80 	2
 2.09 	 3.24 	 3.62 	1
 2.09 	 3.25 	 3.62 	1
 2.09 	 3.25 	 3.83 	1
 2.09 	 3.25 	 3.74 	0
 2.09 	 3.26 	 3.95  	0
 2.09 	 3.27 	 3.94 	1
 2.09 	 3.27 	 3.69 	0
 2.09 	 3.28 	 3.78 	1
 2.09 	 3.28 	 3.78 	1
 2.09 	 3.28 	 3.91 	1
 2.09 	 3.28 	 3.36 	1
 2.09 	 3.28 	 3.65 	1
 2.09 	 3.28 	 3.75 	1
 2.09 	 3.28 	 3.87 	1
 2.09 	 3.28 	 3.86 	2
 2.09 	 3.30 	 3.79 	1
 2.09 	 3.31 	 3.70 	0
 2.09 	 3.31 	 3.67 	1
 2.09 	 3.31 	 3.70 	0
 2.09 	 3.32 	 3.69 	1
 2.09 	 3.32 	 3.90 	2
 2.09 	 3.32 	 3.75 	0
 2.09 	 3.32 	 3.45 	2
 2.09 	 3.32 	 3.61 	0
 2.09 	 3.32 	 3.54 	0
 2.09 	 3.32 	 3.64  	0
 2.09 	 3.33 	 3.76 	2
 2.09 	 3.33 	 3.37 	2
 2.09 	 3.33 	 3.64 	2
 2.09 	 3.33 	 3.64 	2
 2.09 	 3.33  	 3.87 	0
 2.09 	 3.34 	 3.53 	2
 2.09 	 3.34 	 3.70 	0
 2.09 	 3.34 	 3.79 	0
 2.09 	 3.35 	 3.43 	0
 2.09 	 3.36 	 3.71 	1
 2.09 	 3.36 	 3.74 	0
 2.09 	 3.37 	 3.82 	0
 2.09 	 3.37 	 3.67  	0
 2.09 	 3.37 	 3.59 	1
 2.09 	 3.37 	 3.69 	0
 2.09 	 3.37 	 3.57 	0
 2.09 	 3.37 	 3.61 	1
 2.09 	 3.38 	 3.62 	1
 2.09 	 3.38 	 3.60 	2
 2.09 	 3.38 	 3.60 	2
 2.09 	 3.38 	 3.58 	0
 2.09 	 3.38 	 3.60 	0
 2.09 	 3.38 	 3.49 	1
 2.09 	 3.38 	 3.57 	1
 2.09 	 3.39 	 3.44 	2
 2.09 	 3.39 	 3.61 	2
 2.09 	 3.40 	 3.75 	1
 2.09 	 3.40 	 3.68 	1
 2.09 	 3.40 	 3.69 	1
 2.09 	 3.40 	 3.60 	1
 2.09 	 3.42 	 3.59 	0
 2.09 	 3.42 	 3.53 	1
 2.09 	 3.42 	 3.22 	1
 2.09 	 3.42 	 3.65 	0
 2.09 	 3.42 	 3.23 	1
 2.09 	 3.42 	 3.57 	0
 2.09 	 3.42 	 3.57 	1
 2.09 	 3.43 	 3.71 	1
 2.09 	 3.43 	 3.59 	2
 2.09 	 3.43 	 3.66 	0
 2.09 	 3.43  	 3.63 	2
 2.09 	 3.44 	 3.27 	1
 2.09 	 3.44 	 3.47 	2
 2.09 	 3.46 	 3.24 	0
 2.09 	 3.47 	 3.59 	0
 2.09 	 3.47 	 3.39 	0
 2.09 	 3.48 	 3.64 	1
 2.09 	 3.48 	 3.18 	0
 2.09 	 3.51 	 3.54 	0
 2.09 	 3.51 	 3.51 	2
 2.09 	 3.51 	 3.52 	1
 2.09 	 3.51 	 3.42 	2
 2.09 	 3.52 	 3.62 	0
 2.09 	 3.52 	 3.62 	0
 2.09 	 3.53 	 3.63 	0
 2.09 	 3.53 	 3.15 	1
 2.09 	 3.54  	 3.50 	0
 2.09 	 3.54  	 3.17 	0
 2.09 	 3.55 	 3.61 	0
 2.09 	 3.55 	 3.47 	2
 2.09 	 3.55 	 3.53 	1
 2.09 	 3.55 	 3.24 	1
 2.09 	 3.55  	 3.42 	2
 2.09 	 3.56 	 3.51 	1
 2.09 	 3.56 	 3.54 	2
 2.09 	 3.56 	 3.39 	2
 2.09 	 3.56 	 3.34 	0
 2.09 	 3.57 	 3.51 	0
 2.09 	 3.57 	 3.40 	1
 2.09 	 3.59  	 3.48 	2
 2.09 	 3.60 	 3.49 	1
 2.09 	 3.60 	 3.46 	1
 2.09 	 3.60 	 3.27 	1
 2.09 	 3.62 	 3.55 	1
 2.09 	 3.62 	 3.10 	0
 2.09 	 3.62 	 3.29 	2
 2.09 	 3.63 	 3.51 	1
 2.09 	 3.63 	 3.55 	0
 2.09 	 3.63 	 3.36 	1
 2.09 	 3.65 	 3.14 	1
 2.09 	 3.66 	 3.41 	1
 2.09 	 3.67 	 3.50 	2
 2.09 	 3.67 	 3.37 	1
 2.09 	 3.67  	 3.45  	1
 2.09 	 3.70 	 3.09 	1
 2.09 	 3.71 	 3.20 	2
 2.09 	 3.72 	 3.37 	0
 2.09 	 3.84 	 3.26 	2
 2.09 	 3.86 	 3.32 	2
 2.09 	 3.94 	 3.12 	2
 2.09 	 3.98 	 3.19 	2
 2.09 	 4.07 	 3.15 	1
 2.09  	 3.29 	 3.91 	2
 2.09  	 3.31 	 3.62 	1
 2.09  	 3.43  	 3.74 	1
 2.09  	 3.53 	 3.28 	1
 2.09  	 3.59  	 3.44 	0
 2.09  	 3.65 	 3.52 	1
 2.09  	 3.65  	 3.40  	2
 2.09  	 3.68  	 3.34  	2
 2.10	  3.42  	 3.64  	1
 2.10	 3.28 	 3.84 	2
 2.10	 3.44 	 3.64 	2
 2.10	 3.50 	 3.63 	2
 2.10	 3.68 	 3.50  	0
 2.10	 3.93 	 3.26  	0
 2.10 	 2.70 	 4.70  	1
 2.10 	 2.99 	 3.96 	1
 2.10 	 3.00 	 4.23 	1
 2.10 	 3.00 	 4.00 	1
 2.10 	 3.04 	 3.88 	1
 2.10 	 3.05 	 3.99 	2
 2.10 	 3.05 	 3.86  	1
 2.10 	 3.07 	 4.30 	0
 2.10 	 3.07 	 3.83 	2
 2.10 	 3.08 	 3.99 	0
 2.10 	 3.08 	 3.85 	0
 2.10 	 3.09 	 3.91 	1
 2.10 	 3.10 	 3.88 	2
 2.10 	 3.11	 4.05	1
 2.10 	 3.11 	 3.92 	1
 2.10 	 3.12 	 3.82 	0
 2.10 	 3.13 	 3.73  	2
 2.10 	 3.15 	 3.75 	0
 2.10 	 3.16 	 3.95 	1
 2.10 	 3.16 	 3.80 	1
 2.10 	 3.16 	 3.77 	0
 2.10 	 3.16 	 3.94 	1
 2.10 	 3.16 	 3.63 	1
 2.10 	 3.17 	 3.71 	2
 2.10 	 3.17 	 3.80 	2
 2.10 	 3.18 	 3.94 	0
 2.10 	 3.18 	 3.77 	1
 2.10 	 3.19 	 4.14 	1
 2.10 	 3.19 	 3.76 	1
 2.10 	 3.19 	 3.71 	2
 2.10 	 3.19 	 3.78 	1
 2.10 	 3.22 	 3.87 	0
 2.10 	 3.22 	 3.40 	0
 2.10 	 3.22 	 3.75 	1
 2.10 	 3.24 	 3.73  	0
 2.10 	 3.24 	 3.66 	0
 2.10 	 3.24 	 3.74 	1
 2.10 	 3.25 	 3.65 	0
 2.10 	 3.26 	 3.63 	2
 2.10 	 3.27 	 3.92 	2
 2.10 	 3.27 	 3.80 	1
 2.10 	 3.27 	 3.65 	0
 2.10 	 3.28 	 3.53 	0
 2.10 	 3.30 	 3.81 	1
 2.10 	 3.30 	 3.60 	1
 2.10 	 3.31 	 3.90 	0
 2.10 	 3.31 	 3.53 	2
 2.10 	 3.31 	 3.72 	1
 2.10 	 3.31 	 3.80 	1
 2.10 	 3.31 	 3.59 	2
 2.10 	 3.32 	 3.66 	0
 2.10 	 3.33 	 3.29 	1
 2.10 	 3.34 	 3.66 	0
 2.10 	 3.35 	 3.25 	0
 2.10 	 3.35 	 3.58 	1
 2.10 	 3.36 	 3.70 	2
 2.10 	 3.36 	 2.45 	1
 2.10 	 3.36 	 3.42 	1
 2.10 	 3.36 	 3.57 	2
 2.10 	 3.37 	 3.63 	1
 2.10 	 3.37 	 3.57 	0
 2.10 	 3.37 	 3.19 	0
 2.10 	 3.37 	 3.51 	2
 2.10 	 3.39 	 3.74 	1
 2.10 	 3.39 	 3.58 	1
 2.10 	 3.39 	 3.42 	2
 2.10 	 3.40  	 3.40 	2
 2.10 	 3.42 	 3.61 	0
 2.10 	 3.42 	 3.59 	2
 2.10 	 3.42 	 3.60 	2
 2.10 	 3.43 	 3.63 	1
 2.10 	 3.43 	 3.64 	2
 2.10 	 3.43 	 3.68 	0
 2.10 	 3.43 	 3.59 	2
 2.10 	 3.43 	 3.47 	0
 2.10 	 3.43 	 3.62 	2
 2.10 	 3.43 	 3.43 	0
 2.10 	 3.43 	 3.48 	1
 2.10 	 3.43 	 3.43 	1
 2.10 	 3.44 	 3.54 	2
 2.10 	 3.44 	 3.55 	1
 2.10 	 3.44 	 3.52 	1
 2.10 	 3.44 	 3.47 	2
 2.10 	 3.45 	 3.68 	0
 2.10 	 3.45 	 3.30 	2
 2.10 	 3.45 	 3.20 	1
 2.10 	 3.45 	 3.46 	1
 2.10 	 3.46 	 3.65 	1
 2.10 	 3.46 	 3.43 	0
 2.10 	 3.46 	 3.53 	1
 2.10 	 3.47 	 3.58 	0
 2.10 	 3.47 	 3.70 	2
 2.10 	 3.48 	 3.44 	0
 2.10 	 3.49 	 3.64 	2
 2.10 	 3.49 	 3.19 	1
 2.10 	 3.49 	 3.55 	1
 2.10 	 3.50 	 3.70 	1
 2.10 	 3.50 	 3.61 	2
 2.10 	 3.50 	 3.46 	1
 2.10 	 3.50 	 3.34 	0
 2.10 	 3.52 	 3.55 	0
 2.10 	 3.52 	 3.40 	2
 2.10 	 3.52 	 3.35 	0
 2.10 	 3.53 	 3.13 	2
 2.10 	 3.54 	 3.46 	0
 2.10 	 3.54 	 3.47 	0
 2.10 	 3.55 	 3.11 	0
 2.10 	 3.56 	 3.32 	1
 2.10 	 3.56 	 3.20 	2
 2.10 	 3.58 	 3.46 	1
 2.10 	 3.58 	 3.39 	0
 2.10 	 3.61 	 3.39 	1
 2.10 	 3.61 	 3.12 	2
 2.10 	 3.62 	 3.46 	2
 2.10 	 3.63 	 3.45 	1
 2.10 	 3.64 	 3.40  	1
 2.10 	 3.65 	 3.43 	2
 2.10 	 3.65 	 3.41 	2
 2.10 	 3.65 	 3.50 	2
 2.10 	 3.65 	 3.32 	2
 2.10 	 3.66 	 3.46 	0
 2.10 	 3.67 	 3.29 	1
 2.10 	 3.69 	 3.47 	2
 2.10 	 3.74 	 2.98 	1
 2.10 	 3.75 	 3.36 	0
 2.10 	 3.79 	 3.30 	1
 2.10 	 3.80 	 3.17 	1
 2.10 	 3.82 	 3.18 	1
 2.10 	 3.84 	 3.10 	1
 2.10 	 3.86 	 3.29 	0
 2.10 	 3.87 	 2.93 	2
 2.10 	 3.92 	 2.96 	2
 2.10 	 3.93 	 3.00 	0
 2.10  	 3.07 	 3.95 	1
 2.10  	 3.40 	 3.48 	0
 2.10  	 3.47  	 3.64  	0
 2.10  	 3.50  	 3.47  	2
 2.10  	 3.50   	 3.64  	0
 2.10  	 3.58  	 3.46  	1
 2.10  	 3.62  	 3.40  	2
 2.10  	 3.81  	 3.26  	1
 2.10   	 3.40  	 3.81  	2
 2.11	 3.21 	 4.00 	0
 2.11	 3.23 	 3.66 	2
 2.11	 3.44 	 3.66 	0
 2.11	 3.45 	 3.66 	0
 2.11	 3.46 	 3.71 	2
 2.11	 3.50  	 3.44  	1
 2.11	 3.55 	 3.58  	1
 2.11	 3.58 	 3.40 	1
 2.11	 3.63  	 3.46 	2
 2.11	 3.71 	 3.37    	1
 2.11	 3.79 	 3.26 	1
 2.11 	 2.79 	 4.33 	1
 2.11 	 2.79 	 4.33 	1
 2.11 	 2.86 	 4.28  	1
 2.11 	 2.90 	 4.22 	1
 2.11 	 2.98 	 3.95 	0
 2.11 	 3.01 	 4.14 	1
 2.11 	 3.02 	 3.94 	0
 2.11 	 3.06 	 4.14 	0
 2.11 	 3.09 	 3.86 	0
 2.11 	 3.10 	 3.99 	1
 2.11 	 3.11 	 4.15 	1
 2.11 	 3.13 	 3.69 	1
 2.11 	 3.13 	 3.82 	2
 2.11 	 3.15 	 3.78 	1
 2.11 	 3.16 	 3.87 	0
 2.11 	 3.17 	 3.75 	1
 2.11 	 3.17 	 3.90 	2
 2.11 	 3.18 	 3.83 	1
 2.11 	 3.18 	 3.63 	0
 2.11 	 3.18 	 3.81 	1
 2.11 	 3.18 	 3.77 	2
 2.11 	 3.19 	 3.93 	2
 2.11 	 3.19 	 3.82 	0
 2.11 	 3.20 	 4.02 	1
 2.11 	 3.20 	 3.61 	0
 2.11 	 3.22 	 3.81 	0
 2.11 	 3.22 	 3.81 	0
 2.11 	 3.24 	 3.96 	1
 2.11 	 3.24 	 3.64 	0
 2.11 	 3.24 	 3.53 	1
 2.11 	 3.24 	 3.60 	0
 2.11 	 3.26 	 3.64 	1
 2.11 	 3.27 	 3.81 	1
 2.11 	 3.27 	 3.80 	0
 2.11 	 3.28 	 3.77 	1
 2.11 	 3.28 	 3.60 	1
 2.11 	 3.28 	 3.77 	1
 2.11 	 3.28 	 3.51 	2
 2.11 	 3.29 	 3.59 	1
 2.11 	 3.29 	 3.53 	2
 2.11 	 3.31 	 3.67 	1
 2.11 	 3.31 	 3.62 	2
 2.11 	 3.31 	 3.54 	0
 2.11 	 3.31 	 3.81 	2
 2.11 	 3.31  	 3.81 	0
 2.11 	 3.32 	 3.57 	1
 2.11 	 3.33 	 3.73 	1
 2.11 	 3.33 	 3.70 	0
 2.11 	 3.33 	 3.57 	1
 2.11 	 3.34 	 3.46 	0
 2.11 	 3.35 	 3.61  	1
 2.11 	 3.37 	 3.37 	0
 2.11 	 3.38 	 3.69 	1
 2.11 	 3.38 	 3.31 	1
 2.11 	 3.38 	 3.31 	2
 2.11 	 3.38 	 3.38 	0
 2.11 	 3.38 	 3.49 	0
 2.11 	 3.39 	 3.52 	0
 2.11 	 3.39 	 3.14 	0
 2.11 	 3.39 	 3.60 	1
 2.11 	 3.40 	 3.28 	1
 2.11 	 3.40 	 3.59 	2
 2.11 	 3.41 	 3.55 	2
 2.11 	 3.41 	 3.59 	1
 2.11 	 3.41 	 3.49 	0
 2.11 	 3.42 	 3.55 	2
 2.11 	 3.42 	 3.40 	2
 2.11 	 3.43 	 3.66 	2
 2.11 	 3.44 	 3.69 	0
 2.11 	 3.44 	 3.42 	2
 2.11 	 3.44  	  3.55 	1
 2.11 	 3.45 	 3.31 	2
 2.11 	 3.45 	 3.42 	2
 2.11 	 3.45 	 3.37 	1
 2.11 	 3.45 	 3.45 	1
 2.11 	 3.46 	 3.65 	2
 2.11 	 3.46 	 3.58 	0
 2.11 	 3.46 	 3.52 	1
 2.11 	 3.47 	 3.66 	0
 2.11 	 3.48 	 3.66 	0
 2.11 	 3.48 	 3.12 	0
 2.11 	 3.49 	 3.23 	0
 2.11 	 3.49 	 3.28 	1
 2.11 	 3.49 	 3.34 	1
 2.11 	 3.49 	 3.38 	2
 2.11 	 3.49 	 3.39 	2
 2.11 	 3.50 	 3.37 	2
 2.11 	 3.50 	 3.40 	1
 2.11 	 3.50 	 3.46 	0
 2.11 	 3.51 	 3.47 	1
 2.11 	 3.51 	 3.53 	0
 2.11 	 3.52 	 3.57 	1
 2.11 	 3.52 	 3.46 	1
 2.11 	 3.52 	 3.12 	1
 2.11 	 3.52 	 3.36 	2
 2.11 	 3.52 	 3.41 	1
 2.11 	 3.52  	 3.47  	1
 2.11 	 3.54 	 3.37 	1
 2.11 	 3.54  	 3.45  	0
 2.11 	 3.56 	 3.42 	1
 2.11 	 3.57 	 3.36 	2
 2.11 	 3.57  	 3.08 	1
 2.11 	 3.58 	 3.44 	1
 2.11 	 3.59 	 3.51 	1
 2.11 	 3.60  	 3.51 	1
 2.11 	 3.62 	 3.30 	1
 2.11 	 3.62 	 3.32 	2
 2.11 	 3.63 	 3.17 	0
 2.11 	 3.64 	 3.49 	1
 2.11 	 3.64 	 3.06 	2
 2.11 	 3.66 	 3.34 	0
 2.11 	 3.66 	 3.23 	1
 2.11 	 3.71 	 3.31 	1
 2.11 	 3.77 	 3.25 	0
 2.11 	 3.79 	 3.25 	1
 2.11 	 3.87 	 3.08 	1
 2.11  	 3.54  	 3.45  	0
 2.11  	 3.76 	 3.21 	0
 2.12	 3.15 	 3.85 	1
 2.12	 3.21 	 3.94 	2
 2.12 	 2.94 	 4.12 	0
 2.12 	 3.00 	 3.83  	1
 2.12 	 3.02 	 3.76 	1
 2.12 	 3.03 	 4.25  	1
 2.12 	 3.03 	 3.82 	1
 2.12 	 3.04 	 3.98 	2
 2.12 	 3.05 	 4.12 	0
 2.12 	 3.05 	 3.91 	0
 2.12 	 3.05  	 4.15  	1
 2.12 	 3.06 	 3.86 	2
 2.12 	 3.08 	 3.90 	0
 2.12 	 3.10 	 4.14  	1
 2.12 	 3.13 	 4.07 	1
 2.12 	 3.15 	 3.78 	0
 2.12 	 3.15 	 3.77 	1
 2.12 	 3.16 	 4.04 	1
 2.12 	 3.16 	 3.79 	1
 2.12 	 3.16 	 3.89 	1
 2.12 	 3.17 	 3.85 	0
 2.12 	 3.17 	 3.87 	0
 2.12 	 3.18 	 3.73 	1
 2.12 	 3.18 	 3.71 	0
 2.12 	 3.18 	 3.69 	0
 2.12 	 3.19 	 3.61 	1
 2.12 	 3.21 	 3.83 	1
 2.12 	 3.21 	 3.71 	0
 2.12 	 3.21 	 3.56 	2
 2.12 	 3.22 	 3.95 	0
 2.12 	 3.22 	 3.93 	1
 2.12 	 3.22 	 3.35 	0
 2.12 	 3.22 	 3.73 	1
 2.12 	 3.22 	 3.76 	0
 2.12 	 3.22  	 3.64 	2
 2.12 	 3.23 	 3.61 	2
 2.12 	 3.23 	 3.77 	1
 2.12 	 3.23 	 3.76 	2
 2.12 	 3.23  	 3.62 	2
 2.12 	 3.24 	 3.74 	1
 2.12 	 3.25 	 3.78 	1
 2.12 	 3.26 	 3.87 	1
 2.12 	 3.27 	 3.71 	1
 2.12 	 3.28 	 3.69 	1
 2.12 	 3.29 	 3.76 	2
 2.12 	 3.29 	 3.72 	1
 2.12 	 3.29 	 3.64 	0
 2.12 	 3.29 	 3.53 	1
 2.12 	 3.30 	 3.51 	0
 2.12 	 3.30 	 3.42 	1
 2.12 	 3.31 	 3.61 	1
 2.12 	 3.32 	 3.56 	1
 2.12 	 3.32   	 3.67 	0
 2.12 	 3.33 	 3.86 	1
 2.12 	 3.33 	 3.55 	0
 2.12 	 3.33 	 3.66 	1
 2.12 	 3.33 	 3.57 	2
 2.12 	 3.33 	 3.44 	1
 2.12 	 3.33 	 3.54 	1
 2.12 	 3.34 	 3.23 	0
 2.12 	 3.34 	 3.66 	1
 2.12 	 3.34 	 3.63 	0
 2.12 	 3.34 	 3.52 	2
 2.12 	 3.34 	 3.40 	1
 2.12 	 3.35 	 3.76 	1
 2.12 	 3.35 	 3.21 	2
 2.12 	 3.35 	 3.30 	1
 2.12 	 3.35 	 3.28 	1
 2.12 	 3.35 	 3.53 	0
 2.12 	 3.35 	 3.49 	0
 2.12 	 3.36 	 3.80 	2
 2.12 	 3.36 	 3.59 	1
 2.12 	 3.36 	 3.61 	2
 2.12 	 3.37 	 3.56 	2
 2.12 	 3.37 	 3.41 	0
 2.12 	 3.38 	 3.45 	2
 2.12 	 3.38 	 3.59 	1
 2.12 	 3.39 	 3.54 	1
 2.12 	 3.39 	 3.40 	0
 2.12 	 3.40 	 3.68 	0
 2.12 	 3.40 	 3.46 	2
 2.12 	 3.40 	 3.45 	1
 2.12 	 3.41 	 3.32 	2
 2.12 	 3.41 	 3.46 	2
 2.12 	 3.42 	 3.61 	2
 2.12 	 3.42 	 3.44 	1
 2.12 	 3.42 	 3.63 	1
 2.12 	 3.42 	 3.56  	1
 2.12 	 3.42  	 3.69 	0
 2.12 	 3.46 	 3.62 	2
 2.12 	 3.46 	 3.33 	1
 2.12 	 3.48 	 3.59 	1
 2.12 	 3.48 	 3.62 	0
 2.12 	 3.48 	 3.40 	2
 2.12 	 3.48 	 3.34 	0
 2.12 	 3.48  	 3.44 	0
 2.12 	 3.49 	 3.40 	1
 2.12 	 3.49 	 3.17 	2
 2.12 	 3.49 	 3.29 	1
 2.12 	 3.49 	 3.34 	2
 2.12 	 3.50 	 3.59  	0
 2.12 	 3.50 	 3.43 	0
 2.12 	 3.50 	 3.24 	2
 2.12 	 3.50 	 3.38  	1
 2.12 	 3.51 	 3.10 	1
 2.12 	 3.51 	 3.33 	2
 2.12 	 3.52 	 3.47 	0
 2.12 	 3.53 	 3.43 	1
 2.12 	 3.54 	 3.48 	0
 2.12 	 3.58 	 3.42 	1
 2.12 	 3.58 	 3.38 	1
 2.12 	 3.59 	 3.52 	0
 2.12 	 3.59 	 3.47 	1
 2.12 	 3.59 	 3.33 	2
 2.12 	 3.59 	 3.33 	2
 2.12 	 3.59 	 3.34 	1
 2.12 	 3.59  	 3.40 	1
 2.12 	 3.60 	 3.54 	2
 2.12 	 3.60 	 3.34 	1
 2.12 	 3.60 	 3.01 	1
 2.12 	 3.61 	 3.20 	1
 2.12 	 3.62 	 2.98 	1
 2.12 	 3.66 	 3.07 	0
 2.12 	 3.67 	 3.46 	2
 2.12 	 3.68 	 3.28 	2
 2.12 	 3.68 	 3.20 	1
 2.12 	 3.68 	 3.26 	0
 2.12 	 3.69 	 3.38 	2
 2.12 	 3.70 	 3.16 	1
 2.12 	 3.74 	 3.37 	1
 2.12 	 3.76  	 3.34   	0
 2.12 	 3.79  	 3.34  	1
 2.12 	 3.80 	 3.27 	0
 2.12 	 3.81 	 3.34 	2
 2.12 	 3.93 	 2.87 	2
 2.12  	 3.22 	 3.86 	2
 2.12  	 3.24  	 3.76  	0
 2.12  	 3.29  	 3.84  	1
 2.12  	 3.31  	 3.75  	1
 2.12  	 3.32  	 3.75 	1
 2.12  	 3.33  	 3.76  	0
 2.12  	 3.42 	 3.46 	1
 2.12  	 3.52 	 3.31 	2
 2.12  	 3.70  	 3.34  	2
 2.13 	 2.10 	 3.73 	1
 2.13 	 2.94 	 4.05 	0
 2.13 	 2.97 	 3.61 	1
 2.13 	 3.02 	 3.77 	1
 2.13 	 3.02 	 3.93 	1
 2.13 	 3.06 	 3.87 	1
 2.13 	 3.07 	 4.14 	1
 2.13 	 3.07 	 3.79 	0
 2.13 	 3.09 	 3.79 	0
 2.13 	 3.09 	 3.70 	1
 2.13 	 3.10 	 3.90 	0
 2.13 	 3.11 	 4.14 	2
 2.13 	 3.11 	 3.90 	1
 2.13 	 3.11 	 3.66 	2
 2.13 	 3.11 	 3.86 	1
 2.13 	 3.12 	 3.71 	0
 2.13 	 3.12 	 3.72 	1
 2.13 	 3.12 	 3.91 	1
 2.13 	 3.13 	 3.91 	0
 2.13 	 3.14 	 4.05 	0
 2.13 	 3.15 	 3.64 	1
 2.13 	 3.16 	 3.74 	1
 2.13 	 3.18 	 3.89  	1
 2.13 	 3.18 	 3.79 	0
 2.13 	 3.18 	 3.68 	1
 2.13 	 3.18 	 3.64 	1
 2.13 	 3.18  	 4.02  	1
 2.13 	 3.19 	 3.88 	1
 2.13 	 3.19 	 3.92 	0
 2.13 	 3.19 	 3.70 	0
 2.13 	 3.20 	 3.84 	2
 2.13 	 3.20 	 3.95 	0
 2.13 	 3.21 	 3.86 	1
 2.13 	 3.21 	 3.93 	1
 2.13 	 3.21 	 3.67 	0
 2.13 	 3.22 	 3.75 	0
 2.13 	 3.22 	 3.75 	0
 2.13 	 3.22 	 3.81 	0
 2.13 	 3.22 	 3.67 	1
 2.13 	 3.23 	 3.65 	1
 2.13 	 3.23 	 3.55 	0
 2.13 	 3.24 	 3.59 	0
 2.13 	 3.24  	 3.71 	0
 2.13 	 3.26 	 3.68 	0
 2.13 	 3.26 	 3.59 	1
 2.13 	 3.27 	 3.72 	2
 2.13 	 3.27 	 3.40 	2
 2.13 	 3.27 	 3.42 	1
 2.13 	 3.27 	 3.45 	1
 2.13 	 3.27  	 3.42 	1
 2.13 	 3.28 	 3.66 	1
 2.13 	 3.28 	 3.53 	2
 2.13 	 3.29 	 3.86 	0
 2.13 	 3.29 	 3.64  	1
 2.13 	 3.29 	 3.73 	2
 2.13 	 3.29 	 3.55 	0
 2.13 	 3.30 	 3.74 	1
 2.13 	 3.30 	 3.81 	0
 2.13 	 3.30 	 3.33 	0
 2.13 	 3.31 	 3.53  	2
 2.13 	 3.31 	 3.62  	2
 2.13 	 3.31 	 3.55 	2
 2.13 	 3.32 	 3.66 	0
 2.13 	 3.32 	 3.59 	2
 2.13 	 3.32 	 3.59 	2
 2.13 	 3.33 	 3.72 	2
 2.13 	 3.34 	 3.74 	2
 2.13 	 3.34 	 3.58 	2
 2.13 	 3.34 	 3.62 	1
 2.13 	 3.34 	 3.56 	1
 2.13 	 3.34 	 3.52 	2
 2.13 	 3.35 	 3.72 	0
 2.13 	 3.36 	 3.68 	2
 2.13 	 3.36 	 3.33 	0
 2.13 	 3.36 	 3.52 	0
 2.13 	 3.37 	 3.51 	0
 2.13 	 3.37 	 3.52 	1
 2.13 	 3.37 	 3.50 	2
 2.13 	 3.38 	 3.73 	1
 2.13 	 3.38 	 3.42 	1
 2.13 	 3.38 	 3.26  	0
 2.13 	 3.38 	 3.40 	2
 2.13 	 3.39 	 3.56 	0
 2.13 	 3.39 	 3.61 	0
 2.13 	 3.39  	 3.61 	1
 2.13 	 3.40 	 3.38 	2
 2.13 	 3.40 	 3.46 	1
 2.13 	 3.40 	 3.45  	1
 2.13 	 3.41 	 3.69 	1
 2.13 	 3.41 	 3.55 	1
 2.13 	 3.41 	 3.47  	1
 2.13 	 3.41 	 3.58 	2
 2.13 	 3.42 	 3.40 	0
 2.13 	 3.43 	 3.59 	0
 2.13 	 3.43 	 3.11 	0
 2.13 	 3.43 	 3.44 	2
 2.13 	 3.43 	 3.48 	1
 2.13 	 3.43 	 3.43 	0
 2.13 	 3.43  	 3.69 	0
 2.13 	 3.44 	 3.52 	1
 2.13 	 3.44 	 3.20 	2
 2.13 	 3.45 	 3.65 	1
 2.13 	 3.45 	 3.40 	1
 2.13 	 3.47 	 3.50 	2
 2.13 	 3.47 	 3.13 	0
 2.13 	 3.47 	 3.45 	0
 2.13 	 3.47 	 3.40 	1
 2.13 	 3.47 	 3.24 	0
 2.13 	 3.48 	 3.41 	0
 2.13 	 3.49 	 3.50 	1
 2.13 	 3.49 	 3.48 	0
 2.13 	 3.49 	 3.44 	2
 2.13 	 3.50 	 3.60 	1
 2.13 	 3.50 	 3.43 	1
 2.13 	 3.51 	 3.33 	2
 2.13 	 3.53 	 3.35 	2
 2.13 	 3.53 	 3.29 	2
 2.13 	 3.53 	 3.42 	2
 2.13 	 3.53 	 3.06 	1
 2.13 	 3.54 	 3.60 	0
 2.13 	 3.54 	 3.51 	0
 2.13 	 3.56 	 3.35 	2
 2.13 	 3.56 	 3.25 	1
 2.13 	 3.58 	 3.38 	2
 2.13 	 3.58 	 2.95 	1
 2.13 	 3.58 	 3.01 	1
 2.13 	 3.58 	 3.02 	1
 2.13 	 3.59 	 3.38 	1
 2.13 	 3.59 	 3.50 	1
 2.13 	 3.59 	 3.44 	1
 2.13 	 3.59 	 2.96 	1
 2.13 	 3.59 	 3.30 	1
 2.13 	 3.59 	 3.17 	1
 2.13 	 3.60 	 3.35 	2
 2.13 	 3.60 	 3.06 	2
 2.13 	 3.61 	 2.98 	1
 2.13 	 3.63 	 3.20 	1
 2.13 	 3.63 	 3.22 	0
 2.13 	 3.64 	 3.45 	1
 2.13 	 3.64 	 3.30 	1
 2.13 	 3.65 	 3.39 	1
 2.13 	 3.65 	 3.30 	1
 2.13 	 3.67  	 2.96 	2
 2.13 	 3.68 	 3.25 	0
 2.13 	 3.68 	 3.28  	0
 2.13 	 3.69 	 3.42 	2
 2.13 	 3.69 	 3.30 	1
 2.13 	 3.69 	 3.00	2
 2.13 	 3.76 	 2.95 	0
 2.13 	 3.78 	 3.20 	2
 2.13 	 3.78 	 3.20 	1
 2.13 	 3.79 	 3.21 	2
 2.13 	 3.80 	 3.21 	2
 2.13 	 3.91 	 3.09 	0
 2.13  	 3.40 	 3.64 	1
 2.13  	 3.43 	 3.55 	1
 2.13  	 3.46  	 3.43  	1
 2.13  	 3.46  	 3.54  	1
 2.13  	 3.51  	 3.40  	1
 2.13  	 3.53  	 3.45  	0
 2.13  	 3.59  	 3.37   	0
 2.13  	 3.62  	 3.43  	2
 2.13  	 3.68 	 3.37  	0
 2.13  	 3.75  	 3.27 	1
 2.13  	 3.75  	 3.31  	0
 2.13   	 3.72  	 3.24  	2
 2.14	 3.26	 3.62	0
 2.14 	 2.88 	 4.16 	0
 2.14 	 2.97 	 3.89 	2
 2.14 	 2.99 	 4.13 	1
 2.14 	 3.01 	 4.14 	0
 2.14 	 3.04 	 3.71 	1
 2.14 	 3.05 	 4.20 	2
 2.14 	 3.07 	 3.76 	0
 2.14 	 3.08 	 4.06 	1
 2.14 	 3.09 	 4.00 	2
 2.14 	 3.09 	 3.84 	2
 2.14 	 3.09 	 3.82 	2
 2.14 	 3.11 	 3.85 	1
 2.14 	 3.11 	 3.77 	2
 2.14 	 3.12 	 3.78 	1
 2.14 	 3.12 	 3.96 	0
 2.14 	 3.13 	 3.68 	1
 2.14 	 3.13  	 4.00 	2
 2.14 	 3.14 	 3.81 	2
 2.14 	 3.16 	 3.65 	1
 2.14 	 3.16 	 3.80 	2
 2.14 	 3.16 	 3.62 	1
 2.14 	 3.17 	 3.94 	1
 2.14 	 3.17  	 4.00	1
 2.14 	 3.18 	 3.91 	1
 2.14 	 3.18 	 3.92 	0
 2.14 	 3.19 	 3.98 	2
 2.14 	 3.19 	 3.76 	1
 2.14 	 3.20 	 3.79 	0
 2.14 	 3.20 	 3.77 	1
 2.14 	 3.21 	 3.76 	2
 2.14 	 3.21  	 3.61 	1
 2.14 	 3.22 	 3.88 	1
 2.14 	 3.22 	 3.58 	0
 2.14 	 3.22 	 3.60 	0
 2.14 	 3.22 	 3.63 	0
 2.14 	 3.24 	 3.77 	0
 2.14 	 3.24 	 3.28 	1
 2.14 	 3.25 	 3.72 	0
 2.14 	 3.25 	 3.61 	1
 2.14 	 3.25 	 3.74 	2
 2.14 	 3.26 	 3.52 	0
 2.14 	 3.27 	 3.61 	1
 2.14 	 3.27 	 3.60 	1
 2.14 	 3.27 	 3.53 	0
 2.14 	 3.28 	 3.62 	2
 2.14 	 3.28 	 3.70 	1
 2.14 	 3.28 	 3.50 	1
 2.14 	 3.28 	 3.55 	2
 2.14 	 3.29 	 3.71 	0
 2.14 	 3.29 	 3.48 	1
 2.14 	 3.29 	 3.61 	1
 2.14 	 3.30 	 3.23 	1
 2.14 	 3.30 	 3.56 	0
 2.14 	 3.30 	 3.46 	0
 2.14 	 3.31 	 3.38 	1
 2.14 	 3.32 	 3.22 	2
 2.14 	 3.32 	 3.19 	1
 2.14 	 3.32  	 3.69  	0
 2.14 	 3.33 	 3.56 	1
 2.14 	 3.33 	 3.59 	1
 2.14 	 3.33 	 3.59  	1
 2.14 	 3.34 	 3.70 	1
 2.14 	 3.34 	 3.63 	2
 2.14 	 3.34 	 3.43 	1
 2.14 	 3.34 	 3.41 	1
 2.14 	 3.34 	 3.34 	2
 2.14 	 3.35 	 3.71 	0
 2.14 	 3.35 	 3.54 	1
 2.14 	 3.35 	 3.54 	1
 2.14 	 3.36 	 3.62 	0
 2.14 	 3.36 	 3.48 	2
 2.14 	 3.36 	 3.64 	1
 2.14 	 3.36 	 3.43 	1
 2.14 	 3.37 	 3.70 	1
 2.14 	 3.37 	 3.55 	2
 2.14 	 3.37 	 3.60 	1
 2.14 	 3.37 	 3.45 	1
 2.14 	 3.37 	 3.47 	2
 2.14 	 3.38 	 3.67 	1
 2.14 	 3.38 	 3.54 	1
 2.14 	 3.38 	 3.41 	2
 2.14 	 3.39 	 3.66 	0
 2.14 	 3.40 	 3.64 	1
 2.14 	 3.40 	 3.52 	0
 2.14 	 3.40 	 3.62 	0
 2.14 	 3.40 	 3.44 	1
 2.14 	 3.40 	 3.48 	2
 2.14 	 3.41 	 3.62 	1
 2.14 	 3.41 	 3.52 	1
 2.14 	 3.41 	 3.55 	0
 2.14 	 3.41 	 3.25 	2
 2.14 	 3.42 	 3.47 	1
 2.14 	 3.42 	 3.45 	1
 2.14 	 3.43 	 3.64 	1
 2.14 	 3.43 	 3.47 	2
 2.14 	 3.43 	 3.29 	0
 2.14 	 3.43 	 3.39 	0
 2.14 	 3.44 	 3.41 	1
 2.14 	 3.44 	 3.43 	1
 2.14 	 3.44 	 3.12 	0
 2.14 	 3.44 	 3.11 	2
 2.14 	 3.44 	 3.41 	2
 2.14 	 3.45 	 3.26 	0
 2.14 	 3.46 	 3.58  	2
 2.14 	 3.46 	 3.26 	1
 2.14 	 3.47 	 3.32 	1
 2.14 	 3.47  	 3.44 	2
 2.14 	 3.49 	 3.35 	2
 2.14 	 3.50 	 3.06 	1
 2.14 	 3.50 	 3.18 	2
 2.14 	 3.51 	 3.44 	2
 2.14 	 3.51 	 3.00 	2
 2.14 	 3.52 	 3.04 	0
 2.14 	 3.52 	 3.23 	0
 2.14 	 3.53 	 3.26 	2
 2.14 	 3.55 	 3.09 	0
 2.14 	 3.55 	 3.04 	1
 2.14 	 3.55 	 3.24  	1
 2.14 	 3.56 	 3.24 	1
 2.14 	 3.56  	 3.03 	1
 2.14 	 3.58 	 3.49 	1
 2.14 	 3.58 	 3.01 	2
 2.14 	 3.58 	 3.21 	0
 2.14 	 3.60 	 3.20 	2
 2.14 	 3.60 	 3.33 	2
 2.14 	 3.60 	 2.99 	0
 2.14 	 3.61 	 3.27 	0
 2.14 	 3.62 	 3.26 	1
 2.14 	 3.65 	 3.41 	0
 2.14 	 3.65 	 3.33 	1
 2.14 	 3.67 	 3.34 	1
 2.14 	 3.68 	 2.89 	2
 2.14 	 3.72 	 3.21 	0
 2.14 	 3.73 	 3.12 	2
 2.14 	 3.76 	 2.90 	0
 2.14 	 3.78 	 3.29 	1
 2.14 	 4.01	 3.15 	1
 2.14  	 3.50 	 3.32 	1
 2.14  	 3.52 	 3.26 	1
 2.14  	 3.71  	 3.23  	2
 2.14  	 3.97  	 3.21  	1
 2.15 	 2.87 	 4.16 	1
 2.15 	 3.00 	 3.85 	2
 2.15 	 3.02 	 4.11 	0
 2.15 	 3.03 	 3.94 	1
 2.15 	 3.06 	 3.84 	2
 2.15 	 3.06 	 3.78 	0
 2.15 	 3.07 	 3.79 	1
 2.15 	 3.09 	 3.91 	2
 2.15 	 3.10 	 4.00 	1
 2.15 	 3.10 	 3.68 	2
 2.15 	 3.12 	 3.91 	2
 2.15 	 3.12 	 3.97 	0
 2.15 	 3.12 	 3.73 	0
 2.15 	 3.13 	 3.66 	0
 2.15 	 3.14 	 3.75 	0
 2.15 	 3.15 	 3.50 	0
 2.15 	 3.16 	 3.92 	2
 2.15 	 3.16 	 3.62 	1
 2.15 	 3.17 	 3.84 	1
 2.15 	 3.17 	 3.82 	0
 2.15 	 3.17 	 3.66 	0
 2.15 	 3.17 	 3.76 	1
 2.15 	 3.18 	 3.77 	1
 2.15 	 3.18 	 3.48 	1
 2.15 	 3.19 	 3.73 	0
 2.15 	 3.19 	 3.85 	2
 2.15 	 3.19 	 3.63 	1
 2.15 	 3.19 	 3.72  	1
 2.15 	 3.19 	 3.76 	2
 2.15 	 3.19 	 3.74 	1
 2.15 	 3.20 	 3.74 	0
 2.15 	 3.21 	 3.60 	0
 2.15 	 3.22 	 3.52 	2
 2.15 	 3.22 	 3.76 	1
 2.15 	 3.22 	 3.79 	0
 2.15 	 3.22 	 3.42 	0
 2.15 	 3.22 	 3.46 	2
 2.15 	 3.23 	 3.74 	2
 2.15 	 3.23 	 3.27 	1
 2.15 	 3.23 	 3.54 	0
 2.15 	 3.24 	 3.73 	0
 2.15 	 3.24 	 3.56 	1
 2.15 	 3.25 	 3.77 	1
 2.15 	 3.25 	 3.66 	1
 2.15 	 3.26 	 3.67 	2
 2.15 	 3.26 	 3.57 	1
 2.15 	 3.26 	 3.64 	2
 2.15 	 3.26 	 3.61 	2
 2.15 	 3.26 	 3.61 	2
 2.15 	 3.26 	 3.69 	2
 2.15 	 3.26 	 3.44 	2
 2.15 	 3.26 	 3.43 	2
 2.15 	 3.26 	 3.50 	1
 2.15 	 3.27 	 3.28 	2
 2.15 	 3.27 	 3.48 	1
 2.15 	 3.28 	 3.76  	2
 2.15 	 3.28 	 3.48 	1
 2.15 	 3.29   	 3.82 	1
 2.15 	 3.30 	 3.59 	1
 2.15 	 3.30 	 3.48 	1
 2.15 	 3.30 	 3.61 	2
 2.15 	 3.31 	 3.75  	2
 2.15 	 3.31 	 3.45 	2
 2.15 	 3.33 	 3.63 	2
 2.15 	 3.33 	 3.69 	1
 2.15 	 3.33 	 3.53 	2
 2.15 	 3.33 	 3.44 	1
 2.15 	 3.34 	 3.65 	1
 2.15 	 3.34 	 3.70 	0
 2.15 	 3.34 	 3.60 	0
 2.15 	 3.35 	 3.61 	0
 2.15 	 3.35 	 3.55 	0
 2.15 	 3.35 	 3.51 	1
 2.15 	 3.35 	 3.44 	1
 2.15 	 3.35 	 3.42 	2
 2.15 	 3.35 	 3.44 	0
 2.15 	 3.36 	 3.48 	0
 2.15 	 3.36 	 3.42 	2
 2.15 	 3.36 	 3.45 	2
 2.15 	 3.37 	 3.48 	0
 2.15 	 3.37 	 3.46 	1
 2.15 	 3.37  	 3.54 	1
 2.15 	 3.38 	 3.32 	1
 2.15 	 3.38 	 3.32 	1
 2.15 	 3.39 	 3.43 	1
 2.15 	 3.39 	 3.41 	0
 2.15 	 3.40 	 3.40 	0
 2.15 	 3.40 	 3.50 	0
 2.15 	 3.40 	 3.20 	0
 2.15 	 3.40 	 3.42 	2
 2.15 	 3.42 	 3.63 	0
 2.15 	 3.42 	 3.36 	1
 2.15 	 3.42 	 3.48 	0
 2.15 	 3.42 	 3.36 	1
 2.15 	 3.43 	 3.44 	1
 2.15 	 3.43 	 3.07 	0
 2.15 	 3.43 	 3.34 	1
 2.15 	 3.43  	 3.59 	1
 2.15 	 3.45 	 3.44 	1
 2.15 	 3.45 	 3.27 	0
 2.15 	 3.46 	 3.46 	0
 2.15 	 3.46 	 3.41 	1
 2.15 	 3.47 	 3.11 	2
 2.15 	 3.47 	 3.24 	0
 2.15 	 3.48 	 3.42 	0
 2.15 	 3.48 	 3.34 	2
 2.15 	 3.49 	 3.42 	2
 2.15 	 3.49 	 3.12 	1
 2.15 	 3.49 	 3.22 	0
 2.15 	 3.49 	 3.29 	2
 2.15 	 3.49  	 3.52  	2
 2.15 	 3.52 	 3.54 	1
 2.15 	 3.52 	 3.08 	1
 2.15 	 3.53 	 3.28 	2
 2.15 	 3.54 	 3.44 	1
 2.15 	 3.54 	 3.28 	0
 2.15 	 3.55 	 3.47 	2
 2.15 	 3.55 	 3.34 	0
 2.15 	 3.57 	 3.28 	1
 2.15 	 3.57 	 3.00 	0
 2.15 	 3.58 	 3.41 	0
 2.15 	 3.58 	 3.44   	2
 2.15 	 3.59 	 3.44 	2
 2.15 	 3.60 	 3.40  	2
 2.15 	 3.60 	 3.24 	2
 2.15 	 3.60 	 3.30 	1
 2.15 	 3.60 	 3.32 	0
 2.15 	 3.60  	 3.40 	1
 2.15 	 3.61 	 3.32 	0
 2.15 	 3.61 	 3.39 	1
 2.15 	 3.62 	 3.17 	1
 2.15 	 3.62 	 3.29 	1
 2.15 	 3.64 	 3.35 	2
 2.15 	 3.65 	 3.25 	2
 2.15 	 3.66 	 3.12 	1
 2.15 	 3.67 	 3.34 	0
 2.15 	 3.67 	 3.33 	1
 2.15 	 3.69 	 3.23 	1
 2.15 	 3.71 	 3.37  	2
 2.15 	 3.71 	 3.13 	2
 2.15 	 3.72 	 3.12 	1
 2.15 	 3.80 	 3.07 	2
 2.15 	 3.83 	 3.06 	1
 2.15 	 3.84  	 3.23 	1
 2.15 	 3.85 	 3.20 	1
 2.15  	 3.12 	 3.91 	2
 2.15  	 3.38 	 3.37 	1
 2.15  	 3.40  	 3.60  	2
 2.15  	 3.50  	 3.48  	1
 2.15  	 3.52 	 3.16 	2
 2.15  	 3.62  	 3.32  	0
 2.15  	 3.79 	 3.24 	0
 2.15   	 3.54  	 3.52  	1
 2.15   	 3.74  	 3.17  	1
 2.16 	 2.97 	 3.87 	2
 2.16 	 2.97 	 3.95 	0
 2.16 	 3.01 	 3.77 	1
 2.16 	 3.03 	 3.71 	1
 2.16 	 3.04 	 3.90 	1
 2.16 	 3.05 	 3.75 	0
 2.16 	 3.05 	 3.67 	0
 2.16 	 3.08 	 3.73 	1
 2.16 	 3.09 	 3.72 	1
 2.16 	 3.09 	 3.65 	0
 2.16 	 3.10 	 3.72 	0
 2.16 	 3.10 	 3.60 	1
 2.16 	 3.10 	 3.70 	2
 2.16 	 3.10  	 4.02 	2
 2.16 	 3.11 	 3.60 	2
 2.16 	 3.16 	 3.72 	1
 2.16 	 3.17 	 3.58 	0
 2.16 	 3.17 	 3.62 	1
 2.16 	 3.18 	 3.50 	0
 2.16 	 3.19 	 3.79 	1
 2.16 	 3.19 	 3.57 	0
 2.16 	 3.19 	 3.68 	1
 2.16 	 3.20 	 3.64 	0
 2.16 	 3.21 	 3.48 	1
 2.16 	 3.21 	 3.51 	1
 2.16 	 3.21 	 3.52 	1
 2.16 	 3.21 	 3.50 	1
 2.16 	 3.22 	 3.72 	0
 2.16 	 3.23 	 3.64 	2
 2.16 	 3.24 	 3.80 	1
 2.16 	 3.24 	 3.72 	1
 2.16 	 3.26 	 3.48 	0
 2.16 	 3.26 	 3.62 	1
 2.16 	 3.26  	 3.77 	2
 2.16 	 3.28 	 3.15 	1
 2.16 	 3.29 	 3.40 	1
 2.16 	 3.30 	 3.70 	1
 2.16 	 3.30 	 3.41 	2
 2.16 	 3.30 	 3.53 	2
 2.16 	 3.30 	 3.65 	1
 2.16 	 3.30 	 3.33 	0
 2.16 	 3.30 	 3.41 	2
 2.16 	 3.31 	 3.31 	0
 2.16 	 3.31 	 3.45 	2
 2.16 	 3.32 	 3.48 	0
 2.16 	 3.32 	 3.51 	2
 2.16 	 3.32 	 3.60 	2
 2.16 	 3.32 	 3.26 	2
 2.16 	 3.32 	 3.33 	2
 2.16 	 3.33 	 3.58 	0
 2.16 	 3.34 	 3.57 	1
 2.16 	 3.34 	 3.57 	0
 2.16 	 3.34 	 3.47 	1
 2.16 	 3.35 	 3.45 	1
 2.16 	 3.35 	 3.54 	0
 2.16 	 3.35 	 3.41 	2
 2.16 	 3.35  	 3.56 	0
 2.16 	 3.37 	 3.61 	1
 2.16 	 3.37 	 3.49 	2
 2.16 	 3.37 	 3.11 	1
 2.16 	 3.37 	 3.42 	2
 2.16 	 3.39 	 3.13 	1
 2.16 	 3.39 	 3.49 	1
 2.16 	 3.39  	 3.55 	1
 2.16 	 3.40 	 3.55 	0
 2.16 	 3.40 	 3.58 	0
 2.16 	 3.40 	 3.33 	1
 2.16 	 3.40 	 3.24 	0
 2.16 	 3.40 	 3.32  	2
 2.16 	 3.41 	 3.41 	1
 2.16 	 3.41 	 3.52 	1
 2.16 	 3.41 	 3.23 	1
 2.16 	 3.41 	 3.21 	0
 2.16 	 3.41 	 3.36 	2
 2.16 	 3.42 	 3.44 	1
 2.16 	 3.43 	 3.34 	1
 2.16 	 3.43 	 3.36 	0
 2.16 	 3.43 	 3.32 	1
 2.16 	 3.43 	 3.33 	1
 2.16 	 3.44 	 3.43 	1
 2.16 	 3.45 	 3.42 	1
 2.16 	 3.45 	 3.05 	2
 2.16 	 3.45 	 3.33 	2
 2.16 	 3.46 	 3.43 	2
 2.16 	 3.46 	 3.53 	0
 2.16 	 3.46 	 3.35 	1
 2.16 	 3.46 	 3.06 	1
 2.16 	 3.46 	 3.29 	1
 2.16 	 3.47 	 3.46 	0
 2.16 	 3.47 	 3.15 	2
 2.16 	 3.49 	 3.52 	1
 2.16 	 3.49 	 3.02 	2
 2.16 	 3.49 	 3.20 	1
 2.16 	 3.50 	 3.48 	1
 2.16 	 3.50 	 2.93 	1
 2.16 	 3.50 	 3.16 	1
 2.16 	 3.50 	 3.31 	2
 2.16 	 3.51 	 3.32 	1
 2.16 	 3.51 	 3.34 	2
 2.16 	 3.52 	 3.04 	2
 2.16 	 3.52 	 3.14 	1
 2.16 	 3.54 	 3.38  	2
 2.16 	 3.54  	 3.19 	2
 2.16 	 3.55 	 3.27 	1
 2.16 	 3.55 	 3.06 	1
 2.16 	 3.55 	 3.31 	1
 2.16 	 3.56 	 3.29 	1
 2.16 	 3.56 	 3.28 	1
 2.16 	 3.57 	 3.16 	1
 2.16 	 3.58 	 3.24 	2
 2.16 	 3.59 	 3.04 	2
 2.16 	 3.60 	 3.24 	0
 2.16 	 3.60 	 3.22 	0
 2.16 	 3.62 	 3.19 	0
 2.16 	 3.66 	 2.95 	0
 2.16 	 3.67 	 3.12 	0
 2.16 	 3.68 	 3.10 	0
 2.16 	 3.69 	 3.28 	2
 2.16 	 3.69 	 2.98 	1
 2.16 	 3.70 	 3.26 	1
 2.16 	 3.71 	 2.88 	0
 2.16 	 3.73 	 3.12 	2
 2.16 	 3.73  	 3.28  	0
 2.16 	 3.74 	 3.18 	1
 2.16 	 3.79 	 3.14 	0
 2.16 	 4.09 	 2.88 	1
 2.16  	 3.32  	 3.63  	2
 2.16  	 3.36 	 3.40 	1
 2.16  	 3.39 	 3.13 	1
 2.16  	 3.39  	 3.49 	1
 2.16  	 3.46  	 3.38  	1
 2.16  	 3.70  	 3.19  	1
 2.16   	 3.61  	 3.27  	2
 2.17 	  3.30 	 3.54 	0
 2.17 	 2.83 	 4.51 	1
 2.17 	 2.86 	 4.48 	0
 2.17 	 2.87 	 3.99 	1
 2.17 	 2.87 	 4.07 	0
 2.17 	 3.00 	 4.00 	1
 2.17 	 3.01 	 4.15 	0
 2.17 	 3.04 	 3.88 	1
 2.17 	 3.05 	 3.83 	1
 2.17 	 3.06 	 4.06 	0
 2.17 	 3.06 	 3.77 	2
 2.17 	 3.08 	 3.80 	0
 2.17 	 3.08 	 3.57 	2
 2.17 	 3.09 	 3.79 	1
 2.17 	 3.09 	 3.67 	2
 2.17 	 3.10 	 3.81 	1
 2.17 	 3.10  	 3.65 	0
 2.17 	 3.11 	 3.94 	2
 2.17 	 3.11 	 3.66 	2
 2.17 	 3.11 	 3.39 	1
 2.17 	 3.12 	 3.76  	1
 2.17 	 3.13 	 3.79 	2
 2.17 	 3.13 	 3.70 	0
 2.17 	 3.13 	 3.73 	2
 2.17 	 3.15 	 3.70 	0
 2.17 	 3.15 	 3.70 	0
 2.17 	 3.15 	 3.60 	0
 2.17 	 3.16 	 3.50 	1
 2.17 	 3.17 	 3.65 	2
 2.17 	 3.17 	 3.48 	1
 2.17 	 3.18 	 3.63 	0
 2.17 	 3.19 	 3.72 	1
 2.17 	 3.20 	 3.81 	1
 2.17 	 3.21 	 3.57 	0
 2.17 	 3.22 	 3.68 	0
 2.17 	 3.23 	 3.73 	2
 2.17 	 3.23 	 3.59 	0
 2.17 	 3.25 	 3.50 	1
 2.17 	 3.25  	 3.51 	1
 2.17 	 3.26 	 3.75 	1
 2.17 	 3.26 	 3.55 	1
 2.17 	 3.26 	 3.41 	1
 2.17 	 3.27 	 3.56 	2
 2.17 	 3.27 	 3.63  	0
 2.17 	 3.27 	 3.63 	1
 2.17 	 3.27 	 3.68 	2
 2.17 	 3.29 	 3.33 	0
 2.17 	 3.30 	 3.60 	2
 2.17 	 3.30 	 3.52 	0
 2.17 	 3.30 	 3.14 	1
 2.17 	 3.30  	 3.51  	2
 2.17 	 3.31 	 3.55 	1
 2.17 	 3.31 	 3.65 	0
 2.17 	 3.31 	 3.53 	2
 2.17 	 3.31  	 3.62  	1
 2.17 	 3.32 	 3.57  	1
 2.17 	 3.32 	 3.51  	2
 2.17 	 3.32 	 3.46 	0
 2.17 	 3.33 	 3.50 	0
 2.17 	 3.33 	 3.50 	0
 2.17 	 3.33 	 3.39 	1
 2.17 	 3.33 	 3.30 	0
 2.17 	 3.33 	 3.42 	1
 2.17 	 3.33  	 3.59 	1
 2.17 	 3.34 	 3.51  	2
 2.17 	 3.34 	 3.35 	1
 2.17 	 3.34 	 3.49 	1
 2.17 	 3.34 	 3.16 	1
 2.17 	 3.34  	 3.61 	0
 2.17 	 3.35 	 3.49 	0
 2.17 	 3.35 	 3.11 	2
 2.17 	 3.36 	 3.46 	2
 2.17 	 3.36 	 3.37 	0
 2.17 	 3.37 	 3.59 	0
 2.17 	 3.37 	 3.57 	1
 2.17 	 3.37 	 3.09 	0
 2.17 	 3.37 	 3.33 	1
 2.17 	 3.38 	 3.26 	1
 2.17 	 3.38 	 3.35 	1
 2.17 	 3.39 	 3.50 	0
 2.17 	 3.39 	 3.41 	1
 2.17 	 3.39  	 3.19 	1
 2.17 	 3.40 	 3.52  	0
 2.17 	 3.41 	 3.43 	1
 2.17 	 3.41 	 3.42 	2
 2.17 	 3.41  	 3.49   	0
 2.17 	 3.42 	 3.49 	0
 2.17 	 3.42 	 3.39 	2
 2.17 	 3.42 	 3.18 	1
 2.17 	 3.42 	 3.31 	0
 2.17 	 3.42 	 3.30 	0
 2.17 	 3.43 	 3.49  	1
 2.17 	 3.43 	 3.43 	1
 2.17 	 3.43 	 3.33 	1
 2.17 	 3.44 	 3.17 	2
 2.17 	 3.44 	 3.29 	2
 2.17 	 3.45 	 3.07	0
 2.17 	 3.45 	 3.29 	2
 2.17 	 3.45 	 3.34 	0
 2.17 	 3.46 	 3.28 	0
 2.17 	 3.46 	 3.12 	1
 2.17 	 3.46 	 3.30 	0
 2.17 	 3.47 	 3.35 	2
 2.17 	 3.47 	 2.96 	2
 2.17 	 3.47 	 3.32 	0
 2.17 	 3.47  	 3.01 	1
 2.17 	 3.48 	 3.49 	1
 2.17 	 3.48 	 3.43 	1
 2.17 	 3.48 	 3.35 	1
 2.17 	 3.49 	 3.31 	0
 2.17 	 3.49 	 3.11 	1
 2.17 	 3.49 	 3.01 	0
 2.17 	 3.49 	 3.24 	0
 2.17 	 3.50 	 3.28 	1
 2.17 	 3.51 	 3.44 	1
 2.17 	 3.51 	 3.29 	1
 2.17 	 3.51 	 3.01 	0
 2.17 	 3.52 	 3.37 	0
 2.17 	 3.52 	 3.19 	2
 2.17 	 3.53 	 3.18 	1
 2.17 	 3.55 	 3.29 	1
 2.17 	 3.56  	 3.29 	1
 2.17 	 3.57 	 3.21 	2
 2.17 	 3.58 	 2.96 	1
 2.17 	 3.58 	 2.96 	1
 2.17 	 3.60 	 3.21 	0
 2.17 	 3.60  	 2.92 	0
 2.17 	 3.61 	 3.35 	1
 2.17 	 3.63 	 3.21  	0
 2.17 	 3.64 	 3.14 	1
 2.17 	 3.64 	 3.18 	1
 2.17 	 3.64 	 3.12 	2
 2.17 	 3.65 	 3.17  	0
 2.17 	 3.72 	 3.16 	1
 2.17 	 3.79 	 3.11	2
 2.17 	 3.81 	 3.09  	1
 2.17 	 3.82 	 2.87 	0
 2.17 	 3.87 	 3.08 	1
 2.17 	 4.01 	 3.07 	1
 2.17  	 3.24  	 3.58  	1
 2.17  	 3.25 	 3.51 	2
 2.17  	 3.26 	 3.62 	2
 2.17  	 3.28 	 3.31 	0
 2.17  	 3.40  	 3.49  	0
 2.17  	 3.42  	 3.52  	1
 2.17  	 3.43 	 3.37 	0
 2.17  	 3.46  	 3.34  	2
 2.17  	 3.49   	 3.46 	1
 2.17  	 3.59 	 3.36 	2
 2.17  	 3.91 	 3.01  	1
 2.18 	 2.90 	 4.16 	0
 2.18 	 2.90  	 4.16 	0
 2.18 	 2.98 	 4.14 	1
 2.18 	 3.02 	 3.60 	0
 2.18 	 3.02 	 3.65 	2
 2.18 	 3.05 	 3.78 	0
 2.18 	 3.06 	 4.02 	1
 2.18 	 3.06 	 3.92 	2
 2.18 	 3.06 	 3.86 	1
 2.18 	 3.06 	 3.70 	0
 2.18 	 3.06  	 3.79 	1
 2.18 	 3.07 	 3.65 	2
 2.18 	 3.09 	 3.61 	2
 2.18 	 3.10 	 3.66 	1
 2.18 	 3.11	 3.73 	2
 2.18 	 3.11 	 3.66 	1
 2.18 	 3.11 	 3.63 	0
 2.18 	 3.13 	 3.69 	0
 2.18 	 3.13 	 3.63  	1
 2.18 	 3.13 	 3.49 	2
 2.18 	 3.14 	 3.56 	0
 2.18 	 3.15 	 3.47 	0
 2.18 	 3.15 	 3.58 	1
 2.18 	 3.16 	 3.64 	0
 2.18 	 3.17 	 3.61 	2
 2.18 	 3.17 	 3.57 	1
 2.18 	 3.18 	 3.56 	2
 2.18 	 3.18 	 3.53 	0
 2.18 	 3.19 	 3.79 	0
 2.18 	 3.19 	 3.48 	1
 2.18 	 3.20 	 3.70 	1
 2.18 	 3.21 	 3.64  	1
 2.18 	 3.21 	 3.78 	0
 2.18 	 3.21 	 3.64 	1
 2.18 	 3.21 	 3.51 	2
 2.18 	 3.21 	 3.51 	2
 2.18 	 3.23 	 3.68 	1
 2.18 	 3.23 	 3.50 	2
 2.18 	 3.24 	 3.71 	2
 2.18 	 3.24 	 3.66 	2
 2.18 	 3.24 	 3.45 	2
 2.18 	 3.24 	 3.59 	1
 2.18 	 3.24 	 3.60 	2
 2.18 	 3.24 	 3.47 	2
 2.18 	 3.25 	 3.53 	1
 2.18 	 3.26 	 3.70  	0
 2.18 	 3.26 	 3.41 	1
 2.18 	 3.26 	 3.54  	1
 2.18 	 3.27 	 3.57 	1
 2.18 	 3.28 	 3.47 	0
 2.18 	 3.28 	 3.29 	2
 2.18 	 3.28 	 3.14 	1
 2.18 	 3.28  	 3.49 	1
 2.18 	 3.29 	 3.66 	1
 2.18 	 3.29  	 3.50 	1
 2.18 	 3.30 	 3.62 	0
 2.18 	 3.31 	 3.43 	1
 2.18 	 3.32 	 3.59 	1
 2.18 	 3.32 	 3.51 	1
 2.18 	 3.33 	 3.50 	0
 2.18 	 3.33 	 3.47 	1
 2.18 	 3.33 	 3.29 	1
 2.18 	 3.33 	 3.34 	1
 2.18 	 3.33 	 3.44 	1
 2.18 	 3.33 	 3.42 	0
 2.18 	 3.33 	 3.49 	0
 2.18 	 3.33 	 3.11 	2
 2.18 	 3.33 	 3.39 	2
 2.18 	 3.34 	 3.61 	1
 2.18 	 3.34 	 3.35 	2
 2.18 	 3.34 	 3.35 	2
 2.18 	 3.35 	 3.52 	0
 2.18 	 3.36 	 3.30 	2
 2.18 	 3.37 	 3.36 	0
 2.18 	 3.37 	 3.35 	0
 2.18 	 3.37  	 3.55 	1
 2.18 	 3.38 	 3.44 	0
 2.18 	 3.39 	 3.52 	1
 2.18 	 3.39 	 3.20 	1
 2.18 	 3.39 	 3.15  	2
 2.18 	 3.40 	 3.54  	2
 2.18 	 3.40 	 3.30 	1
 2.18 	 3.40 	 3.43 	1
 2.18 	 3.40 	 3.32 	0
 2.18 	 3.41 	 3.32 	2
 2.18 	 3.41  	 3.33 	1
 2.18 	 3.43 	 3.55 	0
 2.18 	 3.44 	 3.38 	0
 2.18 	 3.45  	 3.39 	0
 2.18 	 3.46 	 3.49 	0
 2.18 	 3.46 	 3.19 	0
 2.18 	 3.46 	 3.27 	2
 2.18 	 3.46  	 3.44 	0
 2.18 	 3.47 	 3.49 	1
 2.18 	 3.47 	 3.45 	1
 2.18 	 3.47 	 3.24 	1
 2.18 	 3.47 	 3.34 	1
 2.18 	 3.48 	 3.25 	1
 2.18 	 3.48 	 3.18 	1
 2.18 	 3.49 	 3.39 	1
 2.18 	 3.49 	 3.26 	0
 2.18 	 3.50 	 3.42 	1
 2.18 	 3.50 	 3.20 	1
 2.18 	 3.50 	 3.21 	1
 2.18 	 3.51 	 3.29 	1
 2.18 	 3.52 	 3.28  	1
 2.18 	 3.52 	 3.25 	1
 2.18 	 3.52 	 3.20  	0
 2.18 	 3.53 	 2.92 	2
 2.18 	 3.55 	 3.24 	1
 2.18 	 3.55 	 2.97 	2
 2.18 	 3.56 	 3.23 	1
 2.18 	 3.56 	 3.20 	0
 2.18 	 3.56 	 3.19 	1
 2.18 	 3.57 	 3.29 	2
 2.18 	 3.59 	 3.21 	2
 2.18 	 3.60 	 3.36 	2
 2.18 	 3.61 	 2.91 	1
 2.18 	 3.64 	 3.28 	1
 2.18 	 3.65 	 3.21 	1
 2.18 	 3.65 	 2.84 	0
 2.18 	 3.66 	 3.19 	1
 2.18 	 3.67 	 3.18 	0
 2.18 	 3.67 	 3.14 	0
 2.18 	 3.67 	 3.10 	2
 2.18 	 3.69 	 3.05 	1
 2.18 	 3.71 	 3.22 	1
 2.18 	 3.73 	 2.86  	2
 2.18 	 3.74 	 3.07 	1
 2.18 	 3.75 	 3.11 	1
 2.18 	 3.76 	 3.11 	1
 2.18 	 3.76 	 3.11 	1
 2.18 	 3.76 	 3.08 	1
 2.18 	 3.78 	 3.16 	0
 2.18 	 3.86 	 3.16 	1
 2.18 	 4.14 	 3.00	1
 2.18  	 3.29 	 3.39 	1
 2.18  	 3.32  	 3.47  	2
 2.18  	 3.34 	 3.37 	0
 2.18  	 3.41  	 3.36  	1
 2.18  	 3.49  	  3.34  	0
 2.18  	 3.58   	 3.29  	0
 2.18  	 3.62 	 3.22 	1
 2.18  	 3.76   	 3.10  	1
 2.18  	 3.82  	 3.09   	2
 2.19 	 2.97 	 3.71 	1
 2.19 	 2.99 	 3.68 	1
 2.19 	 3.00 	 4.06 	1
 2.19 	 3.04 	 3.69 	2
 2.19 	 3.05 	 3.87 	1
 2.19 	 3.06 	 3.37 	2
 2.19 	 3.07 	 3.74 	1
 2.19 	 3.08 	 3.72 	1
 2.19 	 3.10 	 3.88 	1
 2.19 	 3.13  	 3.84 	0
 2.19 	 3.15 	 3.83 	2
 2.19 	 3.15 	 3.54 	0
 2.19 	 3.15 	 3.63 	0
 2.19 	 3.16 	 3.60 	1
 2.19 	 3.16 	 3.47 	1
 2.19 	 3.16 	 3.57 	1
 2.19 	 3.18 	 3.74 	1
 2.19 	 3.18 	 3.54 	0
 2.19 	 3.18 	 3.44 	0
 2.19 	 3.19 	 3.65 	1
 2.19 	 3.19 	 3.61 	1
 2.19 	 3.19 	 3.22 	1
 2.19 	 3.20 	 3.72 	1
 2.19 	 3.20 	 3.26 	1
 2.19 	 3.20 	 3.38 	0
 2.19 	 3.20 	 3.36 	1
 2.19 	 3.21 	 3.58 	1
 2.19 	 3.21 	 3.62 	2
 2.19 	 3.22 	 3.66 	1
 2.19 	 3.22 	 3.73 	1
 2.19 	 3.22 	 3.40 	0
 2.19 	 3.23 	 3.71 	1
 2.19 	 3.23 	 3.44 	0
 2.19 	 3.23 	 3.60 	0
 2.19 	 3.23 	 3.28 	2
 2.19 	 3.23 	 3.51 	0
 2.19 	 3.24 	 3.69 	0
 2.19 	 3.24 	 3.73 	1
 2.19 	 3.24 	 3.48 	1
 2.19 	 3.24 	 2.63 	2
 2.19 	 3.25 	 3.21 	1
 2.19 	 3.26 	 3.51 	1
 2.19 	 3.28 	 3.53 	0
 2.19 	 3.28 	 3.34 	1
 2.19 	 3.28 	 3.36 	0
 2.19 	 3.28 	 3.38 	0
 2.19 	 3.29 	 3.14 	0
 2.19 	 3.30 	 3.60 	0
 2.19 	 3.30 	 3.14 	1
 2.19 	 3.31 	 3.39 	0
 2.19 	 3.31 	 3.37 	2
 2.19 	 3.31 	 3.39 	1
 2.19 	 3.32 	 3.60 	1
 2.19 	 3.32 	 3.05 	1
 2.19 	 3.33 	 3.19 	0
 2.19 	 3.33 	 3.10 	2
 2.19 	 3.34 	 3.39 	2
 2.19 	 3.35 	 3.07 	1
 2.19 	 3.35 	 3.24 	2
 2.19 	 3.35 	 3.23 	1
 2.19 	 3.36 	 3.42 	0
 2.19 	 3.37 	 3.50 	1
 2.19 	 3.37 	 3.15 	2
 2.19 	 3.38 	 3.56 	1
 2.19 	 3.38 	 3.36 	2
 2.19 	 3.38 	 3.29 	2
 2.19 	 3.38 	 3.38 	1
 2.19 	 3.39 	 3.18 	2
 2.19 	 3.39 	 3.30 	0
 2.19 	 3.40 	 3.43 	1
 2.19 	 3.40 	 3.09 	2
 2.19 	 3.41 	 3.40 	1
 2.19 	 3.41 	 3.29 	1
 2.19 	 3.42 	 3.50 	2
 2.19 	 3.42 	 3.04 	1
 2.19 	 3.42 	 3.28 	0
 2.19 	 3.43 	 3.44 	1
 2.19 	 3.43 	 3.33 	0
 2.19 	 3.43 	 3.33 	0
 2.19 	 3.43 	 3.38 	2
 2.19 	 3.43 	 3.25 	1
 2.19 	 3.44 	 3.24 	1
 2.19 	 3.44 	 3.20 	0
 2.19 	 3.45 	 3.38 	2
 2.19 	 3.45 	 3.44 	1
 2.19 	 3.45 	 3.34 	2
 2.19 	 3.45 	 2.96 	2
 2.19 	 3.45 	 3.03 	1
 2.19 	 3.45 	 3.16 	1
 2.19 	 3.46 	 3.43 	0
 2.19 	 3.46 	 3.33 	0
 2.19 	 3.47 	 3.40 	1
 2.19 	 3.47 	 3.06 	1
 2.19 	 3.48 	 3.33 	1
 2.19 	 3.48 	 3.42 	2
 2.19 	 3.48 	 3.24 	2
 2.19 	 3.48 	 3.41 	0
 2.19 	 3.48 	 3.32 	0
 2.19 	 3.48 	 3.40 	1
 2.19 	 3.48 	 2.98 	1
 2.19 	 3.49 	 3.31 	0
 2.19 	 3.49 	 3.35 	2
 2.19 	 3.50 	 3.25 	0
 2.19 	 3.50 	 2.97 	2
 2.19 	 3.50 	 3.22 	1
 2.19 	 3.50 	 3.21 	0
 2.19 	 3.51 	 3.28 	0
 2.19 	 3.51 	 3.14 	0
 2.19 	 3.51 	 3.16 	1
 2.19 	 3.51  	 3.03  	2
 2.19 	 3.52 	 3.25 	0
 2.19 	 3.53 	 3.29 	1
 2.19 	 3.54 	 3.24 	2
 2.19 	 3.54 	 3.07 	1
 2.19 	 3.54 	 3.18 	0
 2.19 	 3.55 	 3.24 	1
 2.19 	 3.57 	 3.27 	0
 2.19 	 3.58 	 3.32 	1
 2.19 	 3.60 	 3.10 	2
 2.19 	 3.62 	 2.93 	1
 2.19 	 3.62 	 3.23 	2
 2.19 	 3.62 	 2.98 	1
 2.19 	 3.63 	 3.17 	0
 2.19 	 3.63 	 3.00 	2
 2.19 	 3.64 	 3.14 	0
 2.19 	 3.65 	 2.86 	0
 2.19 	 3.66 	 3.17 	1
 2.19 	 3.66 	 3.17 	0
 2.19 	 3.66 	 3.09 	2
 2.19 	 3.67 	 3.05 	1
 2.19 	 3.68 	 3.16 	0
 2.19 	 3.72 	 2.82 	2
 2.19 	 3.73 	 3.20 	2
 2.19 	 3.78 	 2.99 	1
 2.19 	 3.82 	 3.03 	1
 2.19 	 3.97 	 2.93  	2
 2.19  	 3.23  	 3.70  	0
 2.19  	 3.29  	 3.63  	2
 2.19  	 3.37 	 3.34 	1
 2.19  	 3.50  	 3.38  	2
 2.19  	 3.57  	 3.20  	2
 2.19  	 3.70  	 3.13   	0
 2.19  	 3.70  	 3.21  	2
 2.19  	 3.79 	 3.19 	1
 2.19  	 3.79 	 3.23 	0
 2.19  	 3.88 	 3.09  	1
 2.20 	 2.90 	 3.92 	2
 2.20 	 2.93 	 3.98 	1
 2.20 	 2.99 	 3.63 	1
 2.20 	 3.00 	 3.73 	1
 2.20 	 3.01 	 3.68 	1
 2.20 	 3.01 	 3.89 	0
 2.20 	 3.03 	 3.94 	0
 2.20 	 3.04 	 3.89 	1
 2.20 	 3.05 	 3.65 	0
 2.20 	 3.07 	 3.48 	1
 2.20 	 3.08 	 3.77 	1
 2.20 	 3.09 	 3.56 	0
 2.20 	 3.09 	 3.71 	1
 2.20 	 3.10 	 3.74 	2
 2.20 	 3.10 	 3.69 	1
 2.20 	 3.10 	 3.75 	2
 2.20 	 3.11 	 3.47 	0
 2.20 	 3.12 	 3.54 	2
 2.20 	 3.13 	 3.64 	1
 2.20 	 3.13 	 3.67 	1
 2.20 	 3.13 	 3.70 	0
 2.20 	 3.16 	 3.57 	0
 2.20 	 3.17 	 3.49 	1
 2.20 	 3.17 	 3.53 	1
 2.20 	 3.18 	 3.52 	0
 2.20 	 3.19 	 3.58 	1
 2.20 	 3.19 	 3.58 	0
 2.20 	 3.20 	 3.60 	2
 2.20 	 3.20 	 3.57 	1
 2.20 	 3.21 	 3.56 	2
 2.20 	 3.21 	 3.45 	1
 2.20 	 3.22 	 3.60 	0
 2.20 	 3.22 	 3.48 	1
 2.20 	 3.22 	 3.44 	0
 2.20 	 3.23 	 3.56 	0
 2.20 	 3.23 	 3.46 	1
 2.20 	 3.23 	 3.43 	0
 2.20 	 3.24 	 3.49 	1
 2.20 	 3.24 	 3.44 	1
 2.20 	 3.24 	 3.43  	0
 2.20 	 3.24 	 3.46 	0
 2.20 	 3.25 	 3.45 	1
 2.20 	 3.25 	 3.62 	2
 2.20 	 3.25 	 3.15  	2
 2.20 	 3.27 	 3.43 	0
 2.20 	 3.27 	 3.50 	2
 2.20 	 3.27 	 3.50 	2
 2.20 	 3.27 	 3.48 	1
 2.20 	 3.27 	 3.26 	1
 2.20 	 3.28 	 3.60 	0
 2.20 	 3.28 	 3.48 	2
 2.20 	 3.28 	 3.63 	1
 2.20 	 3.28 	 3.49 	0
 2.20 	 3.28 	 3.38 	2
 2.20 	 3.28 	 3.49 	1
 2.20 	 3.28 	 3.47 	1
 2.20 	 3.28 	 3.34 	0
 2.20 	 3.29 	 3.49 	2
 2.20 	 3.29 	 2.94 	0
 2.20 	 3.30 	 3.44 	0
 2.20 	 3.31 	 3.33 	2
 2.20 	 3.31 	 3.40 	2
 2.20 	 3.31 	 3.53 	2
 2.20 	 3.33 	 3.22 	2
 2.20 	 3.34 	 3.46  	2
 2.20 	 3.34 	 3.10 	1
 2.20 	 3.34 	 3.33 	0
 2.20 	 3.35 	 3.54 	0
 2.20 	 3.35 	 3.17 	0
 2.20 	 3.36 	 3.35 	1
 2.20 	 3.37 	 3.40 	0
 2.20 	 3.37 	 3.27 	1
 2.20 	 3.38 	 3.30 	0
 2.20 	 3.39 	 3.29  	2
 2.20 	 3.39 	 3.34 	1
 2.20 	 3.39 	 3.11 	1
 2.20 	 3.39 	 3.03 	2
 2.20 	 3.39 	 3.21 	1
 2.20 	 3.40 	 3.34 	1
 2.20 	 3.40 	 3.44 	1
 2.20 	 3.40 	 3.02 	0
 2.20 	 3.41 	 3.05 	1
 2.20 	 3.41 	 2.98 	1
 2.20 	 3.41 	 3.25 	1
 2.20 	 3.43 	 3.32 	1
 2.20 	 3.43 	 3.09 	2
 2.20 	 3.43 	 3.27 	0
 2.20 	 3.43 	 3.10 	1
 2.20 	 3.43 	 3.14 	0
 2.20 	 3.43 	 3.22 	0
 2.20 	 3.45 	 2.98  	1
 2.20 	 3.45 	 3.26 	0
 2.20 	 3.45 	 3.24 	0
 2.20 	 3.46 	 3.43 	1
 2.20 	 3.46 	 3.32 	1
 2.20 	 3.46 	 3.31 	2
 2.20 	 3.47 	 3.35 	0
 2.20 	 3.47 	 3.42 	2
 2.20 	 3.47 	 3.30 	0
 2.20 	 3.47 	 3.08 	1
 2.20 	 3.48 	 3.24 	1
 2.20 	 3.48 	 3.07 	1
 2.20 	 3.49 	 3.36 	0
 2.20 	 3.49 	 3.28 	0
 2.20 	 3.49 	 3.22 	1
 2.20 	 3.49 	 3.16 	2
 2.20 	 3.50 	 3.20 	1
 2.20 	 3.51 	 3.30 	2
 2.20 	 3.51 	 3.22 	1
 2.20 	 3.51 	 3.26 	0
 2.20 	 3.52 	 3.34 	1
 2.20 	 3.53 	 3.12 	1
 2.20 	 3.54 	 3.11 	2
 2.20 	 3.55 	 2.91 	1
 2.20 	 3.56 	 3.33 	1
 2.20 	 3.56 	 3.18 	1
 2.20 	 3.58 	 3.18 	2
 2.20 	 3.59 	 3.31 	2
 2.20 	 3.59 	 2.88 	1
 2.20 	 3.60 	 3.21 	2
 2.20 	 3.61 	 3.20 	0
 2.20 	 3.61 	 3.21 	0
 2.20 	 3.62 	 3.12 	1
 2.20 	 3.62 	 3.19 	2
 2.20 	 3.63 	 3.05  	1
 2.20 	 3.64  	 3.24 	2
 2.20 	 3.65 	 3.15 	1
 2.20 	 3.67 	 3.17  	0
 2.20 	 3.69 	 3.19 	2
 2.20 	 3.71 	 3.14 	1
 2.20 	 3.71 	 3.05 	2
 2.20 	 3.73 	 3.05 	2
 2.20 	 3.74 	 3.17 	1
 2.20 	 3.83 	 3.02 	0
 2.20  	 3.04  	 3.82 	2
 2.20  	 3.10  	 3.88  	2
 2.20  	 3.31 	 3.49 	1
 2.20  	 3.50 	 3.00 	2
 2.20  	 3.50 	 3.21 	0
 2.20  	 3.52 	 3.16 	2
 2.20  	 3.58  	 3.28  	0
 2.20  	 3.60 	 2.88 	0
 2.20  	 3.64  	 3.19  	2
 2.20  	 3.80 	 3.10 	2
 2.21 	  3.21 	 3.66 	0
 2.21 	 2.83 	 3.94 	2
 2.21 	 2.88 	 4.10 	1
 2.21 	 2.88 	 3.85   	0
 2.21 	 2.93 	 4.10 	1
 2.21 	 2.93 	 3.72 	1
 2.21 	 2.96 	 3.69 	0
 2.21 	 2.98 	 3.70 	0
 2.21 	 3.00 	 3.99 	0
 2.21 	 3.04 	 3.72 	2
 2.21 	 3.04 	 3.56 	2
 2.21 	 3.05 	 3.55 	1
 2.21 	 3.06 	 3.68 	0
 2.21 	 3.07 	 3.66 	1
 2.21 	 3.08 	 3.53 	0
 2.21 	 3.09 	  3.96 	0
 2.21 	 3.09 	 3.74 	0
 2.21 	 3.10 	 3.64 	2
 2.21 	 3.12 	 3.54 	2
 2.21 	 3.13 	 3.64 	2
 2.21 	 3.15 	 3.73 	1
 2.21 	 3.16 	 3.22 	1
 2.21 	 3.16 	 3.53 	1
 2.21 	 3.17 	 3.44 	1
 2.21 	 3.19 	 3.36 	0
 2.21 	 3.20 	 3.48 	1
 2.21 	 3.20 	 3.56 	2
 2.21 	 3.20 	 3.30 	1
 2.21 	 3.20 	 3.43 	1
 2.21 	 3.21 	 3.49 	2
 2.21 	 3.21 	 3.62 	1
 2.21 	 3.22 	 3.61 	2
 2.21 	 3.22 	 3.55 	2
 2.21 	 3.22 	 3.67 	0
 2.21 	 3.22 	 3.53 	0
 2.21 	 3.22 	 3.26  	0
 2.21 	 3.23 	 3.47 	0
 2.21 	 3.23 	 3.44 	0
 2.21 	 3.24 	 3.44 	2
 2.21 	 3.24 	 3.52 	0
 2.21 	 3.25 	 3.46 	1
 2.21 	 3.25 	 3.41 	1
 2.21 	 3.25 	 3.32 	2
 2.21 	 3.26 	 3.34 	1
 2.21 	 3.26 	 3.26 	2
 2.21 	 3.26 	 3.33 	2
 2.21 	 3.28 	 3.43 	2
 2.21 	 3.28 	 3.27 	0
 2.21 	 3.28 	 3.40 	0
 2.21 	 3.29 	 3.57  	1
 2.21 	 3.29 	 3.59  	2
 2.21 	 3.29 	 3.04 	1
 2.21 	 3.29 	 3.42 	0
 2.21 	 3.29 	 3.50 	1
 2.21 	 3.29 	 3.47 	1
 2.21 	 3.29 	 3.29 	2
 2.21 	 3.30 	 3.56 	2
 2.21 	 3.30 	 3.23 	1
 2.21 	 3.30 	 3.14 	2
 2.21 	 3.30 	 3.36 	1
 2.21 	 3.31 	 3.33 	1
 2.21 	 3.32 	 3.53 	1
 2.21 	 3.32 	 3.34 	2
 2.21 	 3.33 	 3.46 	2
 2.21 	 3.33 	 3.40 	0
 2.21 	 3.33 	 3.04 	2
 2.21 	 3.33 	 3.16 	1
 2.21 	 3.34 	 3.50 	1
 2.21 	 3.34 	 3.39 	0
 2.21 	 3.34 	 3.42 	0
 2.21 	 3.34 	 3.17 	2
 2.21 	 3.34 	 3.07 	1
 2.21 	 3.34 	 3.37 	1
 2.21 	 3.34 	 3.34 	1
 2.21 	 3.35 	 3.46 	2
 2.21 	 3.35 	 3.42 	1
 2.21 	 3.36 	 3.41 	2
 2.21 	 3.36 	 3.52 	0
 2.21 	 3.36 	 3.12 	0
 2.21 	 3.36 	 3.03 	1
 2.21 	 3.38 	 3.37 	0
 2.21 	 3.38 	 3.13 	2
 2.21 	 3.38 	 3.11 	1
 2.21 	 3.38 	 3.18 	0
 2.21 	 3.38 	 3.29 	1
 2.21 	 3.39 	 3.33 	1
 2.21 	 3.39  	 3.17 	1
 2.21 	 3.40 	 3.41 	1
 2.21 	 3.40 	 3.28 	0
 2.21 	 3.40 	 3.35 	0
 2.21 	 3.40 	 3.30 	2
 2.21 	 3.41 	 3.43  	2
 2.21 	 3.41 	 3.42 	1
 2.21 	 3.41 	 2.96 	2
 2.21 	 3.42 	 3.26 	0
 2.21 	 3.42 	 3.01 	0
 2.21 	 3.43 	 3.38 	0
 2.21 	 3.43 	 3.27 	2
 2.21 	 3.43 	 2.98 	1
 2.21 	 3.43 	 2.95 	1
 2.21 	 3.44 	 3.27 	0
 2.21 	 3.44 	 3.08 	1
 2.21 	 3.44 	 3.12 	1
 2.21 	 3.44  	 3.29  	0
 2.21 	 3.45 	 3.39 	1
 2.21 	 3.45 	 3.32 	0
 2.21 	 3.45 	 3.26 	2
 2.21 	 3.45 	 3.30 	2
 2.21 	 3.45 	 3.20 	1
 2.21 	 3.45 	 3.19 	2
 2.21 	 3.46 	 3.37  	0
 2.21 	 3.46 	 3.20 	1
 2.21 	 3.46  	 3.27 	2
 2.21 	 3.47 	 3.26 	0
 2.21 	 3.47 	 3.30 	1
 2.21 	 3.47 	 3.02 	0
 2.21 	 3.47 	 3.17 	0
 2.21 	 3.48 	 3.05 	2
 2.21 	 3.48 	 3.08 	1
 2.21 	 3.49 	 3.26 	0
 2.21 	 3.49 	 3.16 	1
 2.21 	 3.49  	 3.23 	1
 2.21 	 3.50 	 3.22 	1
 2.21 	 3.52 	 3.32 	0
 2.21 	 3.52  	 3.23 	0
 2.21 	 3.53 	 3.12 	1
 2.21 	 3.54 	 3.20 	0
 2.21 	 3.55 	 3.22 	0
 2.21 	 3.56 	 3.34  	1
 2.21 	 3.56 	 2.80 	2
 2.21 	 3.56 	 2.89 	0
 2.21 	 3.56 	 3.07 	1
 2.21 	 3.56 	 3.10 	2
 2.21 	 3.57 	 3.29 	0
 2.21 	 3.58 	 2.99 	0
 2.21 	 3.61 	 3.12 	2
 2.21 	 3.61 	 3.14  	1
 2.21 	 3.61 	 3.13 	1
 2.21 	 3.64 	 2.91 	1
 2.21 	 3.66 	 3.01 	0
 2.21 	 3.67 	 2.99 	0
 2.21 	 3.68 	 3.23 	0
 2.21 	 3.68 	 3.02 	1
 2.21 	 3.71 	 3.08 	0
 2.21 	 3.72 	 2.78 	1
 2.21 	 3.74 	 3.02 	1
 2.21 	 3.77 	 3.02 	1
 2.21  	 3.04 	 3.92 	0
 2.21  	 3.06 	 3.81 	1
 2.21  	 3.29  	 3.56  	2
 2.21  	 3.48  	 3.23 	2
 2.21  	 3.59 	 3.27  	2
 2.21  	 3.64  	 3.17  	2
 2.21  	 3.68 	 3.26 	1
 2.21  	 3.84  	 3.00  	0
 2.22 	 2.89 	 3.78 	1
 2.22 	 2.92 	 3.84 	0
 2.22 	 2.93 	 3.79 	2
 2.22 	 2.93 	 3.83 	0
 2.22 	 2.95 	 3.65 	2
 2.22 	 2.96 	 3.73 	1
 2.22 	 2.97 	 3.94 	1
 2.22 	 2.99 	 3.67 	1
 2.22 	 2.99 	 3.70 	1
 2.22 	 3.01 	 3.63 	1
 2.22 	 3.02 	 3.95 	0
 2.22 	 3.02 	 3.79  	2
 2.22 	 3.02 	 3.57 	2
 2.22 	 3.06 	 3.62 	1
 2.22 	 3.08 	 3.65 	0
 2.22 	 3.09 	 3.69 	0
 2.22 	 3.09 	 3.59 	1
 2.22 	 3.11	  3.79 	0
 2.22 	 3.11 	 3.45 	1
 2.22 	 3.11 	 3.61 	1
 2.22 	 3.12	 3.53 	1
 2.22 	 3.12 	  3.65  	1
 2.22 	 3.12 	 3.52 	2
 2.22 	 3.13 	 3.78 	1
 2.22 	 3.14 	 3.52 	2
 2.22 	 3.16 	 3.70 	2
 2.22 	 3.16 	 3.59 	2
 2.22 	 3.16 	 3.63 	1
 2.22 	 3.17 	 3.49 	1
 2.22 	 3.17 	 3.43 	1
 2.22 	 3.18 	 3.55 	1
 2.22 	 3.18 	 3.29 	1
 2.22 	 3.20 	 3.39 	2
 2.22 	 3.22 	 3.46 	0
 2.22 	 3.22 	 3.39 	1
 2.22 	 3.23 	 3.49 	2
 2.22 	 3.23 	 3.42 	0
 2.22 	 3.25 	 3.43 	0
 2.22 	 3.25 	 3.09 	1
 2.22 	 3.25 	 3.36 	1
 2.22 	 3.26 	 3.51 	1
 2.22 	 3.26 	 3.37 	1
 2.22 	 3.26 	 3.22 	2
 2.22 	 3.27 	 3.55 	1
 2.22 	 3.27 	 3.47 	0
 2.22 	 3.27 	 3.44 	1
 2.22 	 3.27 	 3.43 	2
 2.22 	 3.27 	 3.53  	2
 2.22 	 3.28 	 3.40 	1
 2.22 	 3.28 	 3.40 	1
 2.22 	 3.28 	 3.45 	0
 2.22 	 3.28 	 3.38 	0
 2.22 	 3.29 	 3.46 	1
 2.22 	 3.30 	 3.34 	0
 2.22 	 3.30 	 3.21 	0
 2.22 	 3.30 	 3.35 	0
 2.22 	 3.31 	 3.42 	0
 2.22 	 3.31 	 3.42  	1
 2.22 	 3.31 	 3.35 	1
 2.22 	 3.33 	 3.08 	0
 2.22 	 3.34 	 3.11 	1
 2.22 	 3.34 	 3.02 	0
 2.22 	 3.35 	 3.35 	1
 2.22 	 3.35 	 3.36 	1
 2.22 	 3.35 	 3.36 	1
 2.22 	 3.35 	 3.02 	1
 2.22 	 3.35 	 3.29 	0
 2.22 	 3.36 	 3.50 	1
 2.22 	 3.36 	 3.33 	2
 2.22 	 3.37 	 3.25 	2
 2.22 	 3.37 	 3.35 	0
 2.22 	 3.37 	 3.30 	1
 2.22 	 3.38 	 3.24 	1
 2.22 	 3.39 	 3.22 	0
 2.22 	 3.39 	 3.19 	1
 2.22 	 3.39 	 3.20 	0
 2.22 	 3.40 	 2.98 	0
 2.22 	 3.40 	 3.31 	0
 2.22 	 3.40  	 3.39 	1
 2.22 	 3.41 	 3.32 	1
 2.22 	 3.41 	 3.41 	0
 2.22 	 3.41 	 2.94 	2
 2.22 	 3.41 	 2.99 	0
 2.22 	 3.41 	 3.30 	1
 2.22 	 3.42 	 3.32 	1
 2.22 	 3.42 	 3.34 	2
 2.22 	 3.42 	 3.13 	0
 2.22 	 3.42 	 3.16 	0
 2.22 	 3.42 	 3.19 	1
 2.22 	 3.43 	 3.31 	1
 2.22 	 3.43 	 3.27 	2
 2.22 	 3.43 	 3.24 	2
 2.22 	 3.44 	 3.00 	2
 2.22 	 3.45 	 3.17 	1
 2.22 	 3.46 	 3.37 	2
 2.22 	 3.46 	 2.93 	1
 2.22 	 3.47 	 3.09 	1
 2.22 	 3.47 	 3.22 	2
 2.22 	 3.48 	 2.95 	1
 2.22 	 3.48 	 3.15  	1
 2.22 	 3.48  	 3.05 	2
 2.22 	 3.49 	 3.28 	1
 2.22 	 3.50 	 3.26 	1
 2.22 	 3.51 	 3.02 	1
 2.22 	 3.52 	 2.91 	1
 2.22 	 3.53 	 3.13 	1
 2.22 	 3.54 	 3.20 	1
 2.22 	 3.54 	 3.00 	2
 2.22 	 3.54  	 3.02 	2
 2.22 	 3.56 	 2.96 	1
 2.22 	 3.57 	 3.16 	0
 2.22 	 3.57 	 2.87 	1
 2.22 	 3.57 	 2.85 	0
 2.22 	 3.57 	 3.02 	1
 2.22 	 3.60 	 2.83 	2
 2.22 	 3.60 	 2.83 	1
 2.22 	 3.60 	 3.08 	0
 2.22 	 3.61 	 3.12 	0
 2.22 	 3.61 	 3.14 	0
 2.22 	 3.62 	 3.24 	1
 2.22 	 3.62 	 3.13 	0
 2.22 	 3.63 	 3.16 	1
 2.22 	 3.63 	 3.05  	2
 2.22 	 3.64 	 3.11 	1
 2.22 	 3.64 	 3.06	0
 2.22 	 3.66 	 3.11  	2
 2.22 	 3.68 	 3.18 	1
 2.22 	 3.68 	 2.99 	1
 2.22 	 3.69 	 3.05 	1
 2.22 	 3.69 	 3.00 	2
 2.22 	 3.70 	 3.10 	2
 2.22 	 3.82 	 2.98  	0
 2.22  	 3.05 	 3.63 	2
 2.22  	 3.35 	 3.26 	0
 2.22  	 3.40  	 3.27  	0
 2.22  	 3.54  	 3.16  	0
 2.22  	 3.64 	 3.22  	0
 2.22  	 4.00	 3.00	1
 2.22   	  3.44 	 3.38  	1
 2.22   	 3.42 	 3.42 	1
 2.23 	 3.00	 3.63 	2
 2.23 	 3.00 	 3.96 	1
 2.23 	 3.00 	 3.75 	0
 2.23 	 3.01 	 3.85 	0
 2.23 	 3.02 	 3.67 	2
 2.23 	 3.06 	 3.70 	0
 2.23 	 3.06 	 3.70 	2
 2.23 	 3.08 	 3.57  	2
 2.23 	 3.08 	 3.51 	1
 2.23 	 3.09 	 3.53 	0
 2.23 	 3.10 	 3.40 	1
 2.23 	 3.10 	 3.45 	0
 2.23 	 3.10 	 3.51 	0
 2.23 	 3.11 	 3.48 	0
 2.23 	 3.11 	 3.60 	1
 2.23 	 3.12 	 3.44 	2
 2.23 	 3.14 	 3.44 	0
 2.23 	 3.14  	 3.51 	2
 2.23 	 3.15 	 3.38 	1
 2.23 	 3.15 	 3.48 	0
 2.23 	 3.15 	 3.41 	0
 2.23 	 3.16 	 3.45 	2
 2.23 	 3.18 	 3.42 	2
 2.23 	 3.18 	 3.42 	0
 2.23 	 3.19 	 3.23 	0
 2.23 	 3.19 	 3.43 	1
 2.23 	 3.20 	 3.52 	2
 2.23 	 3.21 	 3.51 	2
 2.23 	 3.21  	 3.38 	1
 2.23 	 3.22 	 3.54 	1
 2.23 	 3.22 	 3.51 	2
 2.23 	 3.23 	 3.59 	1
 2.23 	 3.23 	 3.40 	0
 2.23 	 3.23 	 3.34 	2
 2.23 	 3.24 	 3.46 	0
 2.23 	 3.24 	 3.50 	1
 2.23 	 3.25 	 3.49 	1
 2.23 	 3.25 	 3.52 	0
 2.23 	 3.25 	 3.14 	1
 2.23 	 3.25 	 3.34 	0
 2.23 	 3.27 	 3.05 	0
 2.23 	 3.27 	 3.18 	0
 2.23 	 3.28 	 3.53 	2
 2.23 	 3.28 	 3.50 	2
 2.23 	 3.28 	 3.34 	0
 2.23 	 3.30 	 3.03 	0
 2.23 	 3.30 	 3.28 	1
 2.23 	 3.31 	 3.39 	2
 2.23 	 3.31 	 3.45 	2
 2.23 	 3.31 	 3.37 	2
 2.23 	 3.31 	 3.33 	2
 2.23 	 3.32 	 3.48 	0
 2.23 	 3.33 	 3.34 	1
 2.23 	 3.34 	 3.51 	2
 2.23 	 3.34 	 3.34 	1
 2.23 	 3.34 	 3.15 	1
 2.23 	 3.34  	 3.42 	1
 2.23 	 3.35 	 3.11 	0
 2.23 	 3.35 	 3.26 	1
 2.23 	 3.35  	 3.31 	0
 2.23 	 3.36 	 3.37 	2
 2.23 	 3.37 	 3.37 	1
 2.23 	 3.37 	 3.30 	0
 2.23 	 3.37 	 3.26 	1
 2.23 	 3.37  	 3.33 	2
 2.23 	 3.38 	 3.07  	0
 2.23 	 3.38 	 3.30 	1
 2.23 	 3.38 	 3.35 	0
 2.23 	 3.39 	 3.40 	1
 2.23 	 3.40 	 3.02 	0
 2.23 	 3.40  	 3.44 	0
 2.23 	 3.41 	 3.37 	1
 2.23 	 3.41 	 3.23 	2
 2.23 	 3.41 	 3.24 	1
 2.23 	 3.41 	 3.21 	2
 2.23 	 3.42 	 3.24 	2
 2.23 	 3.42 	 3.28 	0
 2.23 	 3.43 	 3.24 	0
 2.23 	 3.43 	 3.07 	0
 2.23 	 3.45 	 3.33 	2
 2.23 	 3.45 	 2.94  	1
 2.23 	 3.45 	 3.16 	1
 2.23 	 3.45 	 3.14 	1
 2.23 	 3.46 	 3.21 	1
 2.23 	 3.46 	 3.29 	0
 2.23 	 3.46 	 3.17 	1
 2.23 	 3.46 	 3.12 	1
 2.23 	 3.47 	 3.34 	0
 2.23 	 3.47 	 3.28 	1
 2.23 	 3.47 	 2.92 	2
 2.23 	 3.47 	 3.15 	1
 2.23 	 3.48 	 3.33  	0
 2.23 	 3.48 	 3.35 	1
 2.23 	 3.49 	 3.24 	1
 2.23 	 3.49 	 2.93 	1
 2.23 	 3.49 	 3.26 	0
 2.23 	 3.50 	 3.21 	1
 2.23 	 3.51 	 3.39 	2
 2.23 	 3.52 	 3.26 	1
 2.23 	 3.53 	 3.32 	1
 2.23 	 3.54 	 3.19 	2
 2.23 	 3.54 	 3.17 	1
 2.23 	 3.54 	 2.94 	2
 2.23 	 3.55 	 3.16 	1
 2.23 	 3.55 	 2.93 	2
 2.23 	 3.55 	 2.97 	2
 2.23 	 3.56 	 3.16 	2
 2.23 	 3.56 	 3.17 	1
 2.23 	 3.56 	 3.04 	1
 2.23 	 3.57 	 2.87 	0
 2.23 	 3.57 	 3.11 	2
 2.23 	 3.58 	 3.25 	1
 2.23 	 3.58 	 2.86 	1
 2.23 	 3.59 	 3.01 	1
 2.23 	 3.61 	 3.09 	1
 2.23 	 3.62 	 3.15 	1
 2.23 	 3.65 	 3.01 	2
 2.23 	 3.66 	 3.01 	1
 2.23 	 3.74 	 3.10 	0
 2.23 	 3.76 	 3.11	1
 2.23 	 3.83 	 2.90 	0
 2.23 	 3.84 	 2.89 	2
 2.23 	 3.90 	 2.83 	1
 2.23  	 3.13 	 3.67 	2
 2.23  	 3.24 	 3.61  	1
 2.23  	 3.40 	 3.41 	1
 2.23  	 3.41 	 3.12 	2
 2.23  	 3.43 	 3.27 	1
 2.23  	 3.66 	 3.19  	0
 2.23  	 3.81  	 2.98  	2
 2.23   	 3.62  	 3.21  	1
 2.24 	 2.94 	 3.90 	1
 2.24 	 2.94 	 3.74 	1
 2.24 	 2.94  	 3.75 	0
 2.24 	 2.95 	 3.59 	1
 2.24 	 2.96 	 3.85 	1
 2.24 	 3.01 	 3.59 	0
 2.24 	 3.02 	 3.71 	2
 2.24 	 3.03 	 3.87 	2
 2.24 	 3.04 	 3.59 	0
 2.24 	 3.04 	 3.70 	2
 2.24 	 3.04 	 3.48 	2
 2.24 	 3.06 	 3.83 	1
 2.24 	 3.06 	 3.86 	1
 2.24 	 3.08 	 3.79 	2
 2.24 	 3.09 	 3.43 	0
 2.24 	 3.10 	 3.52 	0
 2.24 	 3.11 	 3.63 	1
 2.24 	 3.11 	 3.64 	2
 2.24 	 3.12 	 3.42 	1
 2.24 	 3.13 	 3.22 	0
 2.24 	 3.14 	 3.38 	0
 2.24 	 3.14 	 3.57 	1
 2.24 	 3.15 	 3.55 	0
 2.24 	 3.15 	 3.55 	2
 2.24 	 3.15 	 3.48 	2
 2.24 	 3.16 	 3.35 	1
 2.24 	 3.16 	 3.46 	1
 2.24 	 3.17 	 3.39  	1
 2.24 	 3.17 	 3.58 	2
 2.24 	 3.19 	 3.63 	0
 2.24 	 3.19 	 3.45 	2
 2.24 	 3.19 	 3.47 	0
 2.24 	 3.20 	 3.55 	0
 2.24 	 3.20 	 3.56 	1
 2.24 	 3.20 	 3.49 	2
 2.24 	 3.20 	 3.46 	2
 2.24 	 3.20 	 3.40 	2
 2.24 	 3.20 	 3.35 	0
 2.24 	 3.21 	 3.57 	2
 2.24 	 3.21 	 3.36 	1
 2.24 	 3.21 	 3.35 	2
 2.24 	 3.22 	 3.40 	0
 2.24 	 3.23 	 3.38 	1
 2.24 	 3.24 	 3.45 	1
 2.24 	 3.25 	 3.36 	0
 2.24 	 3.25 	 3.46 	0
 2.24 	 3.25 	 3.41 	1
 2.24 	 3.25 	 3.20 	1
 2.24 	 3.25 	 3.28 	1
 2.24 	 3.26 	 3.37 	0
 2.24 	 3.26 	 3.34 	2
 2.24 	 3.27 	 3.47 	1
 2.24 	 3.27 	 3.20 	2
 2.24 	 3.28 	 3.40 	2
 2.24 	 3.28 	 3.30 	0
 2.24 	 3.28 	 3.27 	2
 2.24 	 3.28  	 3.34 	1
 2.24 	 3.29 	 3.26 	0
 2.24 	 3.30 	 3.47 	1
 2.24 	 3.30 	 3.36 	0
 2.24 	 3.30 	 3.22 	1
 2.24 	 3.30 	 3.23 	0
 2.24 	 3.31 	 3.38 	1
 2.24 	 3.31 	 3.39  	1
 2.24 	 3.31 	 3.27 	0
 2.24 	 3.32 	 3.43 	2
 2.24 	 3.32 	 3.45 	0
 2.24 	 3.32 	 3.46 	1
 2.24 	 3.32 	 3.23 	0
 2.24 	 3.33 	 3.35 	1
 2.24 	 3.33 	 3.36 	1
 2.24 	 3.33 	 3.16 	2
 2.24 	 3.33 	 3.29 	2
 2.24 	 3.34 	 3.31 	1
 2.24 	 3.34 	 3.43 	1
 2.24 	 3.34 	 3.40 	2
 2.24 	 3.35 	 3.10 	1
 2.24 	 3.36 	 3.43 	2
 2.24 	 3.36 	 3.30 	1
 2.24 	 3.36 	 3.25  	1
 2.24 	 3.36  	 3.10 	0
 2.24 	 3.37 	 3.32 	0
 2.24 	 3.37 	 3.23 	1
 2.24 	 3.38 	 3.08 	0
 2.24 	 3.38 	 3.22 	0
 2.24 	 3.39 	 3.33 	0
 2.24 	 3.39 	 3.02 	0
 2.24 	 3.40 	 3.29  	1
 2.24 	 3.40 	 3.24 	1
 2.24 	 3.40 	 3.07 	2
 2.24 	 3.41 	 3.28 	2
 2.24 	 3.42 	 2.86 	1
 2.24 	 3.42 	 3.13 	1
 2.24 	 3.43  	 3.38 	1
 2.24 	 3.44 	 3.14 	1
 2.24 	 3.44  	 3.08 	2
 2.24 	 3.44   	 3.31  	0
 2.24 	 3.45 	 3.30 	1
 2.24 	 3.45 	 3.19 	2
 2.24 	 3.47 	 3.23 	2
 2.24 	 3.47 	 3.15 	1
 2.24 	 3.48 	 3.01 	2
 2.24 	 3.48 	 2.90 	2
 2.24 	 3.50 	 3.14  	2
 2.24 	 3.50 	 3.19 	0
 2.24 	 3.50 	 3.18 	1
 2.24 	 3.50  	 3.33 	1
 2.24 	 3.52 	 3.16 	0
 2.24 	 3.52 	 2.88 	0
 2.24 	 3.53 	 3.18 	0
 2.24 	 3.53 	 2.93 	2
 2.24 	 3.56 	 3.17 	1
 2.24 	 3.56   	 3.20 	0
 2.24 	 3.57 	 3.10 	2
 2.24 	 3.57 	 2.92 	0
 2.24 	 3.58 	 2.84 	0
 2.24 	 3.60 	 2.90 	2
 2.24 	 3.63 	 3.13  	2
 2.24 	 3.64 	 3.08 	1
 2.24 	 3.64 	 2.76 	0
 2.24 	 3.64 	 2.78 	0
 2.24 	 3.64 	 2.77 	1
 2.24 	 3.65  	 3.06 	1
 2.24 	 3.66 	 2.95 	2
 2.24 	 3.67  	 3.03 	1
 2.24 	 3.71 	 3.07 	2
 2.24 	 3.81 	 2.67 	1
 2.24 	 3.85  	 2.92 	2
 2.24 	 4.05  	 2.94  	1
 2.24  	 2.81 	 3.85 	0
 2.24  	 3.38  	 3.34  	2
 2.24  	 3.44 	 3.12 	1
 2.24  	 3.94  	 2.90  	0
 2.24   	 3.30 	 3.36 	0
 2.24   	 3.41 	 3.18 	0
 2.25 	 2.90 	 3.81 	1
 2.25 	 2.90 	 3.78 	0
 2.25 	 2.91 	 3.80 	1
 2.25 	 2.95 	 3.63 	2
 2.25 	 2.96 	 3.56 	0
 2.25 	 2.96 	 3.68 	0
 2.25 	 2.99 	 3.55 	0
 2.25 	 3.00 	 3.58 	0
 2.25 	 3.03 	 3.68 	2
 2.25 	 3.03 	 3.43 	0
 2.25 	 3.04 	 3.58 	1
 2.25 	 3.06 	 3.54  	2
 2.25 	 3.10 	 3.30 	1
 2.25 	 3.11 	 3.39 	1
 2.25 	 3.11 	 3.48 	1
 2.25 	 3.13 	 3.49 	2
 2.25 	 3.14 	 3.46   	2
 2.25 	 3.14 	 3.47 	0
 2.25 	 3.14 	 3.57 	1
 2.25 	 3.15 	 3.52 	2
 2.25 	 3.16 	 3.30 	0
 2.25 	 3.17 	 3.60 	1
 2.25 	 3.18 	 3.61 	1
 2.25 	 3.18 	 3.30 	0
 2.25 	 3.18 	 3.37 	1
 2.25 	 3.18 	 3.44 	0
 2.25 	 3.19 	 3.61 	1
 2.25 	 3.19 	 3.41 	1
 2.25 	 3.19 	 3.38 	0
 2.25 	 3.21 	 3.23 	2
 2.25 	 3.21 	 3.38 	0
 2.25 	 3.21 	 3.21 	0
 2.25 	 3.22 	 3.55 	2
 2.25 	 3.22 	 3.47 	2
 2.25 	 3.22 	 3.34 	2
 2.25 	 3.22 	 3.48 	2
 2.25 	 3.22 	 3.21 	1
 2.25 	 3.23 	 3.28 	1
 2.25 	 3.23 	 3.35 	1
 2.25 	 3.23 	 3.45 	1
 2.25 	 3.25 	 3.54  	0
 2.25 	 3.25 	 3.28 	1
 2.25 	 3.25 	 3.45 	1
 2.25 	 3.25 	 3.35 	1
 2.25 	 3.25 	 3.27 	1
 2.25 	 3.26 	 3.48 	2
 2.25 	 3.27 	 3.28 	2
 2.25 	 3.28 	 3.40 	0
 2.25 	 3.28 	 3.25 	1
 2.25 	 3.28 	 3.21 	1
 2.25 	 3.31 	 3.30 	1
 2.25 	 3.31 	 3.43 	1
 2.25 	 3.31 	 3.35 	1
 2.25 	 3.31 	 3.25 	0
 2.25 	 3.32 	 3.47 	2
 2.25 	 3.32 	 3.33 	2
 2.25 	 3.33 	 3.39 	1
 2.25 	 3.33 	 3.28 	0
 2.25 	 3.33 	 3.27 	0
 2.25 	 3.33 	 3.32 	1
 2.25 	 3.33 	 3.18 	1
 2.25 	 3.34 	 3.32 	1
 2.25 	 3.34 	 3.32 	1
 2.25 	 3.35 	 2.96 	1
 2.25 	 3.36 	 3.29 	1
 2.25 	 3.36 	 3.10 	2
 2.25 	 3.36 	 2.96  	1
 2.25 	 3.37 	 3.13 	0
 2.25 	 3.37 	 2.95 	0
 2.25 	 3.37 	 2.98  	0
 2.25 	 3.37 	 3.17 	2
 2.25 	 3.37 	 3.11 	2
 2.25 	 3.38 	 3.39 	0
 2.25 	 3.38 	 3.33 	2
 2.25 	 3.38 	 3.19 	1
 2.25 	 3.39 	 3.33 	1
 2.25 	 3.39 	 3.28 	2
 2.25 	 3.40 	 3.32 	1
 2.25 	 3.40 	 3.30 	1
 2.25 	 3.41 	 3.29 	1
 2.25 	 3.41 	 3.16 	2
 2.25 	 3.41 	 3.07 	2
 2.25 	 3.43 	 3.35 	2
 2.25 	 3.43 	 3.21 	1
 2.25 	 3.44 	 2.91 	2
 2.25 	 3.47 	 3.27 	1
 2.25 	 3.47 	 3.17 	2
 2.25 	 3.48 	 2.86 	0
 2.25 	 3.48 	 3.09 	2
 2.25 	 3.49 	 3.08 	1
 2.25 	 3.50 	 3.19 	1
 2.25 	 3.51 	 3.12 	0
 2.25 	 3.52 	 2.81 	0
 2.25 	 3.53 	 3.26  	0
 2.25 	 3.53 	 3.23 	0
 2.25 	 3.53 	 3.06 	1
 2.25 	 3.53 	 2.78 	0
 2.25 	 3.54 	 2.95 	1
 2.25 	 3.54  	 3.13 	0
 2.25 	 3.57 	 3.09 	2
 2.25 	 3.57 	 2.98 	0
 2.25 	 3.58 	 2.75 	1
 2.25 	 3.60 	 3.06 	1
 2.25 	 3.61  	 3.18 	2
 2.25 	 3.62 	 3.01 	1
 2.25 	 3.63 	 2.93 	0
 2.25 	 3.64 	 2.98 	2
 2.25 	 3.65  	 3.03 	1
 2.25 	 3.70 	 3.13  	1
 2.25 	 3.72 	 3.90  	2
 2.25 	 3.75 	 2.73 	1
 2.25 	 3.76 	 3.00 	2
 2.25 	 3.76 	 2.91 	0
 2.25 	 3.78 	 2.95 	2
 2.25 	 3.82 	 2.71 	2
 2.25 	 3.91 	 2.84 	1
 2.25  	 3.15 	 3.64 	2
 2.25  	 3.21   	 3.26 	1
 2.25  	 3.26 	 3.35 	0
 2.25  	 3.31 	 3.33  	1
 2.25  	 3.32 	 2.98 	0
 2.25  	 3.34 	 3.26 	1
 2.25  	 3.38 	 3.22 	2
 2.25  	 3.45  	 3.30  	1
 2.25  	 3.46 	 3.19 	2
 2.25  	 3.48 	 3.17 	1
 2.25  	 3.52  	 3.11  	1
 2.25  	 3.54  	 3.11  	0
 2.25  	 3.62  	  3.05  	1
 2.26 	 2.90 	 3.72 	0
 2.26 	 2.98 	 3.57 	1
 2.26 	 2.99 	 3.49 	0
 2.26 	 3.0 	 3.30 	2
 2.26 	 3.02 	 3.46 	2
 2.26 	 3.03 	 3.56 	1
 2.26 	 3.05 	 3.51 	0
 2.26 	 3.05 	 3.68 	1
 2.26 	 3.05 	 3.53 	0
 2.26 	 3.06 	 3.48 	1
 2.26 	 3.08 	 3.76 	2
 2.26 	 3.08 	 3.50 	2
 2.26 	 3.10 	 3.40 	1
 2.26 	 3.10 	 3.64 	0
 2.26 	 3.11 	 3.46 	0
 2.26 	 3.13 	 3.44 	0
 2.26 	 3.13 	 3.44 	1
 2.26 	 3.13 	 3.46 	1
 2.26 	 3.14 	 3.50 	2
 2.26 	 3.14 	 3.41 	1
 2.26 	 3.15 	 3.58 	0
 2.26 	 3.16 	 3.42 	2
 2.26 	 3.16 	 3.23 	1
 2.26 	 3.16 	 3.43 	2
 2.26 	 3.18 	 3.37 	2
 2.26 	 3.19 	 3.44 	1
 2.26 	 3.20 	 3.41 	1
 2.26 	 3.21 	 3.52 	1
 2.26 	 3.21 	 3.35 	1
 2.26 	 3.22 	 3.44 	2
 2.26 	 3.22  	 3.40 	2
 2.26 	 3.24 	 3.31 	0
 2.26 	 3.25 	 3.48 	1
 2.26 	 3.25 	 3.54 	1
 2.26 	 3.27 	 3.49  	1
 2.26 	 3.27 	 3.37 	2
 2.26 	 3.27 	 3.33 	1
 2.26 	 3.27 	 3.18 	0
 2.26 	 3.27 	 3.14 	0
 2.26 	 3.28 	 3.47 	1
 2.26 	 3.28 	 3.43 	2
 2.26 	 3.28  	 3.45 	0
 2.26 	 3.29 	 3.34 	0
 2.26 	 3.29 	 3.33 	1
 2.26 	 3.29 	 3.34 	1
 2.26 	 3.29 	 3.44 	2
 2.26 	 3.30 	 3.25 	2
 2.26 	 3.30 	 3.27 	1
 2.26 	 3.31 	 3.43 	2
 2.26 	 3.31 	 3.25 	2
 2.26 	 3.31 	 3.34 	0
 2.26 	 3.32 	 2.97 	0
 2.26 	 3.32 	 3.29 	1
 2.26 	 3.32 	 3.28 	0
 2.26 	 3.32 	 3.20 	1
 2.26 	 3.33 	 3.25 	2
 2.26 	 3.33 	 3.25 	1
 2.26 	 3.33 	 2.95 	0
 2.26 	 3.34 	 3.31 	1
 2.26 	 3.35 	 3.18 	1
 2.26 	 3.35 	 3.13 	2
 2.26 	 3.36 	 3.19 	0
 2.26 	 3.36 	 3.14 	2
 2.26 	 3.37 	 3.28 	0
 2.26 	 3.37 	 3.26 	1
 2.26 	 3.38 	 3.36  	1
 2.26 	 3.38 	 3.19 	1
 2.26 	 3.38 	 2.93 	2
 2.26 	 3.38 	 3.12 	0
 2.26 	 3.38 	 3.12 	0
 2.26 	 3.39 	 3.25 	1
 2.26 	 3.39 	 3.25 	1
 2.26 	 3.39 	 3.30 	1
 2.26 	 3.39 	 3.27 	0
 2.26 	 3.39 	 3.25 	1
 2.26 	 3.40 	 3.26 	2
 2.26 	 3.40 	 3.32 	1
 2.26 	 3.40 	 3.24 	1
 2.26 	 3.41 	 3.27 	0
 2.26 	 3.41 	 3.25 	1
 2.26 	 3.41 	 3.27 	2
 2.26 	 3.43 	 2.87 	0
 2.26 	 3.43 	 2.90 	2
 2.26 	 3.43 	 3.13 	1
 2.26 	 3.44 	 3.19 	1
 2.26 	 3.44 	 2.97  	1
 2.26 	 3.44 	 3.15 	1
 2.26 	 3.45 	 3.12 	2
 2.26 	 3.45 	 2.98 	0
 2.26 	 3.45 	 3.10	1
 2.26 	 3.45 	 3.09 	1
 2.26 	 3.47 	 3.05 	2
 2.26 	 3.47  	 3.27  	2
 2.26 	 3.48 	 2.84 	2
 2.26 	 3.49 	 3.17 	1
 2.26 	 3.50 	 3.36 	2
 2.26 	 3.51 	 3.00 	1
 2.26 	 3.52 	 3.45  	0
 2.26 	 3.53 	 3.12 	2
 2.26 	 3.53 	 2.93 	2
 2.26 	 3.55 	 3.19  	1
 2.26 	 3.56 	 3.16 	0
 2.26 	 3.56 	 3.17  	2
 2.26 	 3.57 	 3.10 	1
 2.26 	 3.57 	 3.09 	2
 2.26 	 3.57 	 2.89 	1
 2.26 	 3.58 	 3.06 	2
 2.26 	 3.58 	 3.06 	0
 2.26 	 3.58 	 2.92 	0
 2.26 	 3.61 	 3.12 	2
 2.26 	 3.61 	 3.01 	1
 2.26 	 3.62 	 3.18 	1
 2.26 	 3.63 	 3.16 	1
 2.26 	 3.63 	 3.15 	1
 2.26 	 3.64 	 2.82 	1
 2.26 	 3.65 	 2.74 	1
 2.26 	 3.66 	 3.03 	0
 2.26 	 3.66   	 3.09	1
 2.26 	 3.73 	 3.08 	1
 2.26 	 3.73 	 2.98 	2
 2.26 	 3.75 	 3.06 	1
 2.26 	 3.75 	 3.00 	1
 2.26 	 3.78 	 3.03	0
 2.26 	 3.97 	 2.87 	1
 2.26  	 3.03 	 3.42  	0
 2.26  	 3.13 	 3.39 	0
 2.26  	 3.14 	 3.58 	0
 2.26  	 3.24 	 3.56 	1
 2.26  	 3.39 	 3.27 	2
 2.26  	 3.47 	 2.96 	1
 2.26  	 3.47  	 3.04 	2
 2.26  	 3.57  	 3.18  	0
 2.26  	 3.91 	 2.96 	1
 2.27 	 2.77 	 3.97 	2
 2.27 	 2.80 	 4.03 	1
 2.27 	 2.94 	 3.87 	0
 2.27 	 2.99 	 3.51 	1
 2.27 	 3.03 	 3.46 	0
 2.27 	 3.06 	 3.76 	1
 2.27 	 3.06 	 3.73 	0
 2.27 	 3.07 	 3.44 	0
 2.27 	 3.10 	 3.70 	1
 2.27 	 3.10 	 3.66 	0
 2.27 	 3.11 	 3.62 	1
 2.27 	 3.11 	 3.31 	1
 2.27 	 3.12 	 3.54 	1
 2.27 	 3.15 	 3.41 	2
 2.27 	 3.15 	 3.41 	2
 2.27 	 3.16 	 3.23 	0
 2.27 	 3.16 	 3.30 	1
 2.27 	 3.16 	 3.43  	1
 2.27 	 3.16 	 3.21 	1
 2.27 	 3.20 	 3.12 	1
 2.27 	 3.21 	 3.39 	0
 2.27 	 3.23 	 3.27 	0
 2.27 	 3.24 	 3.47 	1
 2.27 	 3.24 	 3.35 	1
 2.27 	 3.25 	 3.45 	2
 2.27 	 3.25 	 3.25  	0
 2.27 	 3.25 	 3.18 	2
 2.27 	 3.26 	 3.31 	0
 2.27 	 3.26 	 3.38 	0
 2.27 	 3.27 	 3.35 	0
 2.27 	 3.27 	 3.09 	1
 2.27 	 3.27 	 3.30 	2
 2.27 	 3.27 	 3.26 	0
 2.27 	 3.27 	 3.26 	1
 2.27 	 3.27 	 3.27 	1
 2.27 	 3.28 	 3.22 	0
 2.27 	 3.28 	 3.39 	1
 2.27 	 3.28 	 3.15 	0
 2.27 	 3.29 	 3.31 	0
 2.27 	 3.29 	 3.06 	2
 2.27 	 3.29 	 3.11 	0
 2.27 	 3.30 	 3.43 	2
 2.27 	 3.30 	 3.31 	2
 2.27 	 3.30 	 3.32 	1
 2.27 	 3.31 	 3.20 	1
 2.27 	 3.31  	 3.38  	1
 2.27 	 3.32 	 3.39 	1
 2.27 	 3.32 	 3.31 	2
 2.27 	 3.32 	 3.26 	1
 2.27 	 3.32 	 3.20 	0
 2.27 	 3.33 	 3.26 	1
 2.27 	 3.34 	 3.29 	2
 2.27 	 3.34 	 2.98 	2
 2.27 	 3.35 	 3.22 	0
 2.27 	 3.35 	 3.29 	1
 2.27 	 3.35 	 2.94 	1
 2.27 	 3.35 	 3.14 	1
 2.27 	 3.35 	 3.17 	2
 2.27 	 3.36 	 3.29 	1
 2.27 	 3.36 	 3.35 	1
 2.27 	 3.36 	 3.14 	1
 2.27 	 3.36 	 3.15 	0
 2.27 	 3.37 	 3.01 	2
 2.27 	 3.37 	 2.96 	1
 2.27 	 3.38 	 3.03  	0
 2.27 	 3.38 	 3.16 	1
 2.27 	 3.39 	 3.32 	2
 2.27 	 3.39 	 2.97 	2
 2.27 	 3.40 	 3.24 	2
 2.27 	 3.40 	 3.20 	2
 2.27 	 3.40 	 3.26 	1
 2.27 	 3.41 	 3.16 	2
 2.27 	 3.42 	 3.19 	2
 2.27 	 3.42 	 3.25 	1
 2.27 	 3.42 	 2.95 	2
 2.27 	 3.42 	 2.96 	0
 2.27 	 3.43 	 3.22 	0
 2.27 	 3.43 	 3.06 	0
 2.27 	 3.44 	 2.96 	0
 2.27 	 3.44 	 2.87 	1
 2.27 	 3.45 	 3.17 	0
 2.27 	 3.46 	 2.89  	1
 2.27 	 3.47 	 3.12 	0
 2.27 	 3.47 	 2.86 	2
 2.27 	 3.47 	 3.07 	2
 2.27 	 3.49 	 3.15 	0
 2.27 	 3.50 	 3.21 	0
 2.27 	 3.50 	 2.94 	1
 2.27 	 3.50 	 2.86 	1
 2.27 	 3.52 	 2.82 	1
 2.27 	 3.53 	 3.14 	1
 2.27 	 3.53 	 2.81 	2
 2.27 	 3.53 	 2.82 	1
 2.27 	 3.54 	 3.20 	2
 2.27 	 3.54 	 2.90 	1
 2.27 	 3.55 	 3.04 	2
 2.27 	 3.55 	 2.98 	2
 2.27 	 3.56 	 3.01 	1
 2.27 	 3.57 	 3.07 	0
 2.27 	 3.58 	 3.10 	0
 2.27 	 3.59  	 2.78 	0
 2.27 	 3.60 	 3.03 	1
 2.27 	 3.62 	 3.07 	0
 2.27 	 3.63 	 2.95 	1
 2.27 	 3.64 	 2.75 	1
 2.27 	 3.66 	 2.85 	1
 2.27 	 3.69 	 3.08 	2
 2.27 	 3.69 	 2.96 	2
 2.27 	 3.72 	 2.95 	0
 2.27  	 2.94 	 3.92 	1
 2.27  	 3.04 	 3.52 	0
 2.27  	 3.28 	 3.46 	1
 2.27  	 3.32 	 3.31 	0
 2.27  	 3.36  	 3.23  	0
 2.27  	 3.39 	 3.18 	1
 2.27  	 3.40 	 3.20 	0
 2.27  	 3.49 	 3.30 	1
 2.27  	 3.53  	 3.17  	1
 2.27  	 3.62 	 2.95 	2
 2.28 	 2.78 	 3.87 	2
 2.28 	 2.79  	 3.89 	2
 2.28 	 2.88 	 3.68 	1
 2.28 	 2.90 	 3.68 	0
 2.28 	 2.92 	 3.68 	1
 2.28 	 2.96 	 3.45 	2
 2.28 	 2.97 	 3.63 	1
 2.28 	 3.00 	 3.55 	1
 2.28 	 3.00 	 3.52 	1
 2.28 	 3.02 	 3.71 	2
 2.28 	 3.02 	 3.55 	0
 2.28 	 3.03 	 3.54 	1
 2.28 	 3.07 	 3.53 	0
 2.28 	 3.08 	 3.57 	2
 2.28 	 3.08 	 3.45 	0
 2.28 	 3.08 	 3.60 	2
 2.28 	 3.09 	 3.54 	1
 2.28 	 3.09 	 3.45  	1
 2.28 	 3.09 	 3.38 	1
 2.28 	 3.11 	 3.47 	0
 2.28 	 3.12 	 3.51 	0
 2.28 	 3.12 	 3.42 	1
 2.28 	 3.12 	 3.42 	2
 2.28 	 3.13 	 3.40 	1
 2.28 	 3.13 	 3.39 	1
 2.28 	 3.14 	 3.47  	0
 2.28 	 3.15 	 3.41 	2
 2.28 	 3.16 	 3.55 	1
 2.28 	 3.16 	 3.28 	0
 2.28 	 3.18 	 3.52 	0
 2.28 	 3.18 	 3.54 	1
 2.28 	 3.18 	 3.43 	2
 2.28 	 3.18 	 3.21 	0
 2.28 	 3.19 	 3.37 	2
 2.28 	 3.19 	 3.31 	2
 2.28 	 3.20 	 3.27 	2
 2.28 	 3.20 	 3.40 	1
 2.28 	 3.21 	 3.52 	0
 2.28 	 3.21 	 3.35 	0
 2.28 	 3.21 	 3.29 	1
 2.28 	 3.21 	 3.38 	1
 2.28 	 3.21 	 3.43 	1
 2.28 	 3.22 	 3.48 	0
 2.28 	 3.23 	 3.31 	1
 2.28 	 3.23 	 3.33 	2
 2.28 	 3.23  	 3.49 	0
 2.28 	 3.24 	 3.26 	1
 2.28 	 3.25 	 3.33 	0
 2.28 	 3.25 	 3.29 	1
 2.28 	 3.26 	 3.23 	0
 2.28 	 3.27 	 3.40 	1
 2.28 	 3.28 	 3.43 	0
 2.28 	 3.28 	 3.28 	1
 2.28 	 3.28 	 2.97 	1
 2.28 	 3.29 	 3.35 	1
 2.28 	 3.29 	 3.33 	1
 2.28 	 3.29 	 2.98 	0
 2.28 	 3.30 	 3.40 	2
 2.28 	 3.30 	 3.38  	2
 2.28 	 3.30 	 3.27 	0
 2.28 	 3.30 	 3.28 	1
 2.28 	 3.30 	 3.30 	1
 2.28 	 3.30 	 3.21 	2
 2.28 	 3.30 	 3.21 	2
 2.28 	 3.30 	 3.20 	2
 2.28 	 3.31 	 3.19 	0
 2.28 	 3.32 	 3.31 	1
 2.28 	 3.32 	 3.22 	2
 2.28 	 3.33 	 3.40 	2
 2.28 	 3.33 	 3.39 	1
 2.28 	 3.33 	 3.36 	0
 2.28 	 3.33 	 3.20 	1
 2.28 	 3.33 	 3.31 	2
 2.28 	 3.34 	 3.33 	1
 2.28 	 3.35 	 3.06 	0
 2.28 	 3.35 	 2.89 	2
 2.28 	 3.35 	 3.11 	0
 2.28 	 3.36 	 3.29  	2
 2.28 	 3.38 	 2.86  	1
 2.28 	 3.38 	 3.12 	1
 2.28 	 3.38 	 2.91 	0
 2.28 	 3.38 	 3.15 	0
 2.28 	 3.39 	 3.31 	0
 2.28 	 3.39 	 3.19 	1
 2.28 	 3.39 	 3.17 	2
 2.28 	 3.39 	 2.98  	2
 2.28 	 3.39 	 3.09 	2
 2.28 	 3.40 	 3.00 	0
 2.28 	 3.40 	 3.22 	2
 2.28 	 3.40 	 3.21 	1
 2.28 	 3.40 	 2.98 	1
 2.28 	 3.40 	 2.89 	0
 2.28 	 3.40 	 3.09 	2
 2.28 	 3.41 	 3.26 	1
 2.28 	 3.41 	 2.88 	2
 2.28 	 3.41 	 3.18 	2
 2.28 	 3.41 	 3.07 	2
 2.28 	 3.43 	 3.09 	1
 2.28 	 3.44 	 3.12 	1
 2.28 	 3.45 	 2.97 	1
 2.28 	 3.47 	 3.18 	1
 2.28 	 3.47 	 2.88 	1
 2.28 	 3.47 	 2.95 	2
 2.28 	 3.47 	 2.85 	1
 2.28 	 3.48 	 3.09 	2
 2.28 	 3.48 	 3.14 	2
 2.28 	 3.48 	 3.12 	0
 2.28 	 3.48 	 3.06 	1
 2.28 	 3.49 	 3.21 	2
 2.28 	 3.49 	 3.11 	2
 2.28 	 3.49 	 3.08 	2
 2.28 	 3.49 	 3.13  	0
 2.28 	 3.49  	 3.10 	2
 2.28 	 3.50 	 3.15 	0
 2.28 	 3.50 	 3.00 	2
 2.28 	 3.51 	 3.09 	2
 2.28 	 3.51 	 2.85 	1
 2.28 	 3.51 	 3.02 	1
 2.28 	 3.52 	 3.18 	0
 2.28 	 3.52 	 2.82 	1
 2.28 	 3.53 	 2.83 	0
 2.28 	 3.54 	 2.88 	0
 2.28 	 3.54 	 3.00 	0
 2.28 	 3.55 	 2.76  	1
 2.28 	 3.56 	 3.05 	2
 2.28 	 3.58 	 3.01  	0
 2.28 	 3.60 	 3.04 	0
 2.28 	 3.63 	 3.13 	1
 2.28 	 3.68 	 3.00 	2
 2.28 	 3.69 	 2.87 	1
 2.28 	 3.76 	 2.98 	0
 2.28 	 3.76 	 2.94 	1
 2.28 	 3.80 	 2.92 	2
 2.28 	 3.90 	 3.04 	1
 2.28 	 3.90 	 2.92 	0
 2.28  	  3.45  	 3.10  	2
 2.28  	 3.12 	 3.65  	1
 2.28  	 3.18 	 3.56 	1
 2.28  	 3.23  	 3.40 	0
 2.28  	 3.27 	 3.27 	2
 2.28  	 3.30  	 3.41  	0
 2.28  	 3.31 	 3.25 	0
 2.28  	 3.37 	 3.36 	0
 2.28  	 3.46  	 3.17  	1
 2.28  	 3.54  	 3.10  	1
 2.28  	 3.57 	 3.01 	1
 2.28  	 3.93  	 2.91  	2
 2.29 	 2.87 	 3.83 	2
 2.29 	 2.91 	 3.89 	1
 2.29 	 2.93 	 3.58 	1
 2.29 	 3.00 	 3.73 	2
 2.29 	 3.01 	 3.41 	1
 2.29 	 3.02 	 3.40 	0
 2.29 	 3.03 	 3.47 	0
 2.29 	 3.04 	 3.60 	2
 2.29 	 3.04 	 3.52 	2
 2.29 	 3.04 	 3.52 	2
 2.29 	 3.04 	 3.42 	0
 2.29 	 3.05 	 3.48 	0
 2.29 	 3.06 	 3.34 	2
 2.29 	 3.06 	 3.55 	1
 2.29 	 3.08	 3.45 	1
 2.29 	 3.10 	 3.50 	2
 2.29 	 3.11	 3.50 	0
 2.29 	 3.11	 3.35 	1
 2.29 	 3.11 	 3.39 	1
 2.29 	 3.12 	 3.35 	0
 2.29 	 3.13 	 3.33 	2
 2.29 	 3.14 	 3.49 	2
 2.29 	 3.14 	 3.48 	1
 2.29 	 3.15  	 2.60 	2
 2.29 	 3.17 	 3.29 	1
 2.29 	 3.18 	 3.34 	2
 2.29 	 3.18 	 3.30 	1
 2.29 	 3.19 	 3.47 	0
 2.29 	 3.19 	 3.34 	2
 2.29 	 3.19 	 3.34 	2
 2.29 	 3.21 	 3.24 	2
 2.29 	 3.22 	 3.30 	1
 2.29 	 3.22 	 3.22 	0
 2.29 	 3.23 	 3.42 	1
 2.29 	 3.23 	 3.25 	1
 2.29 	 3.23 	 3.34 	1
 2.29 	 3.24 	 3.37 	1
 2.29 	 3.25 	 3.28 	2
 2.29 	 3.26 	 3.42 	2
 2.29 	 3.26 	 3.22 	0
 2.29 	 3.26 	 3.35 	1
 2.29 	 3.26 	 3.21 	1
 2.29 	 3.27 	 3.22 	0
 2.29 	 3.28 	 3.41 	1
 2.29 	 3.29 	 3.39 	2
 2.29 	 3.29 	 3.18 	0
 2.29 	 3.31 	 3.13 	0
 2.29 	 3.32 	 3.33 	0
 2.29 	 3.33 	 3.12 	1
 2.29 	 3.34 	 3.33 	2
 2.29 	 3.34 	 3.15 	2
 2.29 	 3.35 	 3.17  	2
 2.29 	 3.35 	 3.23 	0
 2.29 	 3.36 	 2.89 	1
 2.29 	 3.36 	 3.12 	0
 2.29 	 3.37 	 3.09 	1
 2.29 	 3.37 	 3.09 	1
 2.29 	 3.38  	 3.20 	2
 2.29 	 3.39 	 3.21 	0
 2.29 	 3.40 	 3.21 	1
 2.29 	 3.41 	 3.21 	0
 2.29 	 3.41 	 2.90 	2
 2.29 	 3.43 	 3.15 	0
 2.29 	 3.43 	 3.17 	2
 2.29 	 3.44 	 2.93 	0
 2.29 	 3.45 	 3.20 	2
 2.29 	 3.45 	 3.09 	2
 2.29 	 3.45  	 3.23 	1
 2.29 	 3.46 	 3.07 	1
 2.29 	 3.47 	 2.80 	1
 2.29 	 3.47 	 3.03 	2
 2.29 	 3.48 	 2.79   	2
 2.29 	 3.49 	 3.01 	2
 2.29 	 3.50 	 3.11	0
 2.29 	 3.50 	 2.90 	1
 2.29 	 3.50 	 2.94 	1
 2.29 	 3.51 	 3.17  	2
 2.29 	 3.51 	 3.11 	1
 2.29 	 3.51 	 2.89 	1
 2.29 	 3.51 	 3.08 	1
 2.29 	 3.53 	 3.13 	0
 2.29 	 3.53 	 3.07 	2
 2.29 	 3.54 	 2.92 	0
 2.29 	 3.54 	 3.10 	2
 2.29 	 3.54 	 2.88 	2
 2.29 	 3.56 	 3.16 	1
 2.29 	 3.57 	 3.12 	1
 2.29 	 3.58 	 3.01 	1
 2.29 	 3.59 	 3.11 	0
 2.29 	 3.60 	 3.06 	2
 2.29 	 3.61 	 3.08 	0
 2.29 	 3.61 	 2.95 	1
 2.29 	 3.61 	 2.99 	1
 2.29 	 3.61  	 3.07  	2
 2.29 	 3.62 	 3.07 	1
 2.29 	 3.63 	 2.93 	1
 2.29 	 3.64 	 2.69  	2
 2.29 	 3.66 	 2.95 	1
 2.29 	 3.69 	 2.93 	2
 2.29 	 3.69 	 2.98 	1
 2.29 	 3.76 	 3.00	1
 2.29 	 3.76 	 3.00 	0
 2.29  	 3.03 	 3.47 	1
 2.29  	 3.09 	 3.59 	1
 2.29  	 3.18 	 3.51 	0
 2.29  	 3.29 	 3.38  	1
 2.29  	 3.48  	 3.20 	2
 2.29  	 3.93  	  2.82 	1
 2.29   	 3.20 	 3.47 	0
 2.30 	 2.86 	 3.69 	1
 2.30 	 2.92 	 3.52 	2
 2.30 	 2.95 	 3.82 	0
 2.30 	 3.00 	 3.39 	2
 2.30 	 3.02 	 3.42 	1
 2.30 	 3.02 	 3.50 	1
 2.30 	 3.04 	 3.55 	2
 2.30 	 3.04 	 3.47 	2
 2.30 	 3.04 	 3.39 	0
 2.30 	 3.05 	 3.65 	1
 2.30 	 3.07 	 3.32 	1
 2.30 	 3.07 	 3.39 	0
 2.30 	 3.08 	 3.45 	1
 2.30 	 3.10 	 3.38 	1
 2.30 	 3.10 	 3.45 	1
 2.30 	 3.11 	 3.51 	0
 2.30 	 3.11 	 3.31 	1
 2.30 	 3.11 	 3.26 	0
 2.30 	 3.12 	 3.36 	1
 2.30 	 3.12 	 3.39 	0
 2.30 	 3.13 	 3.31 	2
 2.30 	 3.14 	 3.35 	2
 2.30 	 3.15 	 3.53 	2
 2.30 	 3.15 	 3.40 	2
 2.30 	 3.15 	 3.50 	2
 2.30 	 3.15 	 3.32 	0
 2.30 	 3.17 	 3.28 	1
 2.30 	 3.17 	 3.24 	0
 2.30 	 3.18 	 3.35 	1
 2.30 	 3.18 	 3.36 	1
 2.30 	 3.18 	 3.27 	1
 2.30 	 3.20 	 3.36 	1
 2.30 	 3.21 	 3.46 	1
 2.30 	 3.21 	 3.40 	2
 2.30 	 3.21 	 3.32 	0
 2.30 	 3.21 	 3.12 	0
 2.30 	 3.22 	 3.25 	0
 2.30 	 3.22 	 2.98 	2
 2.30 	 3.22 	 3.18 	2
 2.30 	 3.22 	 3.29 	2
 2.30 	 3.24 	 3.31  	1
 2.30 	 3.24 	 3.29 	1
 2.30 	 3.24 	 3.29 	1
 2.30 	 3.24 	 3.38 	1
 2.30 	 3.25  	 3.41 	1
 2.30 	 3.27 	 3.25 	1
 2.30 	 3.29 	 3.28 	2
 2.30 	 3.29 	 3.16 	2
 2.30 	 3.30 	 3.25 	1
 2.30 	 3.30 	 3.30  	0
 2.30 	 3.30 	 3.04 	2
 2.30 	 3.31 	 3.17  	1
 2.30 	 3.32 	 3.31 	2
 2.30 	 3.32 	 3.22 	1
 2.30 	 3.32 	 3.28 	1
 2.30 	 3.33 	 2.97 	1
 2.30 	 3.33 	 3.14 	1
 2.30 	 3.34 	 3.32 	1
 2.30 	 3.34 	 2.95 	0
 2.30 	 3.34 	 3.05	1
 2.30 	 3.35 	 3.17 	2
 2.30 	 3.35 	 3.19 	2
 2.30 	 3.36 	 2.89 	1
 2.30 	 3.38 	 3.30 	0
 2.30 	 3.38 	 3.21 	2
 2.30 	 3.38 	 3.09 	0
 2.30 	 3.38 	 3.10 	1
 2.30 	 3.39 	 3.24 	0
 2.30 	 3.40 	 3.16 	0
 2.30 	 3.40 	 2.95 	2
 2.30 	 3.40 	 3.09 	1
 2.30 	 3.41 	 2.93 	2
 2.30 	 3.41 	 2.81 	1
 2.30 	 3.42 	 2.83 	2
 2.30 	 3.42 	 3.04 	0
 2.30 	 3.42 	 3.06 	1
 2.30 	 3.43 	 3.11 	0
 2.30 	 3.43 	 3.15 	1
 2.30 	 3.43 	 3.09 	1
 2.30 	 3.44 	 3.16 	1
 2.30 	 3.44  	 2.82 	2
 2.30 	 3.46 	 3.19 	2
 2.30 	 3.47 	 3.07 	1
 2.30 	 3.47 	 3.02 	0
 2.30 	 3.47 	 2.83 	1
 2.30 	 3.48 	 3.02 	2
 2.30 	 3.49 	  3.22 	2
 2.30 	 3.50 	 3.00 	1
 2.30 	 3.53  	 3.04 	0
 2.30 	 3.54 	 2.77 	2
 2.30 	 3.55 	 2.92 	0
 2.30 	 3.55 	 2.71 	1
 2.30 	 3.56 	 2.99 	0
 2.30 	 3.56 	 3.01 	1
 2.30 	 3.60 	 2.99 	1
 2.30 	 3.61 	 3.07 	0
 2.30 	 3.61 	 2.99 	2
 2.30 	 3.62 	 2.82 	2
 2.30 	 3.63 	 2.98  	1
 2.30 	 3.64 	 2.87 	2
 2.30 	 3.73  	 2.93 	0
 2.30 	 3.78 	 2.79 	2
 2.30  	 3.13  	   3.50   	1
 2.30  	 3.14 	 3.34 	0
 2.30  	 3.20 	 3.36 	0
 2.30  	 3.31 	 3.27 	2
 2.30  	 3.40 	 3.17 	0
 2.30  	 3.48 	 2.92 	2
 2.30  	 3.49 	 3.19 	2
 2.30  	 3.60  	 2.99  	0
 2.30  	 3.60  	 3.08  	0
 2.30  	 3.64  	 2.69 	2
 2.30  	 3.70  	 3.01 	1
 2.31 	 2.89 	 3.86 	1
 2.31 	 2.89 	 3.64 	2
 2.31 	 2.92 	 3.78 	1
 2.31 	 2.96  	 3.41 	0
 2.31 	 2.99 	 3.41 	1
 2.31 	 3.00	 3.57 	1
 2.31 	 3.00 	 3.73  	0
 2.31 	 3.03 	 3.39 	1
 2.31 	 3.03 	 3.46 	0
 2.31 	 3.05 	 3.35 	1
 2.31 	 3.05 	 3.48  	1
 2.31 	 3.05 	 3.36 	0
 2.31 	 3.06 	 3.42 	1
 2.31 	 3.06 	 3.50  	0
 2.31 	 3.06 	 3.34 	1
 2.31 	 3.07 	 3.38 	1
 2.31 	 3.07 	 3.38 	1
 2.31 	 3.07 	 3.27 	2
 2.31 	 3.12	 3.55 	2
 2.31 	 3.12 	 3.20 	1
 2.31 	 3.13 	 3.43 	2
 2.31 	 3.13 	 3.31 	1
 2.31 	 3.13 	 3.42 	1
 2.31 	 3.14 	 3.46 	1
 2.31 	 3.14 	 3.41 	0
 2.31 	 3.14 	 3.28 	0
 2.31 	 3.14 	 3.23 	1
 2.31 	 3.14 	 3.20 	0
 2.31 	 3.16 	 3.24 	0
 2.31 	 3.17 	 3.28 	2
 2.31 	 3.18 	 3.45 	0
 2.31 	 3.18 	 3.34 	0
 2.31 	 3.18 	 3.43 	2
 2.31 	 3.19 	 3.47 	2
 2.31 	 3.19 	 3.35 	1
 2.31 	 3.20  	 3.25 	0
 2.31 	 3.21 	 3.31 	0
 2.31 	 3.22 	 3.10 	0
 2.31 	 3.23 	 3.42 	1
 2.31 	 3.24 	 3.27 	1
 2.31 	 3.24 	 3.19 	0
 2.31 	 3.24 	 3.18 	0
 2.31 	 3.24 	 3.19 	0
 2.31 	 3.25 	 3.37 	1
 2.31 	 3.25 	 3.34 	0
 2.31 	 3.25 	 3.18 	1
 2.31 	 3.26 	 3.13 	1
 2.31 	 3.26 	 3.28 	2
 2.31 	 3.27 	 3.34 	2
 2.31 	 3.27 	 3.24 	2
 2.31 	 3.27 	 3.28 	0
 2.31 	 3.27 	 3.25 	1
 2.31 	 3.28 	 3.22 	0
 2.31 	 3.28 	 3.16 	1
 2.31 	 3.28 	 3.13 	2
 2.31 	 3.28 	 3.12 	1
 2.31 	 3.28  	 3.25 	1
 2.31 	 3.29 	 3.23 	0
 2.31 	 3.29 	 3.07 	2
 2.31 	 3.29 	 3.18 	2
 2.31 	 3.31 	 3.29 	1
 2.31 	 3.31 	 3.14 	2
 2.31 	 3.31 	 3.16 	1
 2.31 	 3.31 	 3.01 	1
 2.31 	 3.32 	 3.28 	1
 2.31 	 3.32 	 3.22 	0
 2.31 	 3.32  	 3.27 	1
 2.31 	 3.33 	 3.19 	1
 2.31 	 3.33 	 3.29 	2
 2.31 	 3.33 	 2.89 	1
 2.31 	 3.33 	 3.14 	1
 2.31 	 3.33 	 3.14 	0
 2.31 	 3.35 	 3.22 	1
 2.31 	 3.35 	 3.17 	2
 2.31 	 3.35 	 2.90 	1
 2.31 	 3.36 	 3.18 	0
 2.31 	 3.36 	 3.10 	1
 2.31 	 3.39 	 3.10 	1
 2.31 	 3.39 	 3.15 	1
 2.31 	 3.40 	 3.20 	1
 2.31 	 3.40 	 3.15 	2
 2.31 	 3.41 	 2.81 	2
 2.31 	 3.42 	 2.83 	1
 2.31 	 3.42 	 3.03  	1
 2.31 	 3.42  	 3.12 	1
 2.31 	 3.43 	 3.12 	0
 2.31 	 3.44 	 3.11 	2
 2.31 	 3.44 	 3.13 	2
 2.31 	 3.45 	 3.19 	1
 2.31 	 3.45 	 3.18 	2
 2.31 	 3.45 	 2.96 	2
 2.31 	 3.46 	 3.10 	2
 2.31 	 3.46 	 3.08 	0
 2.31 	 3.49 	 3.08 	2
 2.31 	 3.50 	 2.97 	2
 2.31 	 3.52 	 3.02 	2
 2.31 	 3.52 	 2.83 	2
 2.31 	 3.54 	 2.83 	0
 2.31 	 3.55 	 3.08 	2
 2.31 	 3.58 	 2.84 	1
 2.31 	 3.60 	 3.01 	1
 2.31 	 3.61 	 2.84  	2
 2.31 	 3.61 	 2.90 	2
 2.31 	 3.61 	 2.90 	2
 2.31 	 3.65 	 2.94  	0
 2.31 	 3.65 	 2.99 	2
 2.31 	 3.67 	 2.94 	2
 2.31 	 3.67 	 2.99 	0
 2.31 	 3.67  	 2.89  	1
 2.31 	 3.68 	 2.83 	0
 2.31 	 3.71 	 2.91 	1
 2.31 	 3.72 	 3.03 	2
 2.31 	 3.77 	 2.97 	2
 2.31 	 3.82 	 2.86 	1
 2.31 	 4.03 	 2.80 	1
 2.31  	 3.12 	 3.32 	1
 2.31  	 3.22 	 3.33 	1
 2.31  	 3.25  	 3.34  	2
 2.31  	 3.86  	 2.83  	0
 2.31   	 3.40 	 3.20 	0
 2.32 	 2.88 	 3.55 	1
 2.32 	 2.89 	 3.60 	1
 2.32 	 2.90 	 3.85 	0
 2.32 	 2.93 	 3.61 	1
 2.32 	 3.03 	 3.41 	1
 2.32 	 3.04 	 3.48 	1
 2.32 	 3.09 	 3.20 	1
 2.32 	 3.09 	 3.37 	2
 2.32 	 3.10 	 3.25 	1
 2.32 	 3.11	 3.44 	2
 2.32 	 3.11 	 3.34 	2
 2.32 	 3.12 	 3.35 	2
 2.32 	 3.13 	 3.32 	1
 2.32 	 3.14 	 3.40 	1
 2.32 	 3.14   	 3.38 	2
 2.32 	 3.15 	 3.27  	2
 2.32 	 3.16 	 3.35  	1
 2.32 	 3.16 	 3.30 	2
 2.32 	 3.16 	 3.28 	2
 2.32 	 3.16 	 3.14 	1
 2.32 	 3.16 	 3.02 	2
 2.32 	 3.18 	 3.20 	0
 2.32 	 3.19 	 3.28 	2
 2.32 	 3.19 	 3.13 	0
 2.32 	 3.19 	 3.21 	2
 2.32 	 3.19 	 3.20 	1
 2.32 	 3.20 	 3.32 	0
 2.32 	 3.21 	 3.29 	2
 2.32 	 3.21 	 3.29 	0
 2.32 	 3.21  	 3.38 	1
 2.32 	 3.21  	 3.28  	2
 2.32 	 3.22 	 3.35 	2
 2.32 	 3.22 	 3.31 	2
 2.32 	 3.22 	 3.25 	2
 2.32 	 3.22 	 3.11 	0
 2.32 	 3.24 	 3.29 	0
 2.32 	 3.25 	 3.31 	0
 2.32 	 3.25  	 3.31 	2
 2.32 	 3.26 	 3.23 	1
 2.32 	 3.26 	 3.26  	0
 2.32 	 3.26 	 2.91 	0
 2.32 	 3.26  	 3.24 	2
 2.32 	 3.27 	 3.23 	0
 2.32 	 3.27 	 3.01 	1
 2.32 	 3.27  	 3.23 	2
 2.32 	 3.28 	 3.36 	0
 2.32 	 3.28 	 2.97 	1
 2.32 	 3.28 	 3.17 	1
 2.32 	 3.28 	 3.17 	1
 2.32 	 3.29 	 3.21 	2
 2.32 	 3.29 	 3.21 	0
 2.32 	 3.30 	 3.20 	1
 2.32 	 3.30  	 3.33 	1
 2.32 	 3.31 	 3.30 	1
 2.32 	 3.31 	 3.26  	0
 2.32 	 3.31 	 3.24 	0
 2.32 	 3.31 	 3.20 	2
 2.32 	 3.32 	 3.16 	1
 2.32 	 3.32 	 3.23 	1
 2.32 	 3.32 	 2.94 	0
 2.32 	 3.32 	 3.17 	1
 2.32 	 3.32 	 3.19 	1
 2.32 	 3.32  	 3.25 	1
 2.32 	 3.34 	 3.28 	1
 2.32 	 3.34 	 3.19 	1
 2.32 	 3.34 	 3.10 	1
 2.32 	 3.36 	 2.89 	2
 2.32 	 3.37 	 3.04 	1
 2.32 	 3.38 	 3.27 	1
 2.32 	 3.38 	 2.98 	1
 2.32 	 3.38 	 3.07 	1
 2.32 	 3.40 	 3.08 	1
 2.32 	 3.40 	 3.14 	1
 2.32 	 3.41 	 3.18 	0
 2.32 	 3.41 	 2.84 	2
 2.32 	 3.41 	 2.92 	0
 2.32 	 3.41 	 3.06 	2
 2.32 	 3.42 	 3.13 	0
 2.32 	 3.42 	 3.21 	1
 2.32 	 3.42 	 3.11 	2
 2.32 	 3.43 	 3.21 	1
 2.32 	 3.45 	 3.15  	2
 2.32 	 3.45 	 2.95 	1
 2.32 	 3.45 	 2.83 	0
 2.32 	 3.45 	 2.99 	0
 2.32 	 3.46 	 3.07 	2
 2.32 	 3.46 	 2.77 	1
 2.32 	 3.46 	 2.95 	1
 2.32 	 3.47 	 3.08 	0
 2.32 	 3.47 	 2.88 	2
 2.32 	 3.47 	 2.94 	1
 2.32 	 3.48 	 2.77 	0
 2.32 	 3.48 	 2.92 	1
 2.32 	 3.49 	 3.14 	1
 2.32 	 3.49 	 2.95 	2
 2.32 	 3.53 	 3.00 	0
 2.32 	 3.53 	 2.84 	2
 2.32 	 3.54 	 3.07   	2
 2.32 	 3.56 	 3.08 	2
 2.32 	 3.57 	 2.98 	1
 2.32 	 3.58  	 3.00 	2
 2.32 	 3.59 	 3.00 	0
 2.32 	 3.59 	 2.98 	1
 2.32 	 3.60 	 2.96 	1
 2.32 	 3.60 	 2.94 	1
 2.32 	 3.63 	 2.85 	0
 2.32 	 3.63 	 2.69  	1
 2.32 	 3.63 	 2.93 	1
 2.32 	 3.66 	 2.99 	1
 2.32 	 3.66 	 2.90  	1
 2.32 	 3.66 	 2.96  	1
 2.32 	 3.68 	 2.68 	1
 2.32 	 3.69 	 2.89 	0
 2.32 	 3.75 	 2.61 	0
 2.32 	 3.79 	 2.74 	1
 2.32 	 3.81 	 2.94 	1
 2.32 	 3.97 	 2.52 	1
 2.32  	  3.45  	 3.07	0
 2.32  	 3.22 	 3.31 	2
 2.32  	 3.36 	 3.28 	2
 2.32  	 3.36  	 3.12  	2
 2.32  	 3.37  	 3.16  	1
 2.32  	 3.40 	 2.91 	2
 2.32  	 3.53 	 2.91  	2
 2.32  	 3.54 	 3.00	1
 2.32  	 3.62 	 3.02 	2
 2.32  	 3.78  	 2.87  	2
 2.33 	 2.96 	 3.46 	2
 2.33 	 2.96 	 3.27 	0
 2.33 	 2.99 	 3.40 	1
 2.33 	 3.02 	 3.37 	1
 2.33 	 3.05 	 3.55 	2
 2.33 	 3.09 	 3.38 	1
 2.33 	 3.09 	 3.22 	0
 2.33 	 3.09 	 3.33 	1
 2.33 	 3.12 	 3.37 	2
 2.33 	 3.12 	 3.29 	1
 2.33 	 3.12 	 3.24 	0
 2.33 	 3.14 	 3.36 	2
 2.33 	 3.14 	 3.47  	2
 2.33 	 3.15 	 3.35 	1
 2.33 	 3.16 	 3.41 	0
 2.33 	 3.16 	 3.13 	0
 2.33 	 3.17 	 3.33 	2
 2.33 	 3.17 	 3.30 	1
 2.33 	 3.17 	 3.35 	1
 2.33 	 3.17 	 3.18 	0
 2.33 	 3.18 	 3.33 	2
 2.33 	 3.18 	 3.10 	1
 2.33 	 3.18 	 3.17 	0
 2.33 	 3.19 	 3.31 	1
 2.33 	 3.19 	 3.39 	0
 2.33 	 3.19 	 3.20 	1
 2.33 	 3.20 	 3.15 	1
 2.33 	 3.20 	 3.30  	2
 2.33 	 3.20 	 3.14 	0
 2.33 	 3.21 	 3.16 	1
 2.33 	 3.22 	 3.40 	0
 2.33 	 3.22 	 3.28 	1
 2.33 	 3.22 	 3.28 	1
 2.33 	 3.22 	 3.32 	0
 2.33 	 3.23 	 3.35 	2
 2.33 	 3.23 	 3.12 	1
 2.33 	 3.23 	 3.17 	2
 2.33 	 3.24 	 3.28 	1
 2.33 	 3.24 	 3.05 	1
 2.33 	 3.25 	 3.14 	0
 2.33 	 3.25 	 3.27 	0
 2.33 	 3.25 	 2.94 	1
 2.33 	 3.25 	 3.19 	1
 2.33 	 3.26 	 3.25 	2
 2.33 	 3.27 	 3.19 	2
 2.33 	 3.28 	 3.14 	1
 2.33 	 3.29 	  3.25 	1
 2.33 	 3.29 	 2.89 	2
 2.33 	 3.30 	 3.10 	1
 2.33 	 3.32 	 3.17 	2
 2.33 	 3.32 	 2.83 	2
 2.33 	 3.32 	 3.07 	0
 2.33 	 3.33 	 3.18 	1
 2.33 	 3.34 	 3.17 	2
 2.33 	 3.34 	 3.12 	1
 2.33 	 3.35 	 3.21 	1
 2.33 	 3.35 	 3.13 	0
 2.33 	 3.36 	 3.06 	2
 2.33 	 3.37 	 3.21 	2
 2.33 	 3.37 	 3.07	1
 2.33 	 3.38 	 3.26 	1
 2.33 	 3.38 	 3.00 	0
 2.33 	 3.38 	 3.16 	1
 2.33 	 3.38 	 3.13 	1
 2.33 	 3.39 	 3.01 	0
 2.33 	 3.39 	 2.98 	0
 2.33 	 3.40 	 3.20 	2
 2.33 	 3.40 	 3.11 	1
 2.33 	 3.40 	 3.10 	1
 2.33 	 3.40 	 2.86 	1
 2.33 	 3.40 	 2.90 	0
 2.33 	 3.40 	 2.79 	1
 2.33 	 3.40 	 2.34 	0
 2.33 	 3.41 	 3.11	2
 2.33 	 3.41 	 3.03 	0
 2.33 	 3.42 	 3.03 	2
 2.33 	 3.42 	 2.99 	2
 2.33 	 3.42 	 3.00 	0
 2.33 	 3.43 	 3.05 	2
 2.33 	 3.44 	 3.03 	1
 2.33 	 3.44   	 3.22 	1
 2.33 	 3.45 	 2.95 	2
 2.33 	 3.45 	 3.02 	1
 2.33 	 3.45 	 2.76 	0
 2.33 	 3.45 	 2.99 	0
 2.33 	 3.47 	 3.04 	0
 2.33 	 3.47 	 3.04 	2
 2.33 	 3.47 	 2.84 	1
 2.33 	 3.49 	 2.98 	0
 2.33 	 3.49 	 2.93 	1
 2.33 	 3.49  	 3.03 	1
 2.33 	 3.49  	 2.80 	1
 2.33 	 3.49  	 2.95  	0
 2.33 	 3.50 	 2.89 	1
 2.33 	 3.50 	 2.56 	0
 2.33 	 3.52 	 2.79 	2
 2.33 	 3.54 	 3.03 	1
 2.33 	 3.54 	 2.80 	1
 2.33 	 3.56 	 2.90 	1
 2.33 	 3.59 	 2.94 	1
 2.33 	 3.59 	 2.90 	2
 2.33 	 3.60  	  2.88 	1
 2.33 	 3.61 	 2.93 	1
 2.33 	 3.62 	 3.06 	2
 2.33 	 3.63 	 2.95 	2
 2.33 	 3.63 	 2.80 	2
 2.33 	 3.65  	 2.94 	2
 2.33 	 3.73 	 2.85 	1
 2.33 	 3.78 	 2.81 	0
 2.33 	 3.83 	 2.88 	1
 2.33 	 33.6 	 3.13 	0
 2.33  	 3.21 	 3.27 	0
 2.33  	 3.33 	 3.23 	2
 2.33  	 3.45 	 3.09 	0
 2.33  	 3.58 	 3.97 	1
 2.33  	 3.60 	 2.95 	1
 2.34 	 2.92 	 3.49 	1
 2.34 	 2.99  	 3.50 	0
 2.34 	 3.02 	 3.50 	1
 2.34 	 3.02 	 3.65 	1
 2.34 	 3.02 	 3.39 	2
 2.34 	 3.04 	 3.13 	0
 2.34 	 3.04 	 3.39 	0
 2.34 	 3.06 	 3.35 	1
 2.34 	 3.06 	 3.30 	2
 2.34 	 3.08	 3.49 	1
 2.34 	 3.09 	 3.45 	0
 2.34 	 3.09 	 3.49 	0
 2.34 	 3.10 	 3.47 	1
 2.34 	 3.10 	 3.30 	1
 2.34 	 3.11 	 3.20 	1
 2.34 	 3.11 	 3.22 	0
 2.34 	 3.11 	 3.34 	2
 2.34 	 3.12 	 3.36 	0
 2.34 	 3.13 	 3.29 	1
 2.34 	 3.13 	 3.21 	1
 2.34 	 3.14 	 3.17 	1
 2.34 	 3.14 	 3.27 	0
 2.34 	 3.15 	 3.30 	0
 2.34 	 3.15 	 3.18 	0
 2.34 	 3.16 	 3.43 	1
 2.34 	 3.17 	 3.42 	0
 2.34 	 3.17 	 3.42 	1
 2.34 	 3.17  	 3.30 	1
 2.34 	 3.18 	 3.39  	1
 2.34 	 3.18 	 3.27 	1
 2.34 	 3.18 	 3.32 	1
 2.34 	 3.18 	 3.27 	1
 2.34 	 3.21 	 3.29 	1
 2.34 	 3.21 	 3.22 	0
 2.34 	 3.21 	 3.26 	0
 2.34 	 3.21 	 3.08 	0
 2.34 	 3.22 	 3.24 	1
 2.34 	 3.22 	 3.21 	1
 2.34 	 3.23 	 3.25 	2
 2.34 	 3.23  	 3.29 	0
 2.34 	 3.26 	 3.16 	1
 2.34 	 3.26 	 3.10 	2
 2.34 	 3.26 	 3.19 	1
 2.34 	 3.26 	 3.19 	0
 2.34 	 3.27 	 3.11 	2
 2.34 	 3.27 	 3.40  	2
 2.34 	 3.27 	 3.18 	1
 2.34 	 3.28 	 2.86 	1
 2.34 	 3.28 	 3.12 	0
 2.34 	 3.29 	 3.19 	2
 2.34 	 3.29 	 3.24 	1
 2.34 	 3.29 	 3.04 	1
 2.34 	 3.30 	 3.05  	1
 2.34 	 3.30 	 3.16 	1
 2.34 	 3.30 	 3.14 	1
 2.34 	 3.30  	 3.17 	1
 2.34 	 3.31 	 2.91 	2
 2.34 	 3.32 	 3.04	2
 2.34 	 3.32 	 3.25 	2
 2.34 	 3.32 	 2.82 	1
 2.34 	 3.33 	 3.04 	1
 2.34 	 3.33 	 3.17 	0
 2.34 	 3.34 	 2.83 	1
 2.34 	 3.34 	 3.00 	1
 2.34 	 3.35 	 3.25 	1
 2.34 	 3.35 	 3.25 	1
 2.34 	 3.35 	 3.01 	1
 2.34 	 3.36 	 2.89 	1
 2.34 	 3.36 	 3.12 	0
 2.34 	 3.39 	 3.02 	1
 2.34 	 3.40 	 2.88 	2
 2.34 	 3.40 	 3.08 	0
 2.34 	 3.41 	 3.01 	0
 2.34 	 3.43 	 3.14  	2
 2.34 	 3.43 	 3.05 	0
 2.34 	 3.43 	 2.90 	1
 2.34 	 3.44 	 2.86 	1
 2.34 	 3.45 	 3.12 	1
 2.34 	 3.45 	 3.15 	0
 2.34 	 3.45 	 3.00 	2
 2.34 	 3.45 	 2.89 	0
 2.34 	 3.46 	 2.71 	2
 2.34 	 3.48 	 3.01 	0
 2.34 	 3.48 	 2.89 	0
 2.34 	 3.48  	 3.02 	0
 2.34 	 3.48  	 3.07  	1
 2.34 	 3.49 	 2.99 	2
 2.34 	 3.49 	 2.91 	0
 2.34 	 3.49  	 3.13  	0
 2.34 	 3.50 	 3.12 	2
 2.34 	 3.50 	 2.91 	1
 2.34 	 3.51 	 2.98 	2
 2.34 	 3.52 	 3.06 	1
 2.34 	 3.52 	 2.79 	2
 2.34 	 3.53 	 2.85 	0
 2.34 	 3.54 	 2.89 	1
 2.34 	 3.54 	 2.93 	1
 2.34 	 3.55 	 2.82 	1
 2.34 	 3.55 	 2.90 	2
 2.34 	 3.58 	 2.72 	2
 2.34 	 3.58 	 2.67 	1
 2.34 	 3.59 	 2.73 	2
 2.34 	 3.60 	 2.92 	2
 2.34 	 3.61 	 3.00	0
 2.34 	 3.62 	 2.99 	2
 2.34 	 3.64 	 2.88 	0
 2.34 	 3.64 	 2.92 	1
 2.34 	 3.69 	 2.89 	1
 2.34 	 3.72 	 2.86 	0
 2.34 	 3.72  	 2.60 	2
 2.34 	 3.74 	 2.83 	2
 2.34 	 3.76  	 2.94  	2
 2.34 	 3.77 	 2.76 	1
 2.34 	 4.02 	 2.77 	2
 2.34 	 4.22 	 2.51 	2
 2.34  	 3.22 	 3.35 	2
 2.34  	 3.26   	 3.20  	2
 2.34  	 3.30 	 3.16  	0
 2.34  	 3.46  	 3.07  	1
 2.34  	 3.47 	 3.10 	1
 2.34  	 3.49 	 2.99 	1
 2.35 	 2.83 	 3.52 	2
 2.35 	 2.83 	 3.55 	0
 2.35 	 2.83 	 3.60 	0
 2.35 	 2.91 	 3.52 	0
 2.35 	 2.91 	 3.44 	1
 2.35 	 2.93 	 3.48 	2
 2.35 	 2.97 	 3.33 	2
 2.35 	 3.00 	 3.44 	1
 2.35 	 3.00 	 3.46 	0
 2.35 	 3.03 	 3.25 	0
 2.35 	 3.03 	 3.33 	2
 2.35 	 3.06 	 3.28 	1
 2.35 	 3.06 	 3.40 	0
 2.35 	 3.07 	 3.26 	0
 2.35 	 3.07 	 3.42 	0
 2.35 	 3.07 	 3.44 	1
 2.35 	 3.08 	 3.33 	0
 2.35 	 3.09 	 3.30 	2
 2.35 	 3.09 	 3.31 	1
 2.35 	 3.09 	 3.34 	0
 2.35 	 3.09 	 3.40 	1
 2.35 	 3.09 	 3.23 	2
 2.35 	 3.10 	 3.22 	1
 2.35 	 3.11	 3.23 	1
 2.35 	 3.11 	 3.32 	1
 2.35 	 3.11 	 3.31 	2
 2.35 	 3.13  	 3.20 	0
 2.35 	 3.14 	 3.32 	1
 2.35 	 3.15 	 3.25 	1
 2.35 	 3.15 	 3.31 	0
 2.35 	 3.16 	 3.21 	0
 2.35 	 3.16 	 3.28 	2
 2.35 	 3.16 	 3.16 	0
 2.35 	 3.17 	 3.27 	0
 2.35 	 3.17 	 2.97 	0
 2.35 	 3.18 	 3.25 	0
 2.35 	 3.18 	 3.08 	2
 2.35 	 3.18 	 3.17 	1
 2.35 	 3.19 	 3.35 	2
 2.35 	 3.19 	 3.35 	0
 2.35 	 3.19 	 3.25 	0
 2.35 	 3.20 	 3.28 	1
 2.35 	 3.20 	 3.28 	2
 2.35 	 3.20 	 3.19 	0
 2.35 	 3.21 	 3.20 	2
 2.35 	 3.21 	 3.36 	1
 2.35 	 3.21 	 3.16 	2
 2.35 	 3.21 	 3.10 	1
 2.35 	 3.21  	 3.27 	0
 2.35 	 3.22 	 3.08 	1
 2.35 	 3.22 	 3.16 	2
 2.35 	 3.23 	 3.19 	0
 2.35 	 3.23 	 3.23 	0
 2.35 	 3.23 	 3.20 	2
 2.35 	 3.23 	 3.13 	2
 2.35 	 3.23 	 3.01 	2
 2.35 	 3.24 	 3.28 	2
 2.35 	 3.24 	 3.22 	1
 2.35 	 3.24  	 3.33 	0
 2.35 	 3.25 	 3.16 	1
 2.35 	 3.25 	 3.11 	2
 2.35 	 3.26 	 3.11 	0
 2.35 	 3.26 	 3.12 	1
 2.35 	 3.27 	 3.18 	0
 2.35 	 3.28 	 3.17 	2
 2.35 	 3.28 	 3.16 	1
 2.35 	 3.28 	 2.93 	1
 2.35 	 3.29 	 3.26 	2
 2.35 	 3.29 	 3.16 	2
 2.35 	 3.29 	 3.12 	1
 2.35 	 3.29 	 3.12 	1
 2.35 	 3.29 	 3.07 	1
 2.35 	 3.30 	 3.12 	0
 2.35 	 3.30 	 3.08 	2
 2.35 	 3.31 	 3.11 	1
 2.35 	 3.31  	 3.24 	2
 2.35 	 3.31  	 3.10 	0
 2.35 	 3.32 	 3.24 	1
 2.35 	 3.32 	 2.92 	0
 2.35 	 3.32 	 3.07 	0
 2.35 	 3.33 	 3.15 	1
 2.35 	 3.33 	 3.16 	1
 2.35 	 3.34 	 3.09 	0
 2.35 	 3.34 	 3.04 	2
 2.35 	 3.34 	 3.04 	2
 2.35 	 3.35 	 3.09 	1
 2.35 	 3.36 	 3.12 	2
 2.35 	 3.36 	 3.10 	2
 2.35 	 3.37 	 2.92 	0
 2.35 	 3.37 	 2.98 	2
 2.35 	 3.37  	 2.99 	2
 2.35 	 3.38 	 3.13 	2
 2.35 	 3.38 	 2.82 	0
 2.35 	 3.39 	 2.77 	1
 2.35 	 3.40 	 3.07 	2
 2.35 	 3.40 	 3.14 	0
 2.35 	 3.40 	 2.76 	2
 2.35 	 3.40 	 2.98 	2
 2.35 	 3.40 	 2.88 	2
 2.35 	 3.41 	 3.01 	2
 2.35 	 3.41 	 2.95 	1
 2.35 	 3.41  	 3.02 	0
 2.35 	 3.42 	 2.80 	1
 2.35 	 3.42 	 2.85 	1
 2.35 	 3.42  	 2.93 	2
 2.35 	 3.44 	 3.11 	1
 2.35 	 3.44 	 3.12 	1
 2.35 	 3.44 	 2.74 	0
 2.35 	 3.46 	 2.81 	0
 2.35 	 3.46 	 2.95 	1
 2.35 	 3.47 	 2.97 	2
 2.35 	 3.47 	 2.96 	0
 2.35 	 3.48 	 3.03 	1
 2.35 	 3.50 	 2.78  	2
 2.35 	 3.50 	 2.71 	2
 2.35 	 3.51 	 3.09 	2
 2.35 	 3.51 	 3.04 	1
 2.35 	 3.52 	 2.74 	2
 2.35 	 3.53 	 2.57 	1
 2.35 	 3.55 	 3.02	2
 2.35 	 3.57 	 2.90 	2
 2.35 	 3.57 	 2.83 	1
 2.35 	 3.57 	 2.72 	2
 2.35 	 3.57 	 2.84 	0
 2.35 	 3.60 	 2.98 	1
 2.35 	 3.62 	 2.99 	1
 2.35 	 3.63 	 2.87  	2
 2.35 	 3.71 	 2.72 	0
 2.35 	 3.72 	 2.79 	0
 2.35  	 3.29 	 2.86 	0
 2.35  	 3.31  	 3.14  	1
 2.35  	 3.36 	 2.80 	2
 2.35  	 3.38  	 3.07  	2
 2.35  	 3.73  	 2.82  	2
 2.36 	 2.74  	 3.75 	0
 2.36 	 2.87  	 3.48 	2
 2.36 	 2.91 	 3.35 	0
 2.36 	 2.91 	 3.48 	2
 2.36 	 2.96 	 3.63 	1
 2.36 	 2.97 	 3.38 	0
 2.36 	 2.98 	 3.54 	2
 2.36 	 3.00 	 3.36 	0
 2.36 	 3.01  	 3.30 	1
 2.36 	 3.02 	 3.48 	1
 2.36 	 3.04 	 3.53 	1
 2.36 	 3.04 	 3.35 	0
 2.36 	 3.05 	 3.34 	1
 2.36 	 3.05 	 3.31 	2
 2.36 	 3.06 	 3.29 	0
 2.36 	 3.06 	 3.40 	0
 2.36 	 3.07 	 3.36 	1
 2.36 	 3.07 	 3.28 	1
 2.36 	 3.07 	 3.40 	1
 2.36 	 3.07 	 3.24 	1
 2.36 	 3.09 	 3.37 	1
 2.36 	 3.12 	 3.29 	0
 2.36 	 3.14 	 3.22 	0
 2.36 	 3.14 	 3.17 	1
 2.36 	 3.14 	 3.15 	1
 2.36 	 3.15 	 3.13 	2
 2.36 	 3.16 	 3.25 	1
 2.36 	 3.19 	 3.22  	2
 2.36 	 3.19 	 3.17 	0
 2.36 	 3.20 	 3.26 	2
 2.36 	 3.20 	 2.94 	2
 2.36 	 3.21 	 3.33 	0
 2.36 	 3.22 	 3.25 	0
 2.36 	 3.22 	 2.94 	2
 2.36 	 3.24 	 3.29 	0
 2.36 	 3.24 	 3.29 	2
 2.36 	 3.24 	 3.31 	0
 2.36 	 3.24 	 3.08 	2
 2.36 	 3.25 	 3.25 	2
 2.36 	 3.25 	 3.00 	0
 2.36 	 3.25 	 3.09 	1
 2.36 	 3.25 	 3.11 	0
 2.36 	 3.26 	 3.16 	1
 2.36 	 3.26 	 2.86 	2
 2.36 	 3.26 	 3.10 	0
 2.36 	 3.27 	 3.13 	2
 2.36 	 3.29 	 3.24 	0
 2.36 	 3.30 	 3.05 	1
 2.36 	 3.30 	 3.05 	1
 2.36 	 3.31 	 2.88 	1
 2.36 	 3.31 	 2.93 	2
 2.36 	 3.31 	 3.00 	1
 2.36 	 3.31 	 2.98 	2
 2.36 	 3.32 	 3.09 	2
 2.36 	 3.33 	 2.83  	1
 2.36 	 3.35 	 3.01 	1
 2.36 	 3.36 	 3.20 	0
 2.36 	 3.36 	 2.80 	0
 2.36 	 3.36 	 3.02 	1
 2.36 	 3.37 	 3.10 	1
 2.36 	 3.37 	 3.17 	2
 2.36 	 3.37 	 2.95 	1
 2.36 	 3.37  	 3.08  	0
 2.36 	 3.39 	 3.06 	1
 2.36 	 3.40  	 3.03 	0
 2.36 	 3.41 	 3.10 	1
 2.36 	 3.41 	 2.90 	1
 2.36 	 3.42 	 2.81 	0
 2.36 	 3.42 	 2.73 	0
 2.36 	 3.43 	 2.74 	1
 2.36 	 3.43 	 2.94 	2
 2.36 	 3.45 	 3.07 	1
 2.36 	 3.45 	 2.84 	0
 2.36 	 3.46 	 3.16 	2
 2.36 	 3.47 	 3.08 	0
 2.36 	 3.47 	 2.93 	1
 2.36 	 3.47 	 3.01 	2
 2.36 	 3.47 	 2.78 	1
 2.36 	 3.49 	 2.90 	2
 2.36 	 3.51 	 3.04 	1
 2.36 	 3.51 	 2.90 	2
 2.36 	 3.54 	 2.93  	2
 2.36 	 3.57 	 2.84 	0
 2.36 	 3.60 	 2.76 	2
 2.36 	 3.63 	 2.62 	2
 2.36 	 3.64 	 2.82 	2
 2.36 	 3.65 	 2.85 	2
 2.36 	 3.82 	 2.54 	1
 2.36 	 3.86 	 2.85   	1
 2.36 	 4.02 	 2.76 	1
 2.36 	 4.22 	 2.49 	2
 2.36  	 3.13  	 3.29  	0
 2.36  	 3.31  	 3.17  	2
 2.36  	 3.45  	 3.10  	0
 2.36  	 3.48  	 3.08  	2
 2.36  	 3.52 	 3.06 	0
 2.36  	 3.54  	 2.92  	2
 2.36  	 3.56 	 3.01  	0
 2.36  	 3.73  	 2.82  	1
 2.36  	 3.74 	 2.89 	0
 2.36  	 3.92 	 2.80  	1
 2.36    	 3.31 	 2.83 	2
 2.37 	 2.88 	 3.50 	0
 2.37 	 2.99 	 3.58 	2
 2.37 	 2.99 	 3.32 	1
 2.37 	 3.00 	 3.31 	2
 2.37 	 3.01 	 3.30 	1
 2.37 	 3.01 	 3.34 	0
 2.37 	 3.02  	 3.34 	0
 2.37 	 3.03 	 3.29 	0
 2.37 	 3.04 	 3.29 	1
 2.37 	 3.04 	 3.32 	1
 2.37 	 3.06 	 3.16 	0
 2.37 	 3.07 	 3.42 	2
 2.37 	 3.07 	 3.23 	2
 2.37 	 3.07 	 3.22 	2
 2.37 	 3.07 	 3.27 	1
 2.37 	 3.07 	 3.35 	1
 2.37 	 3.08 	 3.25 	1
 2.37 	 3.09 	 3.33 	2
 2.37 	 3.09 	 3.26 	2
 2.37 	 3.10 	 3.21 	2
 2.37 	 3.11 	 3.31 	2
 2.37 	 3.12 	 3.10 	1
 2.37 	 3.12 	 3.13 	1
 2.37 	 3.12 	 3.20 	2
 2.37 	 3.12 	 3.28 	2
 2.37 	 3.13 	 3.10 	1
 2.37 	 3.14 	 3.26 	2
 2.37 	 3.16 	 3.12 	0
 2.37 	 3.16 	 3.16 	1
 2.37 	 3.17 	 3.29 	1
 2.37 	 3.17 	 3.01 	2
 2.37 	 3.17 	 3.07 	1
 2.37 	 3.18 	 3.02 	0
 2.37 	 3.18 	 3.14 	1
 2.37 	 3.20 	 3.22 	2
 2.37 	 3.21 	 3.21 	0
 2.37 	 3.21 	 3.09 	1
 2.37 	 3.22 	 3.23 	2
 2.37 	 3.23 	 3.16 	2
 2.37 	 3.24 	 3.17 	2
 2.37 	 3.25 	 3.07 	1
 2.37 	 3.26 	 3.10 	1
 2.37 	 3.26 	 3.17 	2
 2.37 	 3.26 	 2.86 	2
 2.37 	 3.26 	 2.96 	2
 2.37 	 3.26  	 3.28 	2
 2.37 	 3.27 	 3.24 	2
 2.37 	 3.27 	 3.14 	1
 2.37 	 3.28 	 3.07 	0
 2.37 	 3.28 	 2.92 	0
 2.37 	 3.29 	 3.12 	0
 2.37 	 3.29 	 3.15 	1
 2.37 	 3.29 	 3.15 	0
 2.37 	 3.29 	 3.06 	1
 2.37 	 3.30 	 2.95 	1
 2.37 	 3.30 	 2.96  	1
 2.37 	 3.31 	 2.99 	1
 2.37 	 3.31 	 3.15 	2
 2.37 	 3.32 	 3.11 	1
 2.37 	 3.32 	 3.06 	1
 2.37 	 3.33 	 3.06 	2
 2.37 	 3.33 	 2.90 	1
 2.37 	 3.34 	 2.88 	2
 2.37 	 3.34  	 3.09 	2
 2.37 	 3.35 	 3.03 	1
 2.37 	 3.35 	 3.20 	1
 2.37 	 3.35 	 2.77 	2
 2.37 	 3.35 	 3.04 	1
 2.37 	 3.36 	 2.98 	2
 2.37 	 3.36  	 3.06 	0
 2.37 	 3.37 	 3.14 	1
 2.37 	 3.37  	 3.08 	2
 2.37 	 3.38 	 3.03 	2
 2.37 	 3.38 	 3.06 	1
 2.37 	 3.38 	 2.93 	0
 2.37 	 3.39 	 2.78 	1
 2.37 	 3.40 	 2.95 	0
 2.37 	 3.42 	 3.00 	1
 2.37 	 3.42 	 3.03 	2
 2.37 	 3.43 	 3.11 	1
 2.37 	 3.43 	 2.98 	0
 2.37 	 3.45 	 2.97 	1
 2.37 	 3.45 	 2.87 	1
 2.37 	 3.46 	 2.89 	2
 2.37 	 3.47 	 2.96 	2
 2.37 	 3.47 	 2.83 	2
 2.37 	 3.48 	 2.95 	0
 2.37 	 3.48 	 2.99 	2
 2.37 	 3.49 	 3.08 	1
 2.37 	 3.49 	 2.82 	1
 2.37 	 3.52 	 2.92 	2
 2.37 	 3.52 	 2.64 	2
 2.37 	 3.55 	 3.00 	1
 2.37 	 3.55 	 2.92 	2
 2.37 	 3.57 	 2.93 	1
 2.37 	 3.58  	 3.04 	0
 2.37 	 3.59 	 2.91 	1
 2.37 	 3.60 	 2.87 	1
 2.37 	 3.69 	 2.57 	2
 2.37 	 3.70 	 2.64 	0
 2.37  	 3.20 	 3.33  	2
 2.37  	 3.30  	 3.12  	1
 2.37  	 3.40  	 3.04  	0
 2.37  	 3.41  	 3.04  	2
 2.37  	 3.50  	 2.95  	1
 2.37  	 3.55 	 2.92 	0
 2.37  	 3.56 	 3.00 	2
 2.37  	 3.58 	 3.00 	2
 2.37  	 3.68  	 2.95  	2
 2.37  	 3.76  	 2.78  	1
 2.38	 3.43	 2.91	2
 2.38 	 2.93 	 3.64 	1
 2.38 	 2.96 	 3.38 	0
 2.38 	 3.00 	 3.22 	1
 2.38 	 3.01 	 3.53 	0
 2.38 	 3.02 	 3.39 	1
 2.38 	 3.02 	 3.29 	1
 2.38 	 3.04 	 3.21 	2
 2.38 	 3.05 	 3.26 	2
 2.38 	 3.05 	 3.33 	1
 2.38 	 3.05 	 3.20 	1
 2.38 	 3.05 	 3.23 	2
 2.38 	 3.05 	 3.37 	0
 2.38 	 3.06 	 3.20 	1
 2.38 	 3.06 	 3.24 	0
 2.38 	 3.07 	 3.32 	0
 2.38 	 3.08 	 3.45  	1
 2.38 	 3.08 	 3.26 	0
 2.38 	 3.08 	 3.23 	2
 2.38 	 3.09 	 3.22 	2
 2.38 	 3.10 	 3.17 	1
 2.38 	 3.10 	 3.33 	0
 2.38 	 3.11 	 3.24 	0
 2.38 	 3.11 	 3.28 	1
 2.38 	 3.12	 3.04 	1
 2.38 	 3.12 	 3.10 	2
 2.38 	 3.13 	 3.39 	1
 2.38 	 3.13 	 3.20 	0
 2.38 	 3.13 	 3.28 	0
 2.38 	 3.14 	 3.06 	2
 2.38 	 3.14 	 3.15 	1
 2.38 	 3.15 	 3.26 	1
 2.38 	 3.16 	 3.06  	0
 2.38 	 3.16 	 3.13 	1
 2.38 	 3.16  	 3.22 	0
 2.38 	 3.17 	 3.37 	1
 2.38 	 3.17 	 3.20 	2
 2.38 	 3.18 	 3.21 	0
 2.38 	 3.18 	 3.25 	2
 2.38 	 3.18 	 3.01 	0
 2.38 	 3.19 	 3.32 	0
 2.38 	 3.20 	 3.07 	0
 2.38 	 3.22 	 3.12 	0
 2.38 	 3.23 	 3.23 	0
 2.38 	 3.24 	 2.83 	0
 2.38 	 3.24 	 2.83 	0
 2.38 	 3.25 	 3.20 	1
 2.38 	 3.25 	 3.24 	0
 2.38 	 3.25 	 3.13 	1
 2.38 	 3.26 	 3.09 	0
 2.38 	 3.27 	 3.18 	0
 2.38 	 3.27 	 3.06 	0
 2.38 	 3.28 	 3.19 	1
 2.38 	 3.28 	 3.27 	0
 2.38 	 3.28 	 2.91 	2
 2.38 	 3.29 	 2.89 	2
 2.38 	 3.30 	 3.13 	2
 2.38 	 3.30 	 3.15 	1
 2.38 	 3.30 	 3.11 	0
 2.38 	 3.30 	 2.89 	0
 2.38 	 3.30  	 2.89 	1
 2.38 	 3.32 	 3.00 	0
 2.38 	 3.32 	 3.03 	2
 2.38 	 3.33 	 2.72 	1
 2.38 	 3.33 	 2.87 	1
 2.38 	 3.34 	 2.94 	0
 2.38 	 3.35 	 3.04 	2
 2.38 	 3.35 	 2.99 	2
 2.38 	 3.36 	 2.86 	2
 2.38 	 3.36 	 2.95 	0
 2.38 	 3.37 	 3.10 	0
 2.38 	 3.37 	 3.08 	0
 2.38 	 3.39 	 3.10 	0
 2.38 	 3.39 	 3.06 	1
 2.38 	 3.39 	 2.91 	1
 2.38 	 3.40 	 3.07 	1
 2.38 	 3.40 	 3.07 	0
 2.38 	 3.40 	 2.90 	2
 2.38 	 3.42 	 2.72 	1
 2.38 	 3.42 	 2.92 	1
 2.38 	 3.43 	 3.04 	0
 2.38 	 3.43 	 3.02 	1
 2.38 	 3.43 	 2.74 	1
 2.38 	 3.43 	 2.74 	2
 2.38 	 3.44 	 3.05 	1
 2.38 	 3.44 	 2.95 	1
 2.38 	 3.44 	 2.88 	0
 2.38 	 3.45 	 3.10 	2
 2.38 	 3.45 	 2.87 	1
 2.38 	 3.47 	 2.93 	2
 2.38 	 3.48 	 2.99 	1
 2.38 	 3.49 	 3.00 	2
 2.38 	 3.49 	 2.95 	0
 2.38 	 3.50 	 2.74 	2
 2.38 	 3.50 	 2.86 	1
 2.38 	 3.54 	 3.02 	2
 2.38 	 3.54 	 2.93 	0
 2.38 	 3.56 	 2.81 	2
 2.38 	 3.57 	 2.89  	2
 2.38 	 3.57 	 2.92 	2
 2.38 	 3.58 	 2.84 	2
 2.38 	 3.62 	 2.62 	0
 2.38 	 3.64 	 2.59 	1
 2.38 	 3.66 	 2.73 	1
 2.38 	 3.67 	 2.92 	2
 2.38 	 3.68 	 2.56 	1
 2.38 	 3.73 	 2.70 	1
 2.38 	 3.76 	 2.72 	2
 2.38 	 3.82 	 2.67 	1
 2.38  	 3.07 	 3.38 	1
 2.38  	 3.10 	 3.28 	1
 2.38  	 3.14 	 3.23 	1
 2.38  	 3.33 	 3.05 	0
 2.38  	 3.39 	 3.01 	0
 2.38  	 3.50 	 2.90  	0
 2.38  	 3.52  	 3.06  	1
 2.38  	 3.54 	 3.00	0
 2.38  	 3.55  	 3.03 	0
 2.38  	 3.62  	 2.93  	2
 2.38  	 3.66  	 2.82 	0
 2.39 	 2.87 	 3.41 	1
 2.39 	 2.88  	 3.60 	2
 2.39 	 2.91 	 3.40 	2
 2.39 	 2.96 	 3.50 	1
 2.39 	 2.99 	 3.30 	1
 2.39 	 3.01 	 3.27 	1
 2.39 	 3.04 	 3.24 	1
 2.39 	 3.04 	 3.35 	0
 2.39 	 3.05 	 3.42 	2
 2.39 	 3.05 	 3.05 	2
 2.39 	 3.06	 3.38 	1
 2.39 	 3.08 	 3.41 	0
 2.39 	 3.09 	 3.32 	1
 2.39 	 3.10 	 3.30 	1
 2.39 	 3.12 	 3.11 	1
 2.39 	 3.12 	 3.22 	0
 2.39 	 3.13 	 3.37 	1
 2.39 	 3.13 	 3.19 	1
 2.39 	 3.15 	 3.21 	2
 2.39 	 3.15 	 3.02 	1
 2.39 	 3.16 	 3.37  	0
 2.39 	 3.16 	 3.20 	2
 2.39 	 3.16 	 3.11 	1
 2.39 	 3.17 	 3.29 	2
 2.39 	 3.18 	 3.10 	2
 2.39 	 3.19 	 2.99 	0
 2.39 	 3.20 	 3.10 	0
 2.39 	 3.20 	 3.13 	0
 2.39 	 3.20 	 3.08 	2
 2.39 	 3.23 	 3.47 	0
 2.39 	 3.25 	 2.96 	1
 2.39 	 3.25 	 3.13 	0
 2.39 	 3.25 	 3.13 	0
 2.39 	 3.26 	 3.12 	1
 2.39 	 3.29 	 3.10 	1
 2.39 	 3.30 	 3.10 	2
 2.39 	 3.30 	 2.87 	0
 2.39 	 3.30 	 3.08 	1
 2.39 	 3.31 	 3.18 	1
 2.39 	 3.31 	 3.06  	2
 2.39 	 3.31 	 2.97 	1
 2.39 	 3.32 	 3.09 	0
 2.39 	 3.32 	 3.14 	0
 2.39 	 3.33 	 2.83 	1
 2.39 	 3.34 	 3.07 	1
 2.39 	 3.34 	 3.11 	1
 2.39 	 3.34 	 3.06 	1
 2.39 	 3.34 	 3.00 	1
 2.39 	 3.34 	 2.77 	2
 2.39 	 3.34 	 2.99 	0
 2.39 	 3.35 	 2.84 	1
 2.39 	 3.35 	 2.94 	0
 2.39 	 3.36 	 2.82 	2
 2.39 	 3.36 	 2.91 	1
 2.39 	 3.37 	 3.12 	2
 2.39 	 3.37 	 3.02 	1
 2.39 	 3.37 	 3.05 	1
 2.39 	 3.38 	 2.71 	2
 2.39 	 3.38 	 3.02  	1
 2.39 	 3.39 	 3.08 	1
 2.39 	 3.39 	 2.95 	2
 2.39 	 3.39 	 2.92 	1
 2.39 	 3.40 	 3.04 	0
 2.39 	 3.40 	 3.01 	0
 2.39 	 3.40 	 3.01 	1
 2.39 	 3.40 	 2.73 	1
 2.39 	 3.41 	 2.80 	0
 2.39 	 3.41 	 2.83 	2
 2.39 	 3.42 	 2.98 	0
 2.39 	 3.43 	 3.05	2
 2.39 	 3.43 	 2.92 	1
 2.39 	 3.45 	 3.08 	0
 2.39 	 3.46 	 2.68 	2
 2.39 	 3.47 	 2.83 	1
 2.39 	 3.48 	 2.67 	1
 2.39 	 3.49 	 2.92 	0
 2.39 	 3.49 	 2.93 	2
 2.39 	 3.49 	 2.88 	1
 2.39 	 3.49 	 2.75 	0
 2.39 	 3.50 	 2.76 	1
 2.39 	 3.50 	 2.63 	2
 2.39 	 3.51 	 3.01 	1
 2.39 	 3.54 	 2.67 	1
 2.39 	 3.54 	 2.89 	1
 2.39 	 3.55 	 2.87 	1
 2.39 	 3.55 	 2.71 	2
 2.39 	 3.56 	 2.80  	0
 2.39 	 3.60 	 2.59 	1
 2.39 	 3.62  	 2.84 	2
 2.39 	 3.63 	 2.80 	1
 2.39 	 3.63 	 2.85 	1
 2.39 	 3.64 	 2.75 	2
 2.39 	 3.71 	 2.82 	1
 2.39 	 3.72  	 2.77 	2
 2.39 	 3.73  	 2.85 	2
 2.39 	 3.74 	 2.70 	0
 2.39 	 3.88 	 2.81   	0
 2.39 	 33.9 	 2.80 	1
 2.39  	 3.14 	 3.35 	2
 2.39  	 3.19 	 3.20 	1
 2.39  	 3.23 	 2.92 	1
 2.39  	 3.25  	 3.21  	1
 2.39  	 3.32  	 3.20  	0
 2.39  	 3.33 	 3.14 	2
 2.39  	 3.35 	 3.15  	0
 2.39  	 3.38 	 3.02 	2
 2.39  	 3.40 	 3.09 	2
 2.39  	 3.47 	 2.96 	1
 2.39  	 3.58  	 2.88 	1
 2.39  	 3.60 	 2.93 	1
 2.40 	  3.51 	 2.66 	0
 2.40 	 2.91 	 3.62 	2
 2.40 	 2.94 	 3.35 	2
 2.40 	 2.95 	 3.17 	1
 2.40 	 2.97 	 3.23 	2
 2.40 	 2.99 	 3.28 	0
 2.40 	 2.99 	 3.39 	0
 2.40 	 2.99   	 3.44 	1
 2.40 	 3.00 	 3.23 	2
 2.40 	 3.01 	 3.28 	1
 2.40 	 3.03 	 3.38 	0
 2.40 	 3.05 	 3.22 	2
 2.40 	 3.06 	 3.44 	2
 2.40 	 3.07 	 3.32 	1
 2.40 	 3.07 	 3.26 	0
 2.40 	 3.08 	 3.20 	1
 2.40 	 3.09 	 3.20 	1
 2.40 	 3.09 	 3.33 	1
 2.40 	 3.10 	 3.29 	0
 2.40 	 3.10 	 3.19 	2
 2.40 	 3.11 	 3.19 	2
 2.40 	 3.12 	 3.34 	0
 2.40 	 3.12 	 2.91 	1
 2.40 	 3.13 	 3.33 	1
 2.40 	 3.13 	 3.24 	1
 2.40 	 3.13 	 3.22 	1
 2.40 	 3.14 	 3.35 	0
 2.40 	 3.15 	 3.36 	0
 2.40 	 3.15 	 3.18  	2
 2.40 	 3.15 	 3.13 	1
 2.40 	 3.15 	 3.16 	2
 2.40 	 3.16 	 3.22 	2
 2.40 	 3.16 	 3.23 	2
 2.40 	 3.17 	 3.20 	0
 2.40 	 3.17 	 3.20  	1
 2.40 	 3.17 	 3.21 	1
 2.40 	 3.19 	 3.04 	1
 2.40 	 3.20 	 3.18 	0
 2.40 	 3.20 	 3.01 	1
 2.40 	 3.20 	 3.03  	1
 2.40 	 3.21 	 3.16 	1
 2.40 	 3.21 	 3.03 	1
 2.40 	 3.21  	 3.22  	0
 2.40 	 3.21  	 3.17 	1
 2.40 	 3.22 	 3.16 	1
 2.40 	 3.23 	 2.98 	0
 2.40 	 3.23 	 3.05 	1
 2.40 	 3.23 	 2.99 	2
 2.40 	 3.24 	 3.02 	1
 2.40 	 3.24 	 3.12  	0
 2.40 	 3.24 	 2.91 	0
 2.40 	 3.25 	 3.08 	2
 2.40 	 3.26 	 3.10 	0
 2.40 	 3.27 	 3.17 	2
 2.40 	 3.28 	 3.15  	2
 2.40 	 3.28 	 3.02 	1
 2.40 	 3.28 	 2.97 	2
 2.40 	 3.29 	 2.97 	0
 2.40 	 3.29 	 3.09 	1
 2.40 	 3.30 	 3.12 	0
 2.40 	 3.30 	 3.17 	1
 2.40 	 3.30 	 3.05 	1
 2.40 	 3.31 	 2.91 	2
 2.40 	 3.31  	 3.09  	1
 2.40 	 3.32 	 2.85 	2
 2.40 	 3.32 	 3.01 	1
 2.40 	 3.32 	 2.99 	1
 2.40 	 3.33 	 3.05 	0
 2.40 	 3.33 	 2.82 	1
 2.40 	 3.35 	 3.02 	1
 2.40 	 3.36 	 3.12	2
 2.40 	 3.36 	 3.10 	1
 2.40 	 3.36 	 2.83 	2
 2.40 	 3.38 	 3.04  	0
 2.40 	 3.38 	 2.73 	1
 2.40 	 3.40 	 2.71 	2
 2.40 	 3.41 	 2.80 	2
 2.40 	 3.41 	 2.87 	0
 2.40 	 3.42 	 3.04 	1
 2.40 	 3.42 	 2.90 	0
 2.40 	 3.42 	 2.87 	2
 2.40 	 3.44 	 2.82 	0
 2.40 	 3.45 	 2.68 	2
 2.40 	 3.46 	 2.97 	2
 2.40 	 3.47 	 3.03 	0
 2.40 	 3.48 	 2.87  	0
 2.40 	 3.48  	 3.02 	1
 2.40 	 3.49 	 2.89  	0
 2.40 	 3.49 	 2.90 	0
 2.40 	 3.49  	 2.92 	2
 2.40 	 3.50 	 2.82 	0
 2.40 	 3.51 	 2.90  	0
 2.40 	 3.52 	 2.79 	0
 2.40 	 3.54 	 2.65 	1
 2.40 	 3.54 	 2.80 	2
 2.40 	 3.55 	 2.85 	1
 2.40 	 3.62 	 2.80 	2
 2.40 	 3.64 	 2.90 	0
 2.40 	 3.64 	 2.80 	2
 2.40 	 3.75 	 2.78 	0
 2.40 	 3.91 	 2.74 	2
 2.40 	 3.99 	 2.54 	1
 2.40  	 3.04 	 3.37 	1
 2.40  	 3.08 	 3.13 	2
 2.40  	 3.15 	 3.29 	0
 2.40  	 3.30 	 2.79 	2
 2.40  	 3.44 	 2.81 	2
 2.40  	 3.46 	 3.02 	1
 2.40  	 3.46  	 2.94  	2
 2.40  	 3.48  	 2.93  	0
 2.40   	 3.40  	 3.07  	1
 2.41 	 2.87 	 3.38 	1
 2.41 	 2.92 	 3.59  	1
 2.41 	 2.97 	 3.24 	0
 2.41 	 2.98 	 3.41 	1
 2.41 	 3.00 	 3.52   	1
 2.41 	 3.01 	 3.25 	0
 2.41 	 3.02	 3.44 	2
 2.41 	 3.03 	 3.17 	2
 2.41 	 3.03 	 3.21 	0
 2.41 	 3.04 	 3.42 	1
 2.41 	 3.05 	  3.43 	0
 2.41 	 3.05 	 3.40 	2
 2.41 	 3.05 	 3.41 	0
 2.41 	 3.07 	 3.36 	1
 2.41 	 3.07 	 3.33 	2
 2.41 	 3.09 	 3.14 	0
 2.41 	 3.11 	 3.23 	0
 2.41 	 3.12 	 3.22 	1
 2.41 	 3.14 	 3.22 	2
 2.41 	 3.14 	 3.22 	0
 2.41 	 3.15 	 3.31   	1
 2.41 	 3.15 	 3.14 	0
 2.41 	 3.16 	 3.07 	0
 2.41 	 3.16 	 3.19 	1
 2.41 	 3.17 	 3.21 	1
 2.41 	 3.18 	 3.00 	0
 2.41 	 3.19 	 3.14 	0
 2.41 	 3.19 	 3.24 	0
 2.41 	 3.19 	 3.03 	1
 2.41 	 3.19 	 3.19 	1
 2.41 	 3.20 	 3.12 	1
 2.41 	 3.20 	 3.13 	1
 2.41 	 3.21 	 3.13 	1
 2.41 	 3.21 	 3.08 	2
 2.41 	 3.21 	 3.12 	0
 2.41 	 3.21 	 3.15 	0
 2.41 	 3.21 	 2.97 	1
 2.41 	 3.23 	 3.09 	0
 2.41 	 3.23 	 2.92 	2
 2.41 	 3.24 	 3.08 	0
 2.41 	 3.24 	 3.00 	0
 2.41 	 3.24 	 3.00 	2
 2.41 	 3.25 	 2.80 	2
 2.41 	 3.25 	 3.06 	0
 2.41 	 3.25 	 2.96 	0
 2.41 	 3.25 	 3.01 	1
 2.41 	 3.26 	 3.11 	2
 2.41 	 3.26  	 3.08 	1
 2.41 	 3.27 	 3.08 	1
 2.41 	 3.27  	 3.15  	0
 2.41 	 3.28 	 3.16 	0
 2.41 	 3.28 	 3.07 	2
 2.41 	 3.28 	 3.06 	0
 2.41 	 3.28 	 2.88 	1
 2.41 	 3.30 	 3.12 	1
 2.41 	 3.30 	 3.05 	1
 2.41 	 3.30 	 2.78 	0
 2.41 	 3.31 	 3.11 	0
 2.41 	 3.31 	 3.07 	0
 2.41 	 3.31 	 3.03 	1
 2.41 	 3.32 	 3.03 	1
 2.41 	 3.32 	 3.03 	0
 2.41 	 3.33 	 2.73 	1
 2.41 	 3.33 	 2.73 	0
 2.41 	 3.34 	 2.99 	1
 2.41 	 3.34 	 3.01 	1
 2.41 	 3.34 	 2.96 	2
 2.41 	 3.35 	 2.91 	2
 2.41 	 3.35  	 3.04 	1
 2.41 	 3.35  	 3.02  	0
 2.41 	 3.36 	 3.12 	0
 2.41 	 3.36 	 2.89 	0
 2.41 	 3.36  	 3.09 	2
 2.41 	 3.37 	 3.03 	0
 2.41 	 3.38 	 2.76  	1
 2.41 	 3.38 	 2.94 	2
 2.41 	 3.39 	 3.10 	2
 2.41 	 3.39 	 2.84 	0
 2.41 	 3.41 	 3.07 	0
 2.41 	 3.41 	 2.76 	1
 2.41 	 3.41 	 2.68 	0
 2.41 	 3.42 	 2.82 	2
 2.41 	 3.42 	 2.96 	1
 2.41 	 3.42 	 2.87  	2
 2.41 	 3.43 	 2.68  	0
 2.41 	 3.43 	 2.86 	1
 2.41 	 3.44 	 2.91 	1
 2.41 	 3.44 	 3.06 	1
 2.41 	 3.44 	 2.87 	2
 2.41 	 3.46 	 2.83 	2
 2.41 	 3.46 	 2.73 	0
 2.41 	 3.46 	 2.73 	1
 2.41 	 3.46 	 2.67 	2
 2.41 	 3.47 	 2.95 	1
 2.41 	 3.47 	 2.84 	2
 2.41 	 3.49 	 2.93 	0
 2.41 	 3.51 	 2.89 	1
 2.41 	 3.52 	 2.80 	2
 2.41 	 3.58 	 2.82 	2
 2.41 	 3.60 	 2.82 	0
 2.41 	 3.62 	 2.71 	1
 2.41 	 3.63  	 2.80 	2
 2.41 	 3.64 	 2.91 	1
 2.41 	 3.65 	 2.83 	0
 2.41 	 3.65 	 2.59 	0
 2.41 	 3.67 	 2.85 	1
 2.41 	 3.69 	 2.62 	1
 2.41 	 3.76 	 2.52 	0
 2.41 	 3.84 	 2.48 	1
 2.41  	 3.27  	 3.17  	1
 2.41  	 3.37 	 2.96 	1
 2.41  	 3.49  	 2.96   	2
 2.41  	 3.74  	 2.76  	1
 2.42 	 2.91 	 3.59 	2
 2.42 	 2.94 	 3.29 	0
 2.42 	 3.01 	 3.21 	0
 2.42 	 3.04 	 3.17 	1
 2.42 	 3.04 	 3.12 	2
 2.42 	 3.06 	 3.29 	0
 2.42 	 3.06 	 3.29  	0
 2.42 	 3.06 	 3.26 	0
 2.42 	 3.06 	 3.18 	0
 2.42 	 3.06 	 3.21 	0
 2.42 	 3.07 	 3.13 	1
 2.42 	 3.07  	 3.31 	0
 2.42 	 3.08 	 3.19 	0
 2.42 	 3.08 	 3.19 	0
 2.42 	 3.08 	 3.12 	2
 2.42 	 3.08 	 3.13 	1
 2.42 	 3.09 	 3.13 	1
 2.42 	 3.09 	 3.23 	2
 2.42 	 3.09 	 3.02 	1
 2.42 	 3.11 	 3.23 	0
 2.42 	 3.12 	 3.17 	1
 2.42 	 3.12 	 3.06 	1
 2.42 	 3.12 	 3.16 	2
 2.42 	 3.13 	 3.26 	1
 2.42 	 3.13 	 3.06 	1
 2.42 	 3.14 	 3.16 	0
 2.42 	 3.14 	 3.08 	2
 2.42 	 3.15 	 3.14 	0
 2.42 	 3.15 	 3.16 	1
 2.42 	 3.16 	 3.15 	0
 2.42 	 3.17 	 3.16 	1
 2.42 	 3.17 	 3.10 	1
 2.42 	 3.18 	 3.19 	0
 2.42 	 3.18 	 3.16 	1
 2.42 	 3.18 	 2.92 	2
 2.42 	 3.18 	 3.01 	0
 2.42 	 3.18  	 3.25 	2
 2.42 	 3.19 	 3.24 	0
 2.42 	 3.19  	 3.10 	2
 2.42 	 3.20 	 3.11 	0
 2.42 	 3.20 	 3.12 	1
 2.42 	 3.20 	 2.98 	0
 2.42 	 3.21 	 3.22 	0
 2.42 	 3.21 	 3.12 	1
 2.42 	 3.22 	 3.20  	1
 2.42 	 3.22 	 3.18  	1
 2.42 	 3.22 	 2.97 	1
 2.42 	 3.23 	 3.07 	1
 2.42 	 3.23 	 3.21 	1
 2.42 	 3.23 	 3.07 	0
 2.42 	 3.23 	 3.07 	0
 2.42 	 3.24 	 3.11 	0
 2.42 	 3.24 	 3.02 	2
 2.42 	 3.24 	 2.84 	0
 2.42 	 3.24 	 2.99 	2
 2.42 	 3.24 	 2.92 	2
 2.42 	 3.25 	 3.11 	1
 2.42 	 3.25 	 3.11 	1
 2.42 	 3.25 	 3.16 	2
 2.42 	 3.26 	 3.08 	1
 2.42 	 3.26 	 2.93 	0
 2.42 	 3.27 	 3.11 	2
 2.42 	 3.27 	 3.16 	1
 2.42 	 3.27 	 2.87 	0
 2.42 	 3.27 	 2.99 	2
 2.42 	 3.29 	 3.10 	2
 2.42 	 3.29 	 3.04 	2
 2.42 	 3.30 	 2.81 	1
 2.42 	 3.30 	 2.98 	0
 2.42 	 3.31 	 2.95 	0
 2.42 	 3.31 	 2.94 	1
 2.42 	 3.32 	 3.05 	1
 2.42 	 3.32 	 2.95  	2
 2.42 	 3.32 	 2.75 	1
 2.42 	 3.33 	 2.90 	1
 2.42 	 3.34 	 2.99 	2
 2.42 	 3.35 	 2.69 	0
 2.42 	 3.35 	 2.93 	2
 2.42 	 3.36 	 2.97 	2
 2.42 	 3.36 	 2.77 	2
 2.42 	 3.36  	 2.97 	2
 2.42 	 3.37 	 3.00 	2
 2.42 	 3.37 	 2.86 	1
 2.42 	 3.39 	 2.95 	0
 2.42 	 3.39 	 2.96 	2
 2.42 	 3.39 	 2.80 	0
 2.42 	 3.40 	 2.87 	2
 2.42 	 3.41 	 2.93 	0
 2.42 	 3.44 	 2.89 	1
 2.42 	 3.44 	 2.92  	1
 2.42 	 3.44 	 2.94 	0
 2.42 	 3.44 	 2.71 	1
 2.42 	 3.45 	 3.04 	1
 2.42 	 3.45 	 3.40 	1
 2.42 	 3.46 	 2.66 	0
 2.42 	 3.49 	 2.93 	0
 2.42 	 3.49 	 2.85 	2
 2.42 	 3.49 	 2.93 	1
 2.42 	 3.50 	 2.86 	1
 2.42 	 3.53 	 2.96 	2
 2.42 	 3.53  	 2.73 	0
 2.42 	 3.54 	 2.61 	1
 2.42 	 3.56 	 2.86  	1
 2.42 	 3.56 	 2.84 	1
 2.42 	 3.57 	 2.92 	1
 2.42 	 3.63 	 2.87 	1
 2.42 	 3.64 	 2.70  	0
 2.42 	 3.68  	 2.70 	0
 2.42 	 3.70 	 2.67 	1
 2.42 	 3.71 	 2.85 	1
 2.42 	 3.72 	 2.80 	0
 2.42 	 3.72 	 2.75 	2
 2.42  	 3.37  	 2.96  	2
 2.42  	 3.39  	 2.91  	2
 2.42  	 3.42  	 2.91  	0
 2.42  	 3.55 	 2.88 	1
 2.42  	 3.64 	 2.87  	2
 2.42  	 3.71  	 2.76  	2
 2.42  	 3.73 	 2.72 	2
 2.43 	 2.90 	 3.47 	1
 2.43 	 2.90 	 3.47 	1
 2.43 	 2.94 	 3.36 	2
 2.43 	 2.94 	 3.28 	2
 2.43 	 2.95 	 3.31 	1
 2.43 	 2.95 	 3.24 	2
 2.43 	 2.97 	 3.45 	1
 2.43 	 2.99 	 3.22 	0
 2.43 	 3.00 	 3.44 	1
 2.43 	 3.00 	 3.22 	1
 2.43 	 3.02 	 3.38 	1
 2.43 	 3.02 	 3.26 	0
 2.43 	 3.02 	 3.24 	1
 2.43 	 3.05 	 3.24 	2
 2.43 	 3.05 	 3.17 	2
 2.43 	 3.07 	 3.06 	2
 2.43 	 3.08 	 3.15 	0
 2.43 	 3.09 	 3.25 	2
 2.43 	 3.09 	 3.15 	0
 2.43 	 3.11 	 2.90 	1
 2.43 	 3.11 	 3.07 	1
 2.43 	 3.12 	 3.02 	2
 2.43 	 3.12 	 3.03 	1
 2.43 	 3.13 	 3.13 	1
 2.43 	 3.13 	 3.29 	1
 2.43 	 3.13 	 3.19 	1
 2.43 	 3.14 	 3.21 	0
 2.43 	 3.15 	 3.02 	1
 2.43 	 3.15 	 3.05 	1
 2.43 	 3.16 	 3.11 	2
 2.43 	 3.16 	 3.13 	1
 2.43 	 3.17 	 3.10 	1
 2.43 	 3.17 	 3.07 	1
 2.43 	 3.18 	 2.93 	2
 2.43 	 3.19 	 3.24 	0
 2.43 	 3.19 	 3.09 	1
 2.43 	 3.19 	 3.09 	0
 2.43 	 3.20 	 3.22 	0
 2.43 	 3.21 	 3.19 	2
 2.43 	 3.21 	 3.03 	1
 2.43 	 3.22 	 3.06 	2
 2.43 	 3.22 	 2.95 	0
 2.43 	 3.23 	 3.17 	0
 2.43 	 3.23 	 3.07 	1
 2.43 	 3.23 	 2.89 	1
 2.43 	 3.23 	 3.09 	1
 2.43 	 3.23 	 2.96 	2
 2.43 	 3.23 	 2.91 	0
 2.43 	 3.23 	 2.90 	1
 2.43 	 3.23 	 2.98 	1
 2.43 	 3.24 	 3.02 	1
 2.43 	 3.24 	 3.07 	0
 2.43 	 3.24  	 3.14 	2
 2.43 	 3.25 	 3.09 	1
 2.43 	 3.25 	 2.75 	1
 2.43 	 3.26 	 3.12 	2
 2.43 	 3.26 	 3.07 	1
 2.43 	 3.27 	 3.02 	0
 2.43 	 3.28 	 3.06 	1
 2.43 	 3.28 	 2.98 	2
 2.43 	 3.28 	 3.04 	1
 2.43 	 3.28 	 2.98 	2
 2.43 	 3.29 	 3.05 	0
 2.43 	 3.29  	 3.14 	0
 2.43 	 3.29  	 2.82 	2
 2.43 	 3.30 	 3.00 	1
 2.43 	 3.30 	 2.93 	1
 2.43 	 3.30 	 2.92  	0
 2.43 	 3.30 	 2.97 	1
 2.43 	 3.31 	 2.99 	1
 2.43 	 3.32 	 2.87 	1
 2.43 	 3.32 	 2.91 	1
 2.43 	 3.32 	 2.92 	1
 2.43 	 3.33 	 3.05 	1
 2.43 	 3.34 	 2.86 	0
 2.43 	 3.35 	 2.96 	1
 2.43 	 3.35 	 2.71 	1
 2.43 	 3.36 	 2.96 	1
 2.43 	 3.36 	 2.67 	2
 2.43 	 3.36 	 2.90 	2
 2.43 	 3.37 	 3.04 	2
 2.43 	 3.37 	 2.92 	1
 2.43 	 3.38 	 3.00 	1
 2.43 	 3.38 	 2.85 	0
 2.43 	 3.39 	 2.85 	0
 2.43 	 3.40 	 3.02 	1
 2.43 	 3.40 	 2.75 	1
 2.43 	 3.41 	 3.02 	0
 2.43 	 3.41 	 2.96 	1
 2.43 	 3.41 	 2.93 	0
 2.43 	 3.41 	 2.91 	1
 2.43 	 3.42 	 2.69 	2
 2.43 	 3.42  	 2.97 	2
 2.43 	 3.43 	 3.00 	0
 2.43 	 3.43 	 2.91 	2
 2.43 	 3.43 	 2.69 	1
 2.43 	 3.43 	 2.86 	2
 2.43 	 3.45 	 2.98 	2
 2.43 	 3.46 	 2.88 	0
 2.43 	 3.47 	 2.85  	0
 2.43 	 3.48 	 2.96 	0
 2.43 	 3.48 	 2.91 	2
 2.43 	 3.48 	 2.88 	0
 2.43 	 3.49 	 2.94 	1
 2.43 	 3.51 	 2.96 	1
 2.43 	 3.57 	 2.80 	2
 2.43 	 3.62 	 2.57 	2
 2.43 	 3.63 	 2.54 	2
 2.43 	 3.69 	 2.81 	0
 2.43 	 3.76 	 2.55 	2
 2.43 	 3.84 	 2.77 	0
 2.43 	 3.86 	 2.53 	1
 2.43  	 2.90 	 3.61 	1
 2.43  	 3.00	 3.35 	1
 2.43  	 3.23  	 3.15  	2
 2.43  	 3.30 	 3.07 	1
 2.43  	 3.31  	 2.98  	1
 2.43  	 3.39  	 2.97  	0
 2.43  	 3.41 	 3.02  	2
 2.43  	 3.43 	 2.64 	2
 2.43  	 3.47  	 2.85  	2
 2.43  	 3.51  	 2.90  	2
 2.43  	 3.59  	 2.88 	1
 2.44 	 2.82 	 3.71 	1
 2.44 	 2.89 	 3.27 	0
 2.44 	 2.91 	 3.21 	1
 2.44 	 2.91 	 3.31 	2
 2.44 	 2.95  	 3.36 	1
 2.44 	 2.96 	 3.21 	0
 2.44 	 2.98 	 3.40 	2
 2.44 	 2.98 	 3.21 	1
 2.44 	 2.99 	 3.34 	1
 2.44 	 3.00 	 3.40 	0
 2.44 	 3.01 	 3.21 	0
 2.44 	 3.02 	 3.21 	2
 2.44 	 3.02 	 3.19 	0
 2.44 	 3.02 	 3.13 	2
 2.44 	 3.02 	 3.13 	2
 2.44 	 3.02 	 3.21 	0
 2.44 	 3.02 	 3.28 	0
 2.44 	 3.03 	 3.25 	1
 2.44 	 3.04 	 3.00 	1
 2.44 	 3.05 	 3.32 	1
 2.44 	 3.05 	 3.17 	1
 2.44 	 3.06 	 3.25 	1
 2.44 	 3.06 	 3.16 	2
 2.44 	 3.06 	 3.22 	0
 2.44 	 3.08	 3.20 	0
 2.44 	 3.08 	 3.07 	0
 2.44 	 3.08 	 3.04 	1
 2.44 	 3.09 	 3.28 	0
 2.44 	 3.09 	 3.22 	2
 2.44 	 3.11 	 3.13 	2
 2.44 	 3.11 	 3.14 	1
 2.44 	 3.11 	 3.17 	2
 2.44 	 3.11 	 3.09 	1
 2.44 	 3.12 	 3.16 	1
 2.44 	 3.12 	 3.09 	0
 2.44 	 3.13 	 3.09 	2
 2.44 	 3.13 	 3.16 	1
 2.44 	 3.13 	 3.20 	2
 2.44 	 3.15 	 3.27 	1
 2.44 	 3.16 	 3.14 	0
 2.44 	 3.16 	 3.07 	0
 2.44 	 3.16 	 3.15 	1
 2.44 	 3.16 	 3.27 	0
 2.44 	 3.16 	 3.15 	1
 2.44 	 3.17 	 3.15 	1
 2.44 	 3.18 	 3.24  	1
 2.44 	 3.18 	 3.06 	2
 2.44 	 3.18 	 3.13 	0
 2.44 	 3.18 	 3.03 	1
 2.44 	 3.18 	 3.00 	0
 2.44 	 3.19 	 3.18 	0
 2.44 	 3.20 	 3.01 	1
 2.44 	 3.21 	 3.14 	0
 2.44 	 3.21 	 2.98 	0
 2.44 	 3.21 	 2.96 	1
 2.44 	 3.22 	 3.14 	0
 2.44 	 3.22 	 2.91 	2
 2.44 	 3.22 	 2.79 	0
 2.44 	 3.22 	 3.01 	1
 2.44 	 3.23 	 3.16 	2
 2.44 	 3.23 	 2.98 	1
 2.44 	 3.23 	 3.01 	1
 2.44 	 3.23 	 2.93 	1
 2.44 	 3.24 	 3.07 	1
 2.44 	 3.24 	 2.94 	0
 2.44 	 3.25 	 3.04 	0
 2.44 	 3.26 	 3.13 	2
 2.44 	 3.27 	 3.14  	1
 2.44 	 3.27 	 2.93 	1
 2.44 	 3.28 	 3.05 	0
 2.44 	 3.28 	 2.96 	0
 2.44 	 3.29 	 3.07 	2
 2.44 	 3.30 	 3.05 	2
 2.44 	 3.30 	 2.80 	2
 2.44 	 3.30  	 2.99  	1
 2.44 	 3.30  	 2.84 	0
 2.44 	 3.32 	 2.73 	2
 2.44 	 3.32 	 2.89 	1
 2.44 	 3.33 	 3.04 	1
 2.44 	 3.33 	 2.91 	2
 2.44 	 3.34 	 3.00 	1
 2.44 	 3.34 	 2.88  	1
 2.44 	 3.35 	 2.91 	0
 2.44 	 3.36 	 2.86 	0
 2.44 	 3.36  	 2.98 	1
 2.44 	 3.37 	 2.95 	0
 2.44 	 3.37 	 2.67 	2
 2.44 	 3.38 	 2.68 	1
 2.44 	 3.38 	 2.87 	1
 2.44 	 3.38  	 2.79 	2
 2.44 	 3.39 	 3.04 	0
 2.44 	 3.39 	 2.76 	0
 2.44 	 3.40 	 2.99 	2
 2.44 	 3.41 	 2.66 	0
 2.44 	 3.41 	 2.92 	0
 2.44 	 3.41 	 2.77 	2
 2.44 	 3.42 	 2.87  	2
 2.44 	 3.45 	 2.97 	1
 2.44 	 3.45 	 2.61 	0
 2.44 	 3.46 	 2.72 	2
 2.44 	 3.47 	 2.84 	0
 2.44 	 3.47 	 2.74 	0
 2.44 	 3.48 	 2.95 	0
 2.44 	 3.49 	 2.91 	0
 2.44 	 3.50 	 2.77 	2
 2.44 	 3.50 	 2.76 	1
 2.44 	 3.51 	 2.78 	0
 2.44 	 3.53 	 2.75 	0
 2.44 	 3.54 	 2.84  	0
 2.44 	 3.55 	 2.76 	1
 2.44 	 3.56 	 2.58 	2
 2.44 	 3.57 	 2.80 	1
 2.44 	 3.58 	 2.81 	2
 2.44 	 3.62 	 2.78 	2
 2.44 	 3.66 	 2.84 	0
 2.44 	 3.66 	 2.54 	2
 2.44 	 3.7 	 2.72 	2
 2.44 	 3.70 	 2.80 	1
 2.44 	 3.71 	 2.69  	1
 2.44 	 3.72 	 2.65 	0
 2.44 	 3.86 	 2.62 	2
 2.44  	 2.89 	 3.35 	1
 2.44  	 3.39 	 2.94 	0
 2.44  	 3.51 	 2.72 	1
 2.44  	 3.52 	 2.93 	0
 2.44  	 3.58  	 2.84  	2
 2.44  	 3.59  	 2.77  	2
 2.44  	 3.68  	 2.73   	2
 2.44  	 3.86 	  2.73  	1
 2.45	 3.19	 2.76	2
 2.45 	 2.87  	 3.60 	1
 2.45 	 2.94 	 3.25 	0
 2.45 	 2.94 	 3.28 	1
 2.45 	 2.95 	 3.17 	0
 2.45 	 2.97 	 3.42 	1
 2.45 	 2.97 	 3.24 	1
 2.45 	 2.98 	 3.19 	0
 2.45 	 2.98  	 3.43 	2
 2.45 	 2.99 	 3.22 	2
 2.45 	 3.00 	 3.26 	0
 2.45 	 3.00 	 3.30 	2
 2.45 	 3.02 	 3.15 	0
 2.45 	 3.02 	 3.35 	2
 2.45 	 3.03 	 3.24 	0
 2.45 	 3.03 	 3.08 	0
 2.45 	 3.05 	 3.09 	1
 2.45 	 3.06 	 3.13 	0
 2.45 	 3.07 	 3.32 	0
 2.45 	 3.08 	 3.21 	0
 2.45 	 3.09 	 3.18 	2
 2.45 	 3.10 	 3.14 	2
 2.45 	 3.11	 3.18 	2
 2.45 	 3.11 	 3.28 	1
 2.45 	 3.11 	 3.25 	1
 2.45 	 3.12 	 3.15 	1
 2.45 	 3.12 	 3.06 	1
 2.45 	 3.14 	 3.11 	1
 2.45 	 3.15 	 3.03 	0
 2.45 	 3.16 	 3.11 	2
 2.45 	 3.16 	 3.12 	1
 2.45 	 3.17 	 3.00 	0
 2.45 	 3.17 	 2.98 	2
 2.45 	 3.17 	 2.93 	2
 2.45 	 3.19 	 3.15 	0
 2.45 	 3.19  	 3.09 	1
 2.45 	 3.20 	 3.12 	2
 2.45 	 3.20 	 3.01 	1
 2.45 	 3.21 	 3.02 	1
 2.45 	 3.21 	 3.01 	2
 2.45 	 3.22 	 3.10 	1
 2.45 	 3.22 	 3.09 	1
 2.45 	 3.22 	 3.10 	1
 2.45 	 3.22 	 3.02 	2
 2.45 	 3.23 	 3.08 	1
 2.45 	 3.23 	 2.99 	2
 2.45 	 3.24 	 3.16 	1
 2.45 	 3.24 	 2.99 	2
 2.45 	 3.25 	 3.08 	0
 2.45 	 3.25 	 3.12 	2
 2.45 	 3.25 	 2.96 	1
 2.45 	 3.25 	 2.85 	1
 2.45 	 3.25 	 2.92 	1
 2.45 	 3.26 	 2.83 	0
 2.45 	 3.26 	 2.81 	0
 2.45 	 3.26 	 2.98 	2
 2.45 	 3.26 	 2.93 	0
 2.45 	 3.27 	 2.93 	0
 2.45 	 3.27  	 3.02 	0
 2.45 	 3.28 	 3.07 	1
 2.45 	 3.28 	 2.86 	0
 2.45 	 3.29 	 2.99 	2
 2.45 	 3.30 	 3.02 	1
 2.45 	 3.30 	 2.68 	2
 2.45 	 3.31 	 3.03 	0
 2.45 	 3.31 	 3.05 	1
 2.45 	 3.31 	 2.92 	1
 2.45 	 3.32 	 3.04 	0
 2.45 	 3.32 	 2.99 	0
 2.45 	 3.32 	 2.94 	0
 2.45 	 3.33 	 2.68 	1
 2.45 	 3.34 	 2.94 	0
 2.45 	 3.36 	 2.90 	2
 2.45 	 3.36 	 2.78 	1
 2.45 	 3.36 	 2.67 	2
 2.45 	 3.38 	 2.66 	1
 2.45 	 3.39 	 2.93 	1
 2.45 	 3.39 	 2.74 	0
 2.45 	 3.39 	 2.87 	1
 2.45 	 3.40 	 2.76  	2
 2.45 	 3.41 	 2.88 	0
 2.45 	 3.41 	 2.89 	1
 2.45 	 3.41  	 2.96  	1
 2.45 	 3.42 	 2.79 	0
 2.45 	 3.42 	 2.80 	1
 2.45 	 3.44 	 2.63 	0
 2.45 	 3.45 	 2.92 	0
 2.45 	 3.46 	 2.69 	1
 2.45 	 3.47 	 2.66 	2
 2.45 	 3.47 	 2.80 	2
 2.45 	 3.50 	 2.80 	1
 2.45 	 3.50  	 2.96  	2
 2.45 	 3.53 	 2.82 	1
 2.45 	 3.53 	 2.75 	0
 2.45 	 3.54 	 2.74 	2
 2.45 	 3.56 	 2.73 	1
 2.45 	 3.57 	 2.80 	2
 2.45 	 3.58 	 2.88   	0
 2.45 	 3.58 	 2.64 	2
 2.45 	 3.62 	 2.54 	1
 2.45 	 3.78 	 2.78 	1
 2.45 	 32.9 	 2.69 	1
 2.45  	 2.94 	 3.49 	1
 2.45  	 3.37  	 3.02  	2
 2.45  	 3.81  	 2.72  	1
 2.46 	 2.70 	 3.84  	1
 2.46 	 2.94 	 3.29 	1
 2.46 	 2.98 	 3.29 	0
 2.46 	 2.98 	 3.11 	0
 2.46 	 3.00	 3.32 	2
 2.46 	 3.00 	 3.13 	1
 2.46 	 3.00 	 3.14 	0
 2.46 	 3.01 	 3.26 	0
 2.46 	 3.01 	 3.14 	0
 2.46 	 3.01 	 3.11 	1
 2.46 	 3.02 	 3.15 	1
 2.46 	 3.03 	 3.11 	0
 2.46 	 3.03 	 3.22 	2
 2.46 	 3.06  	 3.04 	0
 2.46 	 3.07 	 3.08 	1
 2.46 	 3.08 	 3.18 	0
 2.46 	 3.10 	 3.15 	0
 2.46 	 3.10  	 3.00 	2
 2.46 	 3.11 	 2.85 	2
 2.46 	 3.12 	 3.19 	2
 2.46 	 3.12 	 3.16 	0
 2.46 	 3.13 	 3.08 	0
 2.46 	 3.14 	 3.21 	1
 2.46 	 3.14 	 3.05 	0
 2.46 	 3.15 	 3.07 	2
 2.46 	 3.15 	 3.07 	0
 2.46 	 3.15  	 3.21 	0
 2.46 	 3.16 	 3.04 	2
 2.46 	 3.16 	 3.11 	2
 2.46 	 3.17 	 3.17 	0
 2.46 	 3.17 	 3.02 	0
 2.46 	 3.17 	 3.06 	0
 2.46 	 3.18 	 2.95 	2
 2.46 	 3.19 	 3.17 	2
 2.46 	 3.19 	 3.12 	1
 2.46 	 3.19 	 3.13 	0
 2.46 	 3.20 	 2.93 	1
 2.46 	 3.20 	 2.96 	2
 2.46 	 3.21 	 3.00  	0
 2.46 	 3.21 	 3.13 	2
 2.46 	 3.21 	 3.13 	2
 2.46 	 3.21 	 3.02 	0
 2.46 	 3.21 	 3.04 	1
 2.46 	 3.21 	 2.97 	1
 2.46 	 3.21 	 3.04 	1
 2.46 	 3.22 	 2.99 	2
 2.46 	 3.22 	 3.04  	2
 2.46 	 3.22 	 3.01 	1
 2.46 	 3.22 	 2.96 	0
 2.46 	 3.22 	 3.04 	2
 2.46 	 3.23 	 3.11 	2
 2.46 	 3.23 	 2.99 	0
 2.46 	 3.24 	 3.11 	1
 2.46 	 3.26 	 2.96 	0
 2.46 	 3.26 	 2.94 	0
 2.46 	 3.27  	 2.96 	0
 2.46 	 3.28 	 2.99 	2
 2.46 	 3.28 	 2.79  	2
 2.46 	 3.29 	 2.74 	2
 2.46 	 3.29  	 3.08 	2
 2.46 	 3.30 	 2.79  	1
 2.46 	 3.30  	 2.98 	2
 2.46 	 3.31 	 2.67 	0
 2.46 	 3.31 	 2.97 	1
 2.46 	 3.31 	 3.04 	2
 2.46 	 3.31 	 2.97 	2
 2.46 	 3.32 	 2.96   	2
 2.46 	 3.32 	 2.85 	1
 2.46 	 3.32 	 2.66 	2
 2.46 	 3.33 	 2.97  	0
 2.46 	 3.33 	 2.85 	0
 2.46 	 3.36 	 2.96 	2
 2.46 	 3.36 	 2.85 	1
 2.46 	 3.38 	 2.76 	1
 2.46 	 3.39 	 3.01 	1
 2.46 	 3.40 	 2.96 	2
 2.46 	 3.40 	 2.97 	1
 2.46 	 3.40 	 2.84 	1
 2.46 	 3.41 	 2.98  	0
 2.46 	 3.41 	 2.80 	0
 2.46 	 3.41 	 2.83 	1
 2.46 	 3.42 	 2.98 	0
 2.46 	 3.42 	 2.58 	1
 2.46 	 3.43 	 2.85 	0
 2.46 	 3.44 	 2.92 	0
 2.46 	 3.44 	 2.82 	2
 2.46 	 3.44 	 2.81 	0
 2.46 	 3.44 	 2.82 	1
 2.46 	 3.44  	 2.86  	2
 2.46 	 3.45 	 2.79 	2
 2.46 	 3.46 	 2.80 	1
 2.46 	 3.49 	 2.86 	1
 2.46 	 3.49 	 2.77 	1
 2.46 	 3.50 	 2.94 	0
 2.46 	 3.53 	 2.71 	2
 2.46 	 3.55 	 2.80 	0
 2.46 	 3.56 	 2.83 	1
 2.46 	 3.61 	 2.76 	1
 2.46 	 3.62 	 2.66 	2
 2.46 	 3.63 	 2.84 	0
 2.46 	 3.69 	 2.73 	1
 2.46 	 3.91 	 2.58 	2
 2.46  	 2.88 	 3.53  	0
 2.46  	 2.94 	 3.18 	0
 2.46  	 3.15 	 3.13 	0
 2.46  	 3.16 	 2.90 	2
 2.46  	 3.20 	 3.09 	2
 2.46  	 3.35 	 2.72  	0
 2.46  	 3.55 	 2.86  	1
 2.46  	 3.60  	 2.76  	2
 2.46  	 3.64  	 2.74  	2
 2.46  	 3.70  	 2.68  	1
 2.47 	 2.82 	 3.56 	1
 2.47 	 2.89 	 3.31 	1
 2.47 	 2.90  	 3.27 	1
 2.47 	 2.95 	 3.11 	2
 2.47 	 2.97 	 3.16 	0
 2.47 	 2.97 	 3.30 	0
 2.47 	 2.99 	 3.33 	1
 2.47 	 2.99 	 3.11 	0
 2.47 	 2.99  	 3.20 	1
 2.47 	 3.00	 3.31  	0
 2.47 	 3.00 	 3.13 	2
 2.47 	 3.00 	 3.06 	1
 2.47 	 3.01 	 3.33 	1
 2.47 	 3.01 	 3.11 	0
 2.47 	 3.01 	 3.19 	0
 2.47 	 3.04 	 3.24 	2
 2.47 	 3.04 	 3.14 	1
 2.47 	 3.04 	 3.07 	0
 2.47 	 3.04 	 3.22  	2
 2.47 	 3.06 	 3.04 	1
 2.47 	 3.06 	 3.11 	0
 2.47 	 3.07 	 3.01 	1
 2.47 	 3.08 	 3.11  	1
 2.47 	 3.08 	 3.08 	1
 2.47 	 3.08 	 3.17 	2
 2.47 	 3.09 	 3.14 	1
 2.47 	 3.09 	 3.12 	0
 2.47 	 3.10 	 3.13 	0
 2.47 	 3.10 	 3.12 	2
 2.47 	 3.10  	 3.17 	2
 2.47 	 3.14 	 2.94 	1
 2.47 	 3.14 	 3.05 	0
 2.47 	 3.15 	 3.18 	0
 2.47 	 3.15 	 3.08 	1
 2.47 	 3.16 	 3.07 	0
 2.47 	 3.16 	 2.77 	1
 2.47 	 3.16 	 3.02 	1
 2.47 	 3.16 	 3.01 	2
 2.47 	 3.16 	 3.06 	0
 2.47 	 3.18 	 3.02 	2
 2.47 	 3.18 	 2.95 	2
 2.47 	 3.19 	 2.89 	0
 2.47 	 3.20 	 2.98 	1
 2.47 	 3.20 	 2.98 	1
 2.47 	 3.20 	 2.90 	2
 2.47 	 3.21 	 2.96 	2
 2.47 	 3.21 	 3.04 	1
 2.47 	 3.21 	 3.05 	1
 2.47 	 3.22 	 3.06 	1
 2.47 	 3.23 	 2.94 	1
 2.47 	 3.23 	 2.81 	1
 2.47 	 3.24 	 3.04 	1
 2.47 	 3.25 	 3.01 	2
 2.47 	 3.25 	 3.09 	2
 2.47 	 3.25 	 2.95 	1
 2.47 	 3.26 	 2.97 	2
 2.47 	 3.26 	 2.99 	1
 2.47 	 3.27 	 2.99 	1
 2.47 	 3.27   	 2.78 	2
 2.47 	 3.28 	 2.97 	2
 2.47 	 3.28 	 2.94 	1
 2.47 	 3.3 	 2.60 	1
 2.47 	 3.30 	 2.86 	1
 2.47 	 3.31 	 2.84 	1
 2.47 	 3.32 	 3.05 	0
 2.47 	 3.33 	 2.74 	1
 2.47 	 3.33 	 2.85 	1
 2.47 	 3.35 	 2.92 	2
 2.47 	 3.35 	 2.62 	0
 2.47 	 3.37 	 2.93 	0
 2.47 	 3.39 	 3.00 	1
 2.47 	 3.39 	 2.76 	0
 2.47 	 3.40 	 2.67 	2
 2.47 	 3.40 	 2.60 	2
 2.47 	 3.40 	 2.79 	1
 2.47 	 3.42 	 2.82 	0
 2.47 	 3.42 	 2.69 	0
 2.47 	 3.43 	 2.86 	1
 2.47 	 3.44 	 2.77 	2
 2.47 	 3.44 	 2.86 	2
 2.47 	 3.45 	 2.90 	1
 2.47 	 3.45 	 2.59 	1
 2.47 	 3.47 	 2.76 	0
 2.47 	 3.48 	 2.77 	1
 2.47 	 3.49 	 2.72 	2
 2.47 	 3.49 	 2.81 	2
 2.47 	 3.49 	 2.74 	2
 2.47 	 3.49 	 2.75 	0
 2.47 	 3.50 	 2.57 	2
 2.47 	 3.51 	 2.77 	2
 2.47 	 3.53 	 2.85 	1
 2.47 	 3.57 	 2.70 	0
 2.47 	 3.58 	 2.83 	1
 2.47 	 3.58 	 2.77 	2
 2.47 	 3.59 	 2.73  	0
 2.47 	 3.59 	 2.79 	1
 2.47 	 3.65 	 2.80 	1
 2.47 	 3.65 	 2.73 	1
 2.47 	 3.67 	 2.77 	1
 2.47 	 3.68  	 2.82 	1
 2.47 	 3.76 	 2.64 	2
 2.47  	 2.85  	 3.55 	1
 2.47  	 3.08 	 3.08 	1
 2.47  	 3.12 	 3.12 	0
 2.47  	 3.18 	 3.12  	0
 2.47  	 3.19 	 2.95 	0
 2.47  	 3.22 	 2.93  	1
 2.47  	 3.28 	 2.75 	1
 2.47  	 3.38  	 2.90  	1
 2.47  	 3.41  	 2.91  	0
 2.47  	 3.48  	 2.84  	1
 2.48 	 2.91 	 3.23 	0
 2.48 	 2.92  	 3.41 	1
 2.48 	 2.95 	 3.18 	0
 2.48 	 2.96 	 3.17 	2
 2.48 	 2.97 	 3.34 	0
 2.48 	 2.97 	 3.16 	1
 2.48 	 3.01 	 3.16 	1
 2.48 	 3.03 	 3.14 	1
 2.48 	 3.03 	 3.18 	1
 2.48 	 3.03 	 3.18 	1
 2.48 	 3.03 	 3.25 	1
 2.48 	 3.04 	 3.07 	1
 2.48 	 3.05 	 3.18 	1
 2.48 	 3.06 	 3.05 	0
 2.48 	 3.07 	 3.02 	1
 2.48 	 3.09 	 2.95 	2
 2.48 	 3.10 	 3.10 	2
 2.48 	 3.10 	 3.15 	2
 2.48 	 3.11 	 2.94 	2
 2.48 	 3.13 	 3.10 	0
 2.48 	 3.13 	 3.10 	0
 2.48 	 3.14 	 3.18 	1
 2.48 	 3.15 	 3.18 	0
 2.48 	 3.15 	 3.07 	1
 2.48 	 3.15 	 3.07 	1
 2.48 	 3.15 	 3.05 	1
 2.48 	 3.15  	 3.20 	1
 2.48 	 3.16 	 2.78 	0
 2.48 	 3.16 	 2.77 	1
 2.48 	 3.16 	 2.98 	1
 2.48 	 3.16 	 3.02 	0
 2.48 	 3.17 	 3.11 	0
 2.48 	 3.17 	 3.03 	1
 2.48 	 3.17 	 3.06 	2
 2.48 	 3.18 	 3.06 	2
 2.48 	 3.18 	 2.98 	1
 2.48 	 3.19 	 3.11 	0
 2.48 	 3.19 	 2.95 	0
 2.48 	 3.20 	 3.09 	2
 2.48 	 3.20 	 2.95 	0
 2.48 	 3.20 	 3.03 	1
 2.48 	 3.21 	 3.05 	0
 2.48 	 3.21 	 3.02 	2
 2.48 	 3.22 	 3.11	0
 2.48 	 3.22  	 2.89 	1
 2.48 	 3.23 	 2.70 	0
 2.48 	 3.25 	 3.06 	0
 2.48 	 3.25 	 2.96 	1
 2.48 	 3.26 	 3.05 	0
 2.48 	 3.26 	 2.90 	0
 2.48 	 3.27 	 2.91 	2
 2.48 	 3.28 	 3.00	0
 2.48 	 3.28 	 2.93 	1
 2.48 	 3.29 	 2.97 	2
 2.48 	 3.29 	 2.96 	2
 2.48 	 3.29 	 2.96 	0
 2.48 	 3.29 	 2.78 	2
 2.48 	 3.30 	 2.88 	2
 2.48 	 3.32 	 3.04 	1
 2.48 	 3.32 	 2.87 	1
 2.48 	 3.33 	 2.87 	2
 2.48 	 3.33 	 2.98  	0
 2.48 	 3.33 	 2.74  	1
 2.48 	 3.34 	 2.88 	1
 2.48 	 3.34 	 2.92 	0
 2.48 	 3.34 	 2.90 	2
 2.48 	 3.34 	 2.86 	2
 2.48 	 3.35 	 2.93 	2
 2.48 	 3.35 	 2.75 	2
 2.48 	 3.36 	 2.91 	0
 2.48 	 3.36 	 2.94 	2
 2.48 	 3.37 	 2.82 	0
 2.48 	 3.38 	 2.86 	1
 2.48 	 3.38 	 2.88 	0
 2.48 	 3.39 	 2.92 	2
 2.48 	 3.39 	 2.88 	1
 2.48 	 3.39 	 2.79 	0
 2.48 	 3.39  	 2.84 	0
 2.48 	 3.42 	 2.86 	2
 2.48 	 3.42 	 2.85 	2
 2.48 	 3.42 	 2.70 	1
 2.48 	 3.43 	 2.82 	0
 2.48 	 3.43 	 2.83 	0
 2.48 	 3.43 	 2.67 	2
 2.48 	 3.43 	 2.79 	0
 2.48 	 3.43 	 2.78 	2
 2.48 	 3.45 	 2.86 	0
 2.48 	 3.46 	 2.72  	2
 2.48 	 3.47 	 2.81 	1
 2.48 	 3.51 	 2.72 	0
 2.48 	 3.52 	 2.70 	2
 2.48 	 3.52 	 2.81 	0
 2.48 	 3.53 	 2.68 	1
 2.48 	 3.57 	 2.81 	0
 2.48 	 3.57 	 2.80 	2
 2.48 	 3.58 	 2.73  	2
 2.48 	 3.63 	 2.72 	1
 2.48 	 3.67 	 2.64 	1
 2.48 	 3.68  	 2.59 	0
 2.48 	 3.70 	 2.70 	2
 2.48 	 3.99 	 2.54 	0
 2.48  	 3.21  	 3.14   	1
 2.48  	 3.32  	 2.93   	1
 2.48  	 3.41  	 2.85  	1
 2.48  	 3.45  	 2.84  	2
 2.48  	 3.78  	 2.68  	2
 2.48   	 3.33 	 2.96  	0
 2.49 	 2.94 	 3.20 	0
 2.49 	 2.98 	 3.05 	0
 2.49 	 2.99 	 3.08 	1
 2.49 	 3.00 	 3.07 	2
 2.49 	 3.03 	 3.26 	2
 2.49 	 3.03 	 3.08 	2
 2.49 	 3.03 	 3.21 	0
 2.49 	 3.04 	 3.03 	0
 2.49 	 3.05 	 3.19 	2
 2.49 	 3.05 	 3.06 	2
 2.49 	 3.05  	 3.14 	2
 2.49 	 3.06 	 3.13 	0
 2.49 	 3.07 	 3.25 	2
 2.49 	 3.08 	 3.17 	2
 2.49 	 3.08 	 2.95 	1
 2.49 	 3.09 	 3.00 	1
 2.49 	 3.09 	 3.09 	1
 2.49 	 3.09 	 2.93 	0
 2.49 	 3.10 	 3.03 	2
 2.49 	 3.13 	 3.17 	0
 2.49 	 3.13 	 3.18  	2
 2.49 	 3.13 	 2.92 	1
 2.49 	 3.14 	 2.97 	0
 2.49 	 3.14 	 2.96 	0
 2.49 	 3.16 	 2.99 	1
 2.49 	 3.17 	 3.05 	1
 2.49 	 3.17 	 2.97 	1
 2.49 	 3.18 	 3.11 	1
 2.49 	 3.18 	 3.04 	1
 2.49 	 3.18 	 3.01 	1
 2.49 	 3.18 	 2.94 	2
 2.49 	 3.18 	 2.95 	1
 2.49 	 3.19 	 3.03 	0
 2.49 	 3.19 	 2.98 	2
 2.49 	 3.20 	 2.97 	1
 2.49 	 3.21 	 2.83  	2
 2.49 	 3.22 	 2.96 	1
 2.49 	 3.22 	 2.96 	1
 2.49 	 3.23 	 3.08 	0
 2.49 	 3.23 	 2.90 	2
 2.49 	 3.23 	 2.97 	2
 2.49 	 3.23 	 2.98 	0
 2.49 	 3.24 	 2.92 	2
 2.49 	 3.24 	 2.94 	1
 2.49 	 3.24  	 3.01 	1
 2.49 	 3.26 	 2.98 	1
 2.49 	 3.26 	 2.89 	2
 2.49 	 3.26 	 2.95 	1
 2.49 	 3.27 	 2.97 	0
 2.49 	 3.28 	 3.02	2
 2.49 	 3.28 	 2.99 	1
 2.49 	 3.28 	 2.87  	0
 2.49 	 3.29 	 2.75 	1
 2.49 	 3.29 	 2.94 	0
 2.49 	 3.29 	 2.79 	2
 2.49 	 3.29  	 3.05 	0
 2.49 	 3.30 	 2.70 	2
 2.49 	 3.31 	 2.88 	0
 2.49 	 3.31 	 2.65 	2
 2.49 	 3.31  	 3.02 	2
 2.49 	 3.32 	 2.94  	0
 2.49 	 3.32 	 2.95 	2
 2.49 	 3.32 	 2.74 	1
 2.49 	 3.34 	 2.83 	1
 2.49 	 3.35 	 2.86 	1
 2.49 	 3.36 	 2.86 	2
 2.49 	 3.36 	 2.83 	1
 2.49 	 3.37 	 2.85 	1
 2.49 	 3.37 	 2.86 	2
 2.49 	 3.37 	 2.83 	2
 2.49 	 3.38 	 2.80 	1
 2.49 	 3.39 	 2.94 	0
 2.49 	 3.39 	 2.59 	2
 2.49 	 3.40 	 2.70 	1
 2.49 	 3.42 	 2.87 	2
 2.49 	 3.43 	 2.81 	2
 2.49 	 3.43 	 2.81 	1
 2.49 	 3.44 	 2.90 	2
 2.49 	 3.44 	 2.57 	2
 2.49 	 3.44 	 2.73 	2
 2.49 	 3.45 	 2.89  	1
 2.49 	 3.46 	 2.72 	1
 2.49 	 3.48  	 2.82 	1
 2.49 	 3.49 	 2.87 	2
 2.49 	 3.49 	 2.76 	1
 2.49 	 3.49 	 2.73 	0
 2.49 	 3.50 	 2.76 	2
 2.49 	 3.50 	 2.55 	1
 2.49 	 3.51 	 2.76 	1
 2.49 	 3.51 	 2.77 	2
 2.49 	 3.53 	 2.69 	2
 2.49 	 3.54 	 2.48 	0
 2.49 	 3.54 	 2.55 	2
 2.49 	 3.60 	 2.65 	0
 2.49 	 3.60 	 2.66 	2
 2.49 	 3.60 	 2.70 	0
 2.49 	 3.62 	 2.63 	1
 2.49 	 3.62 	 2.72 	2
 2.49 	 3.64 	 2.62 	2
 2.49 	 3.70 	 2.65 	2
 2.49 	 3.72 	 2.58 	2
 2.49 	 3.81 	 2.57 	0
 2.49  	 2.93 	 3.22 	0
 2.49  	 3.05 	 3.16 	1
 2.49  	 3.18 	 3.07 	2
 2.49  	 3.33 	 2.82 	2
 2.49  	 3.39  	 2.91  	2
 2.49  	 3.43  	 2.91  	2
 2.49  	 3.52  	 2.78  	0
 2.49  	 3.68  	 2.68  	2
 2.50 	  3.00 	 3.21 	0
 2.50 	 2.86 	 3.22 	1
 2.50 	 2.91 	 3.19 	1
 2.50 	 2.95 	 3.15 	0
 2.50 	 2.97 	 3.33 	1
 2.50 	 2.98 	 3.11 	1
 2.50 	 2.98 	 3.11 	2
 2.50 	 2.98  	 3.32 	2
 2.50 	 3.08 	 3.23 	1
 2.50 	 3.08 	 3.02 	0
 2.50 	 3.09 	 2.98 	0
 2.50 	 3.09 	 3.11 	0
 2.50 	 3.10 	 3.03 	0
 2.50 	 3.11 	 3.14 	1
 2.50 	 3.11 	 3.02 	1
 2.50 	 3.12 	 3.18 	0
 2.50 	 3.12 	 2.95 	0
 2.50 	 3.13 	 3.09 	2
 2.50 	 3.15 	 3.12 	0
 2.50 	 3.15 	 2.93 	2
 2.50 	 3.15 	 3.03 	1
 2.50 	 3.16 	 3.14 	0
 2.50 	 3.16 	 3.02 	2
 2.50 	 3.16 	 2.96  	2
 2.50 	 3.17 	 2.96 	1
 2.50 	 3.17 	 3.04 	2
 2.50 	 3.17 	 3.09 	1
 2.50 	 3.19 	 2.96 	0
 2.50 	 3.19 	 3.00 	2
 2.50 	 3.19 	 3.02 	2
 2.50 	 3.20 	 2.97 	0
 2.50 	 3.21 	 2.95 	0
 2.50 	 3.21 	 2.91 	2
 2.50 	 3.21 	 3.00 	2
 2.50 	 3.21 	 2.92 	2
 2.50 	 3.22 	 2.96 	2
 2.50 	 3.22 	 3.00 	1
 2.50 	 3.23 	 2.82 	1
 2.50 	 3.26 	 2.80 	1
 2.50 	 3.28 	 2.89 	2
 2.50 	 3.29 	 2.87 	1
 2.50 	 3.30 	 2.99 	1
 2.50 	 3.30 	 2.88 	1
 2.50 	 3.31 	 2.91  	2
 2.50 	 3.31 	 2.83 	0
 2.50 	 3.33 	 2.84 	1
 2.50 	 3.34 	 2.71  	1
 2.50 	 3.35 	 2.85 	2
 2.50 	 3.35 	 2.85 	1
 2.50 	 3.36 	 2.94 	1
 2.50 	 3.36 	 2.88 	1
 2.50 	 3.36 	 2.62 	2
 2.50 	 3.36 	 2.61 	2
 2.50 	 3.36 	 2.82 	1
 2.50 	 3.36 	 2.76 	2
 2.50 	 3.37 	 2.58 	2
 2.50 	 3.37  	 2.95 	0
 2.50 	 3.39 	 2.80  	0
 2.50 	 3.39 	 2.60 	0
 2.50 	 3.39 	 2.76 	1
 2.50 	 3.40 	 2.89 	0
 2.50 	 3.40 	 2.91 	2
 2.50 	 3.40 	 2.92 	1
 2.50 	 3.42 	 2.93 	2
 2.50 	 3.42 	 2.81 	1
 2.50 	 3.42 	 2.78 	2
 2.50 	 3.42 	 2.77 	2
 2.50 	 3.42 	 2.77 	2
 2.50 	 3.42 	 2.77 	1
 2.50 	 3.45 	 2.65 	1
 2.50 	 3.47 	 2.75 	2
 2.50 	 3.48 	 2.76 	2
 2.50 	 3.48  	 2.64 	0
 2.50 	 3.49 	 2.72 	1
 2.50 	 3.49 	 2.58 	2
 2.50 	 3.50 	 2.54 	1
 2.50 	 3.50 	 2.65 	2
 2.50 	 3.53 	 2.61 	1
 2.50 	 3.54 	 2.58 	2
 2.50 	 3.55 	 2.80 	1
 2.50 	 3.55 	 2.60 	0
 2.50 	 3.63 	 2.47 	2
 2.50 	 3.66 	 2.64 	1
 2.50 	 3.67 	 2.68 	1
 2.50 	 3.69 	 2.65 	1
 2.50 	 3.69 	 2.50 	0
 2.50 	 3.72 	 2.64 	1
 2.50 	 3.77 	 2.64 	1
 2.50 	 4.15 	 2.53 	1
 2.50  	 3.11 	 3.12 	2
 2.50  	 3.12 	 2.97 	2
 2.50  	 3.33 	 2.95  	1
 2.50   	 3.80 	 2.72 	2
 2.51 	 2.84 	 3.25 	2
 2.51 	 2.85  	 3.53  	0
 2.51 	 2.94 	 3.29  	1
 2.51 	 3.00 	 3.02 	1
 2.51 	 3.00 	 3.19 	0
 2.51 	 3.02 	 3.25 	2
 2.51 	 3.03 	 3.19 	0
 2.51 	 3.03 	 3.04 	1
 2.51 	 3.04 	 3.17 	2
 2.51 	 3.04 	 3.17 	2
 2.51 	 3.06 	 2.91 	2
 2.51 	 3.07 	 3.13 	1
 2.51 	 3.11 	 2.99 	1
 2.51 	 3.12 	 2.93 	1
 2.51 	 3.14  	 3.14  	0
 2.51 	 3.15 	 2.90 	2
 2.51 	 3.16 	 3.16 	1
 2.51 	 3.16 	 2.93 	2
 2.51 	 3.17 	 3.05 	1
 2.51 	 3.17 	 3.01 	2
 2.51 	 3.18 	 3.96 	1
 2.51 	 3.19 	 3.02 	0
 2.51 	 3.20 	 2.95 	1
 2.51 	 3.21 	 2.89 	1
 2.51 	 3.21 	 2.72 	1
 2.51 	 3.21  	 3.03 	0
 2.51 	 3.22 	 2.97 	0
 2.51 	 3.23 	 2.92 	2
 2.51 	 3.24 	 3.02 	2
 2.51 	 3.24 	 3.00 	1
 2.51 	 3.25 	 2.79  	1
 2.51 	 3.26 	 3.02 	0
 2.51 	 3.26 	 2.81 	2
 2.51 	 3.28 	 2.73 	2
 2.51 	 3.28 	 2.98 	2
 2.51 	 3.28 	 2.91 	0
 2.51 	 3.28 	 2.83 	1
 2.51 	 3.28 	 2.82 	1
 2.51 	 3.29 	 2.79 	1
 2.51 	 3.30 	 2.76 	2
 2.51 	 3.31 	 2.91 	1
 2.51 	 3.31 	 2.86 	2
